customer_id,age,gender,signup_date,contract_type,internet_service,payment_method,tenure_months,monthly_charges,total_charges,num_services,support_tickets,late_payments,satisfaction_score,last_login_days,city,churn
CUST100877,35.0,Female,2025-02-26,Month-to-month,No internet,Credit card,10,67.42,717.36,4,0,2,8.0,43.0,Chennai,Yes
CUST104885,34.0,Male,2025-08-20,One year,DSL,Bank transfer,4,44.08,166.14,4,0,0,9.0,2.0,Pune,No
CUST102484,37.0,Female,2021-08-25,One year,DSL,Bank transfer,52,32.9,1772.94,3,2,0,9.0,22.0,Mumbai,No
CUST102288,50.0,Male,2022-10-09,One year,Fiber optic,Electronic check,39,,2136.76,1,0,2,8.0,18.0,Mumbai,No
CUST100811,31.0,Male,2025-09-28,Month-to-month,DSL,Mailed check,3,58.23,193.64,4,1,3,6.0,35.0,Bengaluru,No
CUST100248,73.0,Male,2023-10-10,Month-to-month,DSL,Bank transfer,27,46.98,1198.45,2,3,2,8.0,9.0,Delhi,No
CUST103298,33.0,Male,2024-08-14,Two year,Fiber optic,Electronic check,17,60.26,1040.03,3,0,3,6.0,13.0,Delhi,No
CUST100106,27.0,Male,2022-03-12,One year,No internet,Mailed check,46,60.59,2837.41,6,0,1,9.0,29.0,Bengaluru,No
CUST100279,41.0,Female,2025-02-15,Month-to-month,DSL,Electronic check,11,74.28,812.64,7,3,1,7.0,23.0,Pune,Yes
CUST101281,18.0,Male,2024-05-20,One year,Fiber optic,Electronic check,19,95.69,1936.62,7,2,3,6.0,10.0,Hyderabad,No
CUST102822,46.0,Female,2022-01-13,Month-to-month,DSL,Credit card,48,60.62,2593.73,5,2,2,10.0,64.0,Pune,No
CUST104159,43.0,Female,2025-03-15,One year,DSL,Credit card,10,38.38,376.35,3,3,2,6.0,11.0,Chennai,Yes
CUST100642,63.0,Female,2021-01-05,Month-to-month,Fiber optic,Electronic check,60,86.39,5728.28,8,0,0,9.0,7.0,Chennai,No
CUST103970,19.0,Female,2021-05-07,One year,Fiber optic,Electronic check,56,73.53,4115.39,5,2,0,9.0,20.0,Chennai,No
CUST100333,26.0,Female,2025-05-25,Two year,No internet,Credit card,7,51.36,361.49,6,3,2,5.0,20.0,Chennai,No
CUST103064,35.0,Female,2022-01-24,Month-to-month,Fiber optic,Credit card,47,56.2,2277.36,3,2,1,6.0,13.0,Chennai,No
CUST100501,49.0,Female,2021-02-05,Month-to-month,DSL,Electronic check,59,28.93,1696.61,2,1,0,7.0,19.0,Mumbai,No
CUST102092,40.0,Female,2021-03-05,Month-to-month,Fiber optic,Bank transfer,58,94.81,5287.37,7,2,1,7.0,24.0,Pune,No
CUST103253,50.0,Female,2021-10-02,Two year,DSL,Credit card,51,30.48,1503.66,3,2,0,8.0,10.0,Pune,No
CUST101477,21.0,Male,2023-06-07,Two year,Fiber optic,Bank transfer,31,68.71,2456.2,3,2,2,,15.0,Mumbai,No
CUST104449,38.0,Male,2023-01-26,Two year,Fiber optic,Electronic check,35,85.61,3001.87,6,2,1,7.0,35.0,Mumbai,No
CUST102547,62.0,Female,2025-04-17,Month-to-month,DSL,Electronic check,9,60.36,545.74,6,1,1,7.0,13.0,Chennai,No
CUST102841,51.0,Female,2021-03-31,One year,DSL,Electronic check,57,42.69,2336.07,4,3,1,6.0,6.0,Delhi,No
CUST101158,18.0,Male,2021-01-12,One year,Fiber optic,Credit card,60,52.53,3516.32,2,0,1,7.0,19.0,Delhi,No
CUST104668,60.0,,2025-08-10,Month-to-month,No internet,Electronic check,5,42.0,221.19,3,1,2,7.0,21.0,Chennai,Yes
CUST100859,46.0,Male,2025-07-23,Month-to-month,DSL,Electronic check,5,53.17,275.19,4,2,1,7.0,34.0,Mumbai,No
CUST102686,18.0,Male,2024-05-12,Two year,Fiber optic,Bank transfer,20,68.56,1434.11,5,2,4,7.0,13.0,Chennai,No
CUST104479,43.0,Female,2021-04-04,Month-to-month,DSL,Electronic check,57,50.33,2797.88,4,4,3,6.0,11.0,Bengaluru,No
CUST103570,47.0,Male,2022-02-02,Month-to-month,DSL,Mailed check,47,66.79,2707.19,5,2,0,8.0,21.0,Mumbai,No
CUST101335,60.0,Male,2021-02-24,Month-to-month,Fiber optic,Credit card,58,36.12,2044.88,1,2,1,6.0,13.0,Mumbai,No
CUST103686,23.0, female ,2023-06-08,Month-to-month,Fiber optic,Bank transfer,31,,1782.01,3,4,1,4.0,15.0,Hyderabad,No
CUST102445,69.0,Male,2021-12-19,One year,DSL,Credit card,48,31.73,1642.63,3,0,0,6.0,25.0,Bengaluru,No
CUST102536,28.0,Female,2023-03-24,Month-to-month,DSL,Electronic check,33,72.39,2489.11,7,2,0,8.0,20.0,Pune,No
CUST102083,40.0,Female,2022-03-27,Month-to-month,Fiber optic,Mailed check,45,39.59,1817.18,1,2,0,9.0,9.0,Pune,No
CUST101807,38.0,Male,2022-03-13,Month-to-month,Fiber optic,Mailed check,46,59.57,2643.64,2,3,1,6.0,36.0,Hyderabad,Yes
CUST102584,44.0,Male,2021-11-25,One year,DSL,Electronic check,49,31.83,1692.66,4,2,2,7.0,26.0,Chennai,No
CUST103630,47.0,Male,2021-11-11,One year,DSL,Electronic check,50,53.05,2752.76,3,2,1,7.0,8.0,Chennai,No
CUST104119,29.0,Male,2022-07-02,One year,Fiber optic,Credit card,42,56.24,2032.34,2,1,3,4.0,8.0,Delhi,No
CUST100296,42.0,Female,2023-11-23,Two year,Fiber optic,Electronic check,25,72.65,1734.28,4,1,2,8.0,20.0,Mumbai,No
CUST102100,41.0, female ,2022-08-30,Month-to-month,DSL,Electronic check,40,47.32,1681.43,2,3,2,5.0,11.0,Hyderabad,No
CUST101784,46.0,Female,2024-11-08,Two year,DSL,Electronic check,14,50.95,729.57,5,0,5,9.0,19.0,Mumbai,No
CUST102394,27.0,Female,2021-12-02,Two year,Fiber optic,Credit card,49,63.68,2658.99,6,3,1,7.0,18.0,Chennai,No
CUST100393,44.0,Male,2023-07-06,Month-to-month,Fiber optic,Electronic check,30,98.44,3093.56,7,2,1,6.0,10.0,Delhi,No
CUST101569,19.0,Male,2021-04-30,Month-to-month,No internet,Bank transfer,56,69.14,3976.07,7,2,1,7.0,16.0,Hyderabad,No
CUST100681,46.0,Female,2024-04-06,Two year,Fiber optic,Electronic check,21,64.02,1420.56,4,1,1,5.0,17.0,Mumbai,No
CUST102722,18.0,Female,2022-11-18,Month-to-month,Fiber optic,Electronic check,37,74.2,2827.64,5,2,0,7.0,19.0,Pune,No
CUST102357,42.0,Male,2024-03-01,Two year,DSL,Credit card,22,74.31,1621.34,5,3,3,5.0,21.0,Mumbai,No
CUST103924,38.0,Male,2021-01-09,Month-to-month,Fiber optic,Credit card,60,72.89,4263.43,4,2,1,9.0,13.0,Chennai,No
CUST102329,50.0,Male,2022-05-28,One year,DSL,Electronic check,43,53.24,2001.9,5,5,0,5.0,21.0,Hyderabad,No
CUST103347,40.0,Female,2024-04-19,Month-to-month,Fiber optic,Electronic check,20,66.57,1252.38,5,2,4,6.0,13.0,Delhi,No
CUST102895,23.0,Female,2023-03-07,One year,Fiber optic,Mailed check,34,66.06,2161.9,5,1,1,9.0,30.0,Delhi,No
CUST100079,34.0,Male,2021-09-21,Month-to-month,DSL,Electronic check,51,45.13,2314.03,4,1,1,7.0,6.0,Delhi,No
CUST100742,26.0,Female,2022-05-29,Two year,DSL,Mailed check,43,45.09,2093.95,4,2,2,7.0,10.0,Mumbai,No
CUST102653,28.0,Female,2022-04-06,One year,DSL,Electronic check,45,55.82,2757.75,4,1,1,7.0,16.0,Hyderabad,No
CUST100199,36.0,Male,2024-12-16,Month-to-month,DSL,Electronic check,13,46.91,564.51,4,3,0,6.0,9.0,Chennai,Yes
CUST104543,26.0,Male,2024-10-06,One year,Fiber optic,Electronic check,15,70.62,943.03,4,0,2,8.0,3.0,Pune,No
CUST102413,21.0,Male,2021-03-21,Two year,DSL,Electronic check,57,37.5,2455.64,3,3,1,6.0,16.0,Hyderabad,No
CUST100429,43.0,Male,2025-08-04,Month-to-month,No internet,Credit card,5,55.33,265.32,3,0,0,8.0,18.0,Pune,No
CUST103558,45.0,Female,2023-07-09,Two year,DSL,Bank transfer,30,56.21,1846.44,4,2,4,7.0,37.0,Delhi,No
CUST104851,36.0,Female,2025-03-07,One year,Fiber optic,Bank transfer,10,61.53,618.76,4,1,2,8.0,15.0,Pune,No
CUST100179,41.0,Female,2021-01-17,Two year,DSL,Electronic check,59,35.95,2255.85,3,2,0,7.0,,Hyderabad,No
CUST100065,48.0,Male,2022-09-05,One year,Fiber optic,Credit card,40,49.85,1924.37,2,1,1,9.0,7.0,Hyderabad,Yes
CUST104281,18.0,Female,2023-04-24,Month-to-month,DSL,Electronic check,32,40.6,1277.16,3,1,1,8.0,18.0,Mumbai,Yes
CUST104858,32.0,Male,2022-10-22,One year,DSL,Electronic check,38,34.52,1223.58,2,0,3,5.0,,Pune,No
CUST100764,42.0,Male,2024-11-17,Month-to-month,Fiber optic,Electronic check,13,44.57,627.83,2,1,0,7.0,39.0,Chennai,Yes
CUST102589,45.0,Male,2024-09-11,One year,No internet,Electronic check,16,33.61,486.9,2,2,1,6.0,7.0,Mumbai,Yes
CUST103049,55.0,Female,2021-11-23,One year,DSL,Electronic check,49,62.58,3310.23,6,1,4,8.0,24.0,Hyderabad,No
CUST104322,20.0,Male,2024-04-17,Two year,DSL,Credit card,20,41.76,888.36,3,1,0,7.0,12.0,Bengaluru,No
CUST100881,,Female,2023-07-23,One year,DSL,Electronic check,29,49.39,1547.36,4,1,0,8.0,6.0,Delhi,No
CUST101168,33.0,Female,2021-01-21,One year,No internet,Electronic check,59,19.45,1124.25,1,1,1,7.0,43.0,Bengaluru,No
CUST104506,47.0,Male,2024-03-14,One year,Fiber optic,Electronic check,22,72.29,1574.49,5,3,2,5.0,15.0,Mumbai,Yes
CUST103040,53.0,Female,2023-06-23,One year,Fiber optic,Bank transfer,30,73.4,2147.88,6,1,2,,27.0,Pune,No
CUST102170,28.0,Male,2021-01-08,One year,DSL,Bank transfer,60,62.78,3660.8,6,1,0,8.0,8.0,Mumbai,No
CUST103737,57.0,Male,2024-04-15,Month-to-month,Fiber optic,Bank transfer,21,101.78,2322.46,7,0,3,6.0,7.0,Delhi,No
CUST101912,45.0,Male,2025-02-28,Month-to-month,DSL,Mailed check,10,28.62,302.5,1,1,1,8.0,39.0,Hyderabad,No
CUST100029,43.0,Female,2022-01-14,Month-to-month,Fiber optic,Bank transfer,48,89.28,4843.16,6,4,1,4.0,24.0,Delhi,No
CUST100584,47.0,Male,2024-05-11,Month-to-month,Fiber optic,Credit card,20,70.66,1363.66,4,1,2,9.0,27.0,Chennai,No
CUST100472,35.0,Male,2022-07-22,One year,Fiber optic,Credit card,41,71.47,3300.73,4,1,2,9.0,17.0,Hyderabad,No
CUST100491,42.0,Male,2024-11-26,Month-to-month,DSL,Bank transfer,13,43.09,567.92,1,2,1,10.0,15.0,Hyderabad,No
CUST102974,39.0,Female,2024-12-05,Month-to-month,DSL,Electronic check,13,38.04,503.27,3,0,0,7.0,4.0,Chennai,No
CUST102121,39.0,Female,2021-02-01,One year,Fiber optic,Bank transfer,59,91.29,4483.89,6,3,0,8.0,6.0,Chennai,No
CUST102877,32.0,Male,2023-12-04,Month-to-month,Fiber optic,Credit card,25,68.9,2013.66,1,2,1,7.0,18.0,Mumbai,No
CUST100553,62.0,Female,2022-12-15,Month-to-month,Fiber optic,Credit card,37,66.18,2334.2,5,1,0,7.0,22.0,Mumbai,No
CUST100798,50.0,Male,2022-06-02,Month-to-month,Fiber optic,Bank transfer,43,49.57,1915.84,3,2,1,9.0,10.0,Chennai,No
CUST101170,24.0,Female,2023-11-12,Two year,No internet,Electronic check,26,81.22,2304.81,7,4,1,5.0,23.0,Chennai,No
CUST100724,27.0,Female,2025-03-01,Two year,Fiber optic,Mailed check,10,70.18,683.22,3,0,1,8.0,5.0,Chennai,No
CUST102487,48.0,Male,2024-02-04,Month-to-month,DSL,Credit card,23,47.25,1129.01,3,1,2,,17.0,Pune,No
CUST101212,36.0,Male,2021-05-17,Two year,DSL,Electronic check,56,39.11,2066.68,2,1,3,7.0,22.0,Pune,No
CUST101433,18.0,Male,2024-07-04,Month-to-month,Fiber optic,Mailed check,18,51.03,886.91,3,2,2,,22.0,Chennai,No
CUST103197,36.0,Male,2025-11-06,Month-to-month,DSL,Electronic check,2,40.8,84.93,4,2,2,7.0,13.0,Mumbai,Yes
CUST101181,48.0,Female,2023-02-22,Month-to-month,Fiber optic,Credit card,34,49.3,1772.94,2,1,3,7.0,15.0,Delhi,No
CUST100023,36.0,Male,2023-05-21,Month-to-month,Fiber optic,Credit card,31,89.24,2472.46,7,0,3,7.0,5.0,Bengaluru,No
CUST102259,45.0,Male,2023-04-13,Month-to-month,Fiber optic,Credit card,33,52.03,1872.76,2,3,2,5.0,11.0,Hyderabad,No
CUST103988,52.0,Male,2025-11-05,Two year,Fiber optic,Electronic check,2,39.74,85.1,1,1,1,8.0,13.0,Chennai,No
CUST100168,36.0,Female,2021-07-07,Month-to-month,Fiber optic,Credit card,54,60.92,3086.84,2,3,1,9.0,10.0,Chennai,No
CUST103605,48.0,Female,2024-09-14,Two year,DSL,Mailed check,16,28.73,417.48,1,3,1,7.0,18.0,Mumbai,No
CUST101592,36.0,Female,2023-12-17,Month-to-month,DSL,Electronic check,25,31.99,862.03,3,1,1,6.0,9.0,Mumbai,No
CUST102986,41.0,Female,2021-05-26,Month-to-month,Fiber optic,Mailed check,55,74.95,3976.89,6,1,1,8.0,12.0,Hyderabad,No
CUST104564,44.0,Male,2022-06-14,Month-to-month,Fiber optic,Bank transfer,43,86.23,3933.71,6,1,1,7.0,23.0,Chennai,No
CUST104221,45.0,Female,2025-07-25,Month-to-month,DSL,Bank transfer,5,34.81,182.44,1,0,0,8.0,14.0,Pune,No
CUST100227,61.0,Female,2024-11-07,Month-to-month,Fiber optic,Bank transfer,14,48.2,676.06,2,2,0,5.0,25.0,Mumbai,No
CUST101420,35.0,Male,2023-04-09,One year,Fiber optic,Credit card,33,80.23,2567.64,5,2,1,6.0,28.0,Pune,No
CUST104195,28.0,Female,2025-11-09,Two year,Fiber optic,Credit card,2,61.37,125.45,3,1,5,6.0,19.0,Mumbai,No
CUST102746,51.0,Male,2022-12-22,One year,Fiber optic,Bank transfer,36,87.79,2922.83,6,3,3,4.0,13.0,Bengaluru,No
CUST101532,50.0,Female,2024-09-26,Month-to-month,DSL,Bank transfer,15,28.76,500.79,2,0,1,8.0,10.0,Delhi,No
CUST103916,34.0,Female,2023-07-05,Two year,Fiber optic,Bank transfer,30,70.02,1995.98,4,1,2,6.0,20.0,Delhi,No
CUST104325,33.0,Female,2022-05-13,Two year,No internet,Credit card,44,39.11,1789.9,2,2,1,8.0,21.0,Mumbai,No
CUST100842,59.0,Male,2025-01-04,Month-to-month,Fiber optic,Bank transfer,12,25.97,263.77,1,3,2,8.0,23.0,Pune,No
CUST101305,18.0,Male,2023-11-21,Month-to-month,No internet,Bank transfer,25,59.49,1520.46,5,3,0,8.0,23.0,Hyderabad,No
CUST100240,27.0,Male,2022-10-11,Two year,DSL,Mailed check,39,53.99,2261.42,4,3,2,7.0,11.0,Bengaluru,No
CUST100084,24.0,Male,2023-07-06,One year,Fiber optic,Mailed check,30,100.42,3010.87,7,2,0,,10.0,Mumbai,Yes
CUST103164,30.0,Male,2025-09-29,Month-to-month,DSL,Credit card,3,37.06,104.75,3,2,0,8.0,14.0,Mumbai,No
CUST100807,23.0,Female,2025-06-01,Month-to-month,DSL,Credit card,7,28.51,184.91,3,0,1,6.0,34.0,Delhi,Yes
CUST104774,35.0,Female,2022-08-09,Two year,Fiber optic,Electronic check,41,50.55,2070.78,2,2,1,6.0,10.0,Chennai,No
CUST102750,43.0,Male,2025-10-31,Month-to-month,Fiber optic,Electronic check,2,,132.24,4,0,1,8.0,5.0,Delhi,No
CUST101360,33.0,Male,2024-12-17,Month-to-month,DSL,Credit card,12,20.5,241.14,1,2,2,7.0,4.0,Mumbai,No
CUST100705,26.0,Female,2025-02-11,Two year,Fiber optic,Mailed check,11,81.32,1028.27,6,3,0,5.0,14.0,Delhi,No
CUST103912,32.0,Female,2022-05-07,Two year,Fiber optic,Credit card,44,51.77,2105.71,4,1,1,7.0,31.0,Hyderabad,No
CUST100927,43.0,Male,2023-02-16,Month-to-month,Fiber optic,Credit card,34,52.23,1762.06,3,1,1,9.0,12.0,Pune,Yes
CUST100746,60.0,Female,2025-01-01,Month-to-month,DSL,Credit card,12,52.35,584.66,5,3,0,6.0,,Chennai,No
CUST102459,18.0,Male,2021-04-07,Month-to-month,DSL,Electronic check,57,54.21,2998.69,5,1,0,8.0,10.0,Bengaluru,No
CUST100157,50.0,,2024-12-27,Month-to-month,Fiber optic,Electronic check,12,71.26,942.03,4,1,1,8.0,16.0,Chennai,No
CUST101330,18.0,Male,2024-07-11,One year,Fiber optic,Electronic check,18,56.73,1166.57,3,2,2,5.0,40.0,Mumbai,No
CUST103257,58.0,Male,2024-09-28,One year,DSL,Credit card,15,61.02,997.08,5,3,0,5.0,7.0,Chennai,No
CUST101270,56.0,Female,2023-09-22,Two year,DSL,Electronic check,27,60.88,1527.54,5,2,1,8.0,36.0,Delhi,No
CUST104398,26.0,Male,2023-07-04,Month-to-month,Fiber optic,Bank transfer,30,66.32,2067.54,5,1,1,9.0,6.0,Chennai,No
CUST102992,37.0,Female,2022-08-10,Month-to-month,Fiber optic,Credit card,41,95.58,4483.8,8,1,2,7.0,23.0,Bengaluru,Yes
CUST101038,48.0,Female,2024-07-20,Month-to-month,DSL,Credit card,17,49.53,886.0,4,0,1,7.0,4.0,Pune,No
CUST104979,29.0,Female,2024-05-15,Month-to-month,DSL,Electronic check,20,61.7,1247.72,5,1,1,8.0,9.0,Delhi,No
CUST103447,50.0,Female,2023-03-27,Month-to-month,Fiber optic,Electronic check,33,68.88,1860.98,5,2,2,6.0,26.0,Mumbai,Yes
CUST100763,46.0,Male,2021-11-04,One year,DSL,Mailed check,50,44.69,2416.37,4,2,0,6.0,26.0,Hyderabad,No
CUST101444,36.0,Female,2024-10-24,One year,DSL,Bank transfer,14,41.05,555.39,1,2,1,8.0,19.0,Chennai,No
CUST103805,18.0,Female,2021-02-08,Month-to-month,Fiber optic,Credit card,59,88.28,4872.67,4,2,2,6.0,46.0,Bengaluru,No
CUST101593,29.0,Female,2024-01-16,Month-to-month,DSL,Credit card,24,74.78,1873.58,6,4,1,5.0,27.0,Mumbai,Yes
CUST101041,50.0,Male,2025-02-09,Two year,DSL,Bank transfer,11,63.59,697.84,4,2,0,7.0,9.0,Pune,No
CUST101103,44.0,Male,2022-06-12,Two year,Fiber optic,Mailed check,43,53.65,2173.41,3,4,1,6.0,41.0,Hyderabad,No
CUST102119,47.0,Female,2022-02-14,One year,Fiber optic,Credit card,47,71.56,2813.81,4,3,1,5.0,9.0,Delhi,No
CUST104231,46.0,Male,2024-05-14,Month-to-month,Fiber optic,Electronic check,20,83.83,1525.0,5,3,1,5.0,9.0,Pune,No
CUST101626,18.0,Female,2025-04-22,Month-to-month,DSL,Bank transfer,8,50.66,383.14,3,2,4,4.0,24.0,Pune,No
CUST103543,43.0,Male,2023-12-14,Month-to-month,Fiber optic,Bank transfer,25,61.96,1388.31,4,1,3,7.0,10.0,Mumbai,Yes
CUST103918,41.0,Male,2023-06-12,Month-to-month,Fiber optic,Electronic check,31,58.43,1695.54,3,1,2,7.0,13.0,Pune,No
CUST102859,27.0,Male,2021-08-29,Month-to-month,Fiber optic,Credit card,52,83.19,3487.09,4,2,0,8.0,20.0,Chennai,No
CUST103958,30.0,Male,2024-08-24,Month-to-month,Fiber optic,Bank transfer,16,50.81,797.79,3,1,1,8.0,5.0,Mumbai,No
CUST104154,30.0,Male,2023-10-15,Two year,Fiber optic,Electronic check,27,93.54,2305.77,6,2,0,6.0,7.0,Chennai,No
CUST102520,35.0,,2023-06-13,Two year,Fiber optic,Credit card,31,74.29,1688.79,5,3,2,5.0,6.0,Hyderabad,No
CUST104950,52.0,Female,2024-11-07,Month-to-month,Fiber optic,Electronic check,14,48.0,596.7,4,4,0,7.0,25.0,Delhi,No
CUST104621,37.0,Female,2025-03-16,Month-to-month,Fiber optic,Credit card,10,79.3,826.02,4,0,1,7.0,3.0,Mumbai,No
CUST103683,33.0,Female,2024-09-18,Two year,DSL,Electronic check,15,76.32,1227.99,6,2,0,5.0,9.0,Mumbai,Yes
CUST103909,20.0,Male,2025-11-26,One year,No internet,Bank transfer,1,64.39,62.87,5,0,3,5.0,9.0,Delhi,No
CUST101144,38.0,Female,2024-06-26,One year,DSL,Bank transfer,18,34.98,710.48,4,4,3,4.0,22.0,Mumbai,No
CUST104064,40.0,Female,2023-03-17,One year,No internet,Credit card,34,78.23,2907.87,4,1,0,8.0,12.0,Pune,No
CUST104967,25.0,Male,2022-01-03,One year,Fiber optic,Credit card,48,45.27,2128.16,1,1,1,7.0,18.0,Delhi,No
CUST101620,45.0,Male,2024-03-30,Month-to-month,DSL,Electronic check,21,45.08,984.06,3,2,2,4.0,13.0,Delhi,No
CUST104588,18.0,Female,2025-08-09,One year,DSL,Credit card,5,90.8,474.53,8,1,0,8.0,24.0,Bengaluru,No
CUST101192,35.0,Male,2024-02-24,One year,Fiber optic,Credit card,22,62.59,1313.82,3,2,2,7.0,31.0,Delhi,No
CUST101101,45.0,Female,2024-12-03,One year,DSL, electronic check ,13,37.8,567.58,1,2,2,7.0,30.0,Mumbai,No
CUST101978,57.0,Male,2021-06-20,One year,DSL,Credit card,54,42.77,2596.38,4,1,0,7.0,13.0,Bengaluru,No
CUST104212,45.0,Female,2024-07-23,One year,Fiber optic,Electronic check,17,68.76,1063.17,4,1,0,9.0,12.0,Bengaluru,No
CUST100422,31.0,Female,2024-06-08,One year,Fiber optic,Bank transfer,19,60.77,1222.03,4,1,3,5.0,12.0,Delhi,No
CUST100589,57.0,Female,2025-10-05,One year,Fiber optic,Credit card,3,66.65,196.61,3,2,0,7.0,18.0,Chennai,No
CUST102497,18.0,Female,2025-01-03,Month-to-month,Fiber optic,Electronic check,12,36.25,447.61,1,0,2,7.0,2.0,Mumbai,No
CUST102104,35.0,Male,2025-05-25,One year,DSL,Electronic check,7,33.5,222.18,2,1,3,4.0,16.0,Chennai,No
CUST100657,40.0,Female,2022-05-10,Month-to-month,Fiber optic,Bank transfer,44,65.1,2906.03,4,4,1,5.0,10.0,Hyderabad,No
CUST102697,40.0,Female,2024-09-24,Month-to-month,DSL,Mailed check,15,73.0,1172.79,6,0,2,8.0,7.0,Delhi,No
CUST104050,49.0,Female,2021-07-08,Two year,Fiber optic,Credit card,54,102.07,5663.32,6,1,3,8.0,6.0,Chennai,No
CUST104256,18.0,Male,2024-03-18,Month-to-month,Fiber optic,Electronic check,21,77.59,1571.28,3,2,2,9.0,18.0,Delhi,No
CUST104743,37.0,Male,2023-05-28,One year,DSL,Credit card,31,72.04,2118.65,8,4,0,7.0,12.0,Mumbai,No
CUST100426,48.0,Female,2023-05-03,One year,DSL,Credit card,32,25.08,842.61,1,1,1,8.0,55.0,Chennai,No
CUST104280,55.0,Female,2024-01-06,Month-to-month,Fiber optic,Credit card,24,67.73,1687.15,5,1,0,8.0,17.0,Pune,No
CUST104817,36.0,Female,2021-10-21,Month-to-month,Fiber optic,Credit card,50,79.55,3574.98,5,2,2,5.0,12.0,Pune,No
CUST102907,38.0,Female,2024-12-21,Month-to-month,Fiber optic,Electronic check,12,66.91,908.04,4,3,2,6.0,15.0,Mumbai,Yes
CUST103184,46.0,Male,2024-01-26,One year,No internet,Electronic check,23,71.72,1652.52,6,0,2,8.0,24.0,Bengaluru,No
CUST101769,72.0,Female,2021-08-04,One year,Fiber optic,Electronic check,53,66.66,3101.02,3,1,1,7.0,23.0,Chennai,No
CUST102656,41.0,Female,2023-04-15,One year,Fiber optic,Bank transfer,33,65.37,1988.11,3,1,1,6.0,22.0,Delhi,No
CUST103409,38.0,Female,2022-05-30,Two year,No internet,Credit card,43,41.51,1729.36,2,1,2,5.0,13.0,Bengaluru,No
CUST104983,61.0,Female,2021-08-16,Month-to-month,Fiber optic,Bank transfer,53,70.37,3698.86,3,3,2,5.0,7.0,Bengaluru,No
CUST102753,39.0,Female,2025-11-14,One year,DSL,Electronic check,2,20.64,40.74,2,2,1,6.0,27.0,Hyderabad,No
CUST101943,18.0,Male,2024-05-05,One year,Fiber optic,Bank transfer,20,79.42,1565.32,6,3,0,,16.0,Bengaluru,No
CUST101833,43.0,Female,2023-04-01,One year,DSL,Bank transfer,33,60.08,1894.07,3,2,1,7.0,,Bengaluru,No
CUST100008,38.0,Female,2022-02-21,One year,DSL,Electronic check,46,55.63,2787.88,6,3,0,7.0,10.0,Delhi,No
CUST102927,41.0,Female,2025-04-08,One year,DSL,Electronic check,9,56.31,529.01,5,2,0,9.0,10.0,Bengaluru,No
CUST104140,36.0,Male,2022-06-05,One year,No internet,Mailed check,43,32.59,1395.05,3,0,0,8.0,21.0,,No
CUST103360,37.0,Male,2025-05-12,Month-to-month,DSL,Credit card,8,93.77,696.9,6,0,4,8.0,28.0,Chennai,Yes
CUST100751,34.0,Male,2022-09-12,Month-to-month,No internet,Credit card,40,37.22,1439.87,3,0,1,9.0,7.0,Mumbai,No
CUST103130,46.0,Male,2025-10-01,One year,No internet,Electronic check,3,53.61,157.66,5,2,4,4.0,14.0,Delhi,No
CUST100144,28.0,Male,2021-11-21,Month-to-month,Fiber optic,Bank transfer,49,56.92,2803.51,1,3,0,7.0,38.0,Chennai,No
CUST100670,47.0,Female,2025-03-08,Month-to-month,Fiber optic,Bank transfer,10,56.19,574.42,4,2,1,6.0,11.0,Delhi,No
CUST102291,52.0,Male,2023-10-08,One year,Fiber optic,Credit card,27,60.57,1713.27,4,1,1,7.0,5.0,Chennai,No
CUST103066,41.0,Male,2024-10-24,Month-to-month,Fiber optic,Bank transfer,14,46.45,737.45,2,1,1,7.0,12.0,Chennai,No
CUST104295,43.0,Male,2021-03-25,Month-to-month,DSL,Electronic check,57,57.25,3257.88,4,0,1,7.0,15.0,Hyderabad,No
CUST104180,52.0,Male,2023-03-30,Month-to-month,DSL,Electronic check,33,42.77,1273.23,3,2,2,8.0,8.0,Chennai,No
CUST100151,26.0,Female,2021-06-28,One year,DSL,Electronic check,54,47.51,2426.76,2,1,1,8.0,6.0,Hyderabad,No
CUST103784,60.0,Male,2023-10-15,Month-to-month,Fiber optic,Bank transfer,27,64.86,1927.48,4,1,0,10.0,46.0,Mumbai,No
CUST103894,46.0,Female,2021-03-19,One year,DSL,Electronic check,57,41.31,2172.87,2,2,2,6.0,17.0,Bengaluru,No
CUST102456,50.0,Male,2022-07-16,One year,DSL,Electronic check,42,71.09,2954.63,7,1,1,8.0,22.0,Mumbai,No
CUST101788,42.0,Male,2022-02-27,One year,No internet,Mailed check,46,34.38,1705.16,2,2,3,4.0,10.0,Mumbai,No
CUST102447,33.0,Female,2024-06-07,Month-to-month,Fiber optic,Mailed check,19,91.33,1881.27,8,4,0,6.0,25.0,Bengaluru,No
CUST104993,30.0,Male,2023-05-09,Month-to-month,DSL, electronic check ,32,41.89,1364.76,4,0,1,7.0,20.0,Hyderabad,No
CUST104342,37.0,Male,2023-09-21,Two year,Fiber optic,Credit card,27,83.64,2539.69,6,1,0,7.0,10.0,Mumbai,No
CUST103889,29.0,Male,2023-02-24,Month-to-month,No internet,Bank transfer,34,26.73,851.25,2,0,0,9.0,8.0,Pune,No
CUST100561,42.0,Male,2021-10-03,Month-to-month,DSL,Electronic check,51,43.7,2535.39,3,0,0,8.0,26.0,Mumbai,No
CUST102432,26.0,Male,2023-08-12,One year,Fiber optic,,29,89.17,2469.67,6,1,1,8.0,37.0,Mumbai,No
CUST102881,49.0,Male,2023-09-06,Month-to-month,Fiber optic,Credit card,28,84.16,2062.05,5,0,3,7.0,,Bengaluru,No
CUST103466,54.0,Male,2021-12-06,Month-to-month,Fiber optic,Electronic check,49,69.41,3466.3,4,1,2,5.0,38.0,Pune,Yes
CUST100416,51.0,Female,2021-12-04,One year,DSL,Credit card,49,20.67,914.5,1,4,1,6.0,19.0,Pune,No
CUST100624,44.0,Male,2021-12-02,Two year,DSL,Mailed check,49,59.19,2887.25,4,2,1,7.0,21.0,Hyderabad,No
CUST103734,39.0,Male,2024-02-09,Month-to-month,Fiber optic,Credit card,23,88.89,2143.72,6,2,1,6.0,29.0,Pune,No
CUST101437,18.0,Female,2024-07-28,Month-to-month,Fiber optic,Credit card,17,93.3,1650.53,5,0,0,7.0,5.0,Chennai,No
CUST102436,26.0,Male,2025-11-25,One year,No internet,Bank transfer,1,52.5,60.02,5,3,0,6.0,8.0,Chennai,No
CUST103313,40.0,Female,2022-09-14,Month-to-month,Fiber optic,Mailed check,40,55.97,2252.72,4,1,3,5.0,8.0,Pune,Yes
CUST102655,31.0,Male,2024-05-27,Month-to-month,Fiber optic,Bank transfer,19,63.9,1073.0,4,0,1,7.0,9.0,Bengaluru,Yes
CUST104272,43.0,Male,2025-03-08,Month-to-month,Fiber optic,Bank transfer,10,43.98,410.2,2,3,1,6.0,16.0,Hyderabad,Yes
CUST102042,120.0,Female,2022-09-28,Month-to-month,Fiber optic,Electronic check,39,75.1,2706.4,6,2,4,8.0,18.0,,No
CUST102845,25.0,Female,2025-03-05,Two year,DSL,Mailed check,10,18.0,182.52,2,2,1,7.0,41.0,Chennai,No
CUST100100,33.0,Female,2025-09-21,Month-to-month,Fiber optic,Bank transfer,3,48.22,144.86,2,1,0,8.0,13.0,Hyderabad,No
CUST103096,54.0,Female,2023-10-11,One year,DSL,Credit card,27,58.02,1340.45,5,1,2,5.0,32.0,Chennai,No
CUST103669,40.0,Female,2024-04-03,Month-to-month,No internet,Credit card,21,46.78,1086.71,2,1,1,5.0,28.0,Bengaluru,No
CUST103845,18.0,Male,2021-04-06,One year,DSL,Bank transfer,57,53.8,2701.73,2,6,1,6.0,21.0,Delhi,No
CUST102225,41.0,,2025-01-26,Month-to-month,DSL,Bank transfer,11,36.09,369.35,4,2,1,4.0,15.0,Mumbai,Yes
CUST100555,34.0,Male,2025-06-09,Month-to-month,Fiber optic,Electronic check,7,48.29,302.1,2,2,2,7.0,18.0,Pune,No
CUST104824,47.0,Male,2021-04-04,Month-to-month,Fiber optic,Mailed check,57,84.97,4393.49,6,1,0,8.0,4.0,Bengaluru,No
CUST100676,67.0,Female,2024-10-08,Month-to-month,Fiber optic,Electronic check,15,61.37,961.19,4,3,0,7.0,14.0,Chennai,No
CUST103418,40.0,Male,2021-03-22,Month-to-month,Fiber optic,Mailed check,57,48.24,3146.95,2,1,0,8.0,19.0,Pune,No
CUST102407,34.0,Male,2021-09-26,One year,DSL,Electronic check,51,46.87,2145.79,2,2,0,8.0,25.0,Chennai,No
CUST104023,19.0,Male,2022-08-13,One year,Fiber optic,Bank transfer,41,78.37,3228.21,4,1,0,8.0,12.0,Pune,No
CUST104125,37.0,Male,2024-02-10,Month-to-month,DSL,Credit card,23,58.06,1229.61,4,0,1,7.0,12.0,Mumbai,No
CUST104088,33.0,Female,2023-05-29,Month-to-month,DSL,Bank transfer,31,75.42,2513.13,6,0,2,9.0,13.0,Delhi,No
CUST103078,23.0,Male,2025-05-19,Month-to-month,DSL,Bank transfer,7,34.99,245.67,2,0,0,8.0,7.0,Hyderabad,No
CUST101499,24.0,Female,2023-03-30,Month-to-month,Fiber optic,Electronic check,33,59.18,1812.08,3,2,1,7.0,11.0,Delhi,No
CUST100907,23.0,Female,2025-01-12,One year,DSL,Credit card,12,56.27,596.3,7,1,0,8.0,14.0,Chennai,No
CUST100468,51.0,Female,2023-09-06,One year,Fiber optic,Electronic check,28,82.23,2411.3,5,2,2,5.0,26.0,Pune,Yes
CUST102644,55.0,Male,2024-08-13,Month-to-month,No internet,Bank transfer,17,24.37,387.15,2,1,0,10.0,18.0,Mumbai,No
CUST104914,52.0,Female,2022-09-21,One year,Fiber optic,Electronic check,39,55.38,2407.46,4,1,2,8.0,12.0,Delhi,No
CUST102233,57.0,Male,2024-09-24,Two year,Fiber optic,Mailed check,15,62.42,882.44,3,1,1,8.0,31.0,Delhi,No
CUST100485,36.0,Male,2024-05-08,Two year,Fiber optic,Electronic check,20,77.65,1526.52,4,2,2,7.0,25.0,Chennai,No
CUST103340,34.0,Female,2025-11-27,One year,Fiber optic,Bank transfer,1,60.0,62.89,4,3,0,9.0,8.0,Bengaluru,No
CUST100486,29.0,Female,2023-08-11,Month-to-month,Fiber optic,Electronic check,29,43.88,1229.62,1,0,2,8.0,7.0,Chennai,No
CUST103950,29.0,Male,2024-01-26,One year,Fiber optic,Electronic check,23,93.6,1871.78,5,3,0,8.0,16.0,Delhi,No
CUST103838,34.0,Female,2022-09-05,Month-to-month,Fiber optic,Bank transfer,40,89.52,3669.02,5,2,0,7.0,49.0,Bengaluru,No
CUST100297,34.0,Male,2022-02-06,Month-to-month,DSL,Electronic check,47,90.76,4323.45,8,4,1,6.0,30.0,Hyderabad,No
CUST101971,34.0,Female,2024-12-10,One year,Fiber optic,Credit card,13,63.46,795.88,5,4,0,7.0,31.0,Chennai,No
CUST100228,28.0,Male,2024-05-13,One year,DSL,Credit card,20,87.82,1780.71,8,0,0,8.0,2.0,Hyderabad,No
CUST104905,53.0,Female,2022-03-25,Two year,DSL,Credit card,45,48.37,2120.51,3,4,4,5.0,14.0,Chennai,No
CUST103938,39.0,Female,2021-08-03,Month-to-month,DSL,Bank transfer,53,52.84,2691.74,3,1,1,6.0,20.0,Mumbai,No
CUST103285,50.0,Male,2021-09-24,One year,DSL,Electronic check,51,48.48,2548.77,3,0,1,6.0,8.0,Pune,No
CUST102086,37.0,Male,2023-09-27,Month-to-month,DSL,Credit card,27,45.44,1225.66,2,2,2,10.0,19.0,Pune,No
CUST103959,28.0,Male,2021-09-20,One year,Fiber optic,Mailed check,51,58.65,3022.18,2,0,1,7.0,15.0,Chennai,No
CUST103326,45.0,Female,2023-02-09,Month-to-month,DSL,Credit card,35,64.65,1942.9,6,1,1,7.0,39.0,Chennai,No
CUST101654,35.0,Male,2023-06-01,One year,Fiber optic,Bank transfer,31,71.08,2394.11,4,2,1,6.0,14.0,Mumbai,No
CUST104697,37.0,Male,2022-01-19,Month-to-month,Fiber optic, electronic check ,47,64.55,2887.73,4,1,3,8.0,14.0,Delhi,No
CUST101859,21.0,Female,2021-08-29,One year,DSL,Mailed check,52,36.18,2108.32,3,0,1,6.0,28.0,Hyderabad,No
CUST100033,28.0,Male,2024-05-11,Month-to-month,Fiber optic,Bank transfer,20,73.77,1426.41,4,0,1,7.0,26.0,Chennai,No
CUST102820,20.0,Male,2024-10-18,Two year,DSL,Electronic check,14,49.88,757.65,5,1,3,6.0,24.0,Bengaluru,No
CUST103439,61.0,Male,2025-07-03,Month-to-month,No internet,Credit card,6,39.66,223.67,3,3,2,8.0,14.0,Mumbai,Yes
CUST102836,45.0,Male,2024-02-27,Month-to-month,DSL,Electronic check,22,42.93,923.03,3,2,0,,4.0,Chennai,No
CUST100414,35.0,Female,2023-04-18,One year,Fiber optic,Electronic check,32,65.02,2028.1,4,6,3,7.0,40.0,Hyderabad,No
CUST101684,30.0,Female,2022-07-08,Month-to-month,Fiber optic,Electronic check,42,70.18,2702.29,4,2,0,7.0,12.0,Chennai,No
CUST101519,18.0,Male,2021-07-10,Month-to-month,DSL,Bank transfer,54,82.58,4656.44,7,2,2,6.0,11.0,Hyderabad,No
CUST100465,32.0,Female,2024-08-29,Month-to-month,Fiber optic,Mailed check,16,68.52,1093.14,2,3,0,6.0,7.0,Hyderabad,No
CUST101907,40.0,Female,2025-09-18,Month-to-month,DSL,Credit card,3,32.3,97.9,1,1,0,6.0,13.0,Mumbai,No
CUST100230,20.0,Female,2024-01-25,Two year,DSL,Credit card,23,69.31,1561.19,6,0,3,6.0,7.0,Chennai,No
CUST102648,41.0,Female,2023-06-09,Month-to-month,Fiber optic,Credit card,31,67.73,2380.23,2,2,1,10.0,16.0,Delhi,No
CUST101010,23.0,Female,2024-06-01,Two year,DSL,Bank transfer,19,55.39,1155.22,5,3,1,5.0,9.0,Mumbai,No
CUST102498,31.0,Female,2022-01-29,Month-to-month,Fiber optic,Electronic check,47,69.88,3038.34,3,0,0,8.0,20.0,Pune,No
CUST104868,64.0,Male,2025-08-02,One year,DSL,Mailed check,5,29.07,128.05,1,0,1,7.0,11.0,Chennai,No
CUST104880,32.0,Female,2023-06-15,Two year,Fiber optic,Electronic check,31,70.24,2148.89,4,1,0,6.0,21.0,Mumbai,No
CUST101835,39.0,Male,2023-09-23,Month-to-month,Fiber optic,Bank transfer,27,69.83,1986.22,2,1,0,7.0,23.0,Mumbai,Yes
CUST102998,48.0,Female,2025-05-31,Month-to-month,DSL,Electronic check,7,75.23,583.98,8,3,0,6.0,43.0,Chennai,Yes
CUST104753,21.0,Male,2022-12-05,Month-to-month,Fiber optic,Mailed check,37,85.43,3604.18,4,2,0,8.0,45.0,Hyderabad,No
CUST100805,51.0,Female,2023-05-15,Two year,No internet,Electronic check,32,57.81,1772.47,5,1,0,8.0,8.0,Pune,No
CUST102555,33.0,Male,2021-09-25,Month-to-month,DSL,Credit card,51,35.34,1809.95,2,1,0,8.0,32.0,Hyderabad,No
CUST101115,39.0,Male,2021-06-24,Month-to-month,Fiber optic,Mailed check,54,70.27,3651.79,4,2,0,7.0,20.0,Bengaluru,No
CUST100626,33.0,Female,2024-09-26,Month-to-month,DSL,Bank transfer,15,65.2,975.48,4,0,2,9.0,12.0,Mumbai,Yes
CUST102145,30.0,Male,2023-12-02,Month-to-month,Fiber optic,Credit card,25,54.63,1098.63,1,4,2,5.0,17.0,Chennai,No
CUST101614,30.0,Female,2022-06-07,Month-to-month,Fiber optic,Credit card,43,59.09,2971.24,5,1,0,10.0,9.0,Bengaluru,No
CUST103249,40.0,Male,2025-06-14,Month-to-month,Fiber optic,Mailed check,7,55.19,386.24,2,1,1,7.0,12.0,Pune,No
CUST104687,20.0,Male,2025-02-26,Two year,No internet,Electronic check,10,70.52,725.41,3,3,2,8.0,20.0,Chennai,Yes
CUST104110,45.0,Female,2023-01-03,Month-to-month,DSL,Bank transfer,36,46.89,1468.28,3,4,1,7.0,14.0,Mumbai,No
CUST100828,53.0,Female,2025-10-01,Month-to-month,Fiber optic,Credit card,3,38.64,111.62,2,2,2,6.0,18.0,Hyderabad,No
CUST104578,32.0,Male,2025-01-02,Two year,DSL,Electronic check,12,76.47,825.52,7,3,2,6.0,7.0,Delhi,No
CUST101344,26.0,Female,2025-07-27,Two year,No internet,Bank transfer,5,64.19,343.29,5,2,2,3.0,17.0,Delhi,Yes
CUST100911,43.0,Male,2024-10-24,Month-to-month,Fiber optic,Credit card,14,57.34,806.59,2,0,4,7.0,5.0,Mumbai,No
CUST104343,32.0,Female,2022-02-03,One year,DSL,Bank transfer,47,47.57,2136.63,3,3,4,4.0,25.0,Hyderabad,No
CUST101197,27.0,Male,2023-10-13,Month-to-month,DSL,Credit card,27,59.9,1498.69,6,3,1,9.0,36.0,Hyderabad,No
CUST100691,35.0,Female,2022-11-23,Month-to-month,DSL,Electronic check,37,51.05,1927.16,4,0,2,8.0,14.0,Hyderabad,No
CUST101623,52.0, female ,2024-07-28,Month-to-month,DSL,,17,65.08,1239.08,5,1,3,7.0,11.0,Bengaluru,No
CUST103497,51.0,Male,2022-01-26,Two year,Fiber optic,Bank transfer,47,62.42,3258.77,4,0,2,7.0,70.0,Chennai,No
CUST100889,18.0,Female,2023-02-15,Month-to-month,DSL,Mailed check,35,35.57,1329.56,2,2,1,7.0,7.0,Pune,No
CUST100149,40.0,Female,2025-07-16,One year,No internet,Electronic check,6,40.68,255.23,4,3,1,7.0,23.0,Delhi,No
CUST100776,25.0,Female,2023-08-20,Month-to-month,Fiber optic,Credit card,28,66.65,1888.31,4,1,2,7.0,17.0,Pune,Yes
CUST101292,33.0,Female,2023-07-12,Month-to-month,DSL,Credit card,30,78.47,2216.73,7,3,0,6.0,14.0,Chennai,Yes
CUST103010,66.0,Female,2023-02-24,Month-to-month,DSL,Bank transfer,34,51.66,1737.67,4,1,1,7.0,8.0,Mumbai,No
CUST100012,39.0,Male,2021-07-31,Month-to-month,No internet,Electronic check,53,42.47,2133.28,3,2,0,7.0,22.0,Hyderabad,No
CUST101231,25.0,Female,2022-10-13,Month-to-month,DSL,Electronic check,39,60.93,2080.19,3,3,1,6.0,17.0,Bengaluru,No
CUST104054,45.0,Female,2025-05-30,Two year,No internet,Electronic check,7,44.89,328.61,3,2,1,5.0,37.0,Delhi,No
CUST103161,45.0,Male,2024-11-07,Month-to-month,No internet,Electronic check,14,49.53,743.01,3,0,2,7.0,1.0,Pune,No
CUST101173,26.0,Male,2023-09-18,Month-to-month,Fiber optic,Electronic check,27,77.84,2327.0,4,1,2,7.0,24.0,Hyderabad,No
CUST104691,,Female,2022-06-03,Month-to-month,DSL,Bank transfer,43,73.62,2784.96,6,0,1,7.0,9.0,Bengaluru,No
CUST100497,34.0,Female,2025-11-13,Month-to-month,Fiber optic,Credit card,2,76.77,145.47,6,0,0,7.0,31.0,Hyderabad,No
CUST103050,50.0,Female,2022-10-23,Month-to-month,Fiber optic,Mailed check,38,59.4,2316.34,2,3,0,6.0,5.0,Delhi,No
CUST103399,32.0,Female,2024-11-17,Month-to-month,DSL,Bank transfer,13,62.5,839.24,5,1,1,7.0,43.0,Mumbai,No
CUST103968,,Male,2025-11-05,Month-to-month,DSL,Mailed check,2,50.16,99.24,5,0,2,7.0,22.0,Hyderabad,No
CUST104615,58.0,Male,2025-12-02,One year,DSL,Credit card,1,,40.69,3,3,3,5.0,10.0,Chennai,No
CUST101501,31.0,Male,2021-09-22,Month-to-month,No internet,Electronic check,51,38.36,1994.55,1,2,1,6.0,38.0,Delhi,No
CUST104340,18.0,Male,2021-06-09,One year,No internet,Electronic check,55,58.35,3441.34,5,0,2,8.0,6.0,Hyderabad,No
CUST102727,36.0,Male,2022-05-20,Month-to-month,Fiber optic,Credit card,43,69.71,2973.96,3,0,1,6.0,8.0,Chennai,No
CUST102005,51.0,Male,2021-05-19,One year,DSL,Credit card,55,88.18,4832.32,7,3,2,5.0,22.0,Pune,No
CUST104269,36.0,Female,2025-06-17,Month-to-month,Fiber optic,Credit card,7,69.75,502.78,4,2,0,6.0,17.0,Bengaluru,No
CUST103393,25.0,Male,2022-03-04,Month-to-month,No internet,Credit card,46,82.71,3782.01,7,2,0,9.0,45.0,Mumbai,No
CUST102323,38.0,Male,2023-06-23,One year,Fiber optic,,30,60.93,1591.18,4,0,1,7.0,10.0,Hyderabad,No
CUST101471,52.0,Male,2024-02-10,Two year,Fiber optic,Bank transfer,23,48.28,1107.4,2,4,1,6.0,62.0,Hyderabad,No
CUST100711,46.0,Male,2023-05-22,Month-to-month,Fiber optic,Bank transfer,31,76.16,2187.96,5,1,1,8.0,15.0,Delhi,No
CUST104345,42.0,Male,2024-02-07,Month-to-month,DSL,Credit card,23,97.2,2247.5,6,0,1,8.0,13.0,Chennai,No
CUST104001,49.0,Female,2024-07-12,One year,Fiber optic,Mailed check,18,59.28,1203.33,4,2,1,7.0,24.0,Hyderabad,No
CUST101697,66.0,Male,2022-12-30,One year,DSL,Bank transfer,36,36.82,1323.49,3,3,0,6.0,17.0,Mumbai,No
CUST103953,33.0,Female,2021-07-28,Two year,DSL,Electronic check,53,44.52,2413.45,3,1,0,9.0,7.0,Chennai,No
CUST104041,36.0,Female,2024-03-01,Month-to-month,DSL,Electronic check,22,49.36,1053.02,3,1,0,8.0,9.0,Delhi,No
CUST100544,35.0,Female,2023-01-21,One year,Fiber optic,Electronic check,35,65.16,2489.54,4,2,2,9.0,40.0,Hyderabad,No
CUST100599,18.0,Female,2021-11-05,One year,DSL,Electronic check,50,65.89,3577.27,7,2,0,8.0,19.0,Mumbai,No
CUST101044,29.0,Female,2023-11-26,Month-to-month,DSL,Credit card,25,58.1,1625.19,4,5,0,6.0,45.0,Pune,No
CUST100132,46.0,Female,2025-11-14,Month-to-month,Fiber optic,Credit card,2,62.48,131.9,3,4,0,5.0,15.0,Chennai,Yes
CUST101888,19.0,Female,2021-04-03,Two year,DSL,Credit card,57,32.49,1661.18,3,3,0,6.0,15.0,Bengaluru,No
CUST104210,38.0,Male,2023-05-08,One year,No internet,Bank transfer,32,50.33,1685.99,3,1,0,7.0,8.0,Mumbai,No
CUST104652,43.0,Female,2023-05-09,One year,Fiber optic,Electronic check,32,106.41,3377.46,7,3,2,5.0,9.0,Hyderabad,No
CUST104869,39.0,Male,2023-01-07,One year,DSL,Bank transfer,36,34.46,1266.11,3,1,4,5.0,16.0,Hyderabad,Yes
CUST104586,44.0,Female,2021-03-18,Month-to-month,DSL,Credit card,57,54.22,2874.78,5,3,1,9.0,17.0,Chennai,No
CUST104716,48.0,Male,2022-10-11,One year,Fiber optic,Credit card,39,60.74,2456.68,4,3,1,6.0,13.0,Bengaluru,No
CUST103129,42.0,Male,2025-02-23,Month-to-month,DSL,Electronic check,10,40.3,421.37,3,3,3,6.0,13.0,Pune,No
CUST100287,39.0,Male,2022-06-26,Month-to-month,DSL,Electronic check,42,33.11,1391.54,2,2,1,5.0,21.0,Pune,No
CUST104348,43.0,Male,2023-01-11,Month-to-month,Fiber optic,Credit card,36,59.74,,3,2,1,9.0,21.0,Hyderabad,No
CUST103767,43.0,Female,2021-11-11,One year,DSL,Credit card,50,50.53,2681.79,4,3,2,7.0,27.0,Delhi,No
CUST100373,48.0,Female,2021-08-10,One year,Fiber optic,Bank transfer,53,90.92,4216.17,6,0,1,10.0,17.0,Hyderabad,No
CUST102627,56.0,Male,2023-07-16,One year,Fiber optic,Electronic check,30,,1701.98,4,2,1,8.0,9.0,Chennai,No
CUST104707,34.0,Male,2023-12-11,Month-to-month,DSL,Credit card,25,82.61,2190.08,6,6,2,5.0,23.0,Pune,No
CUST102127,32.0,Female,2021-04-29,Two year,Fiber optic,Credit card,56,60.53,3400.05,3,0,6,7.0,18.0,Hyderabad,No
CUST100964,38.0,Female,2022-10-30,Two year,Fiber optic,Credit card,38,69.2,2710.66,4,4,0,6.0,30.0,Hyderabad,No
CUST102022,40.0,Male,2023-10-03,One year,Fiber optic,Credit card,27,80.41,2235.57,5,1,2,7.0,11.0,Mumbai,No
CUST102680,53.0,Female,2024-05-09,Month-to-month,DSL,Credit card,20,83.48,1719.09,7,3,0,6.0,17.0,Delhi,No
CUST102952,34.0,Male,2022-09-07,One year,DSL,Bank transfer,40,27.58,1071.41,2,0,1,8.0,12.0,Bengaluru,No
CUST104646,37.0,Female,2021-08-04,Month-to-month,Fiber optic,Electronic check,53,85.48,4367.73,5,2,0,8.0,16.0,Mumbai,No
CUST104501,51.0,Female,2021-12-11,One year,No internet,Bank transfer,49,48.68,2491.96,4,2,2,4.0,,Chennai,No
CUST103757,23.0,Male,2024-01-16,Month-to-month,Fiber optic,Bank transfer,24,82.84,1839.14,5,0,0,,2.0,Bengaluru,No
CUST101427,49.0,Female,2022-08-17,Month-to-month,Fiber optic,Electronic check,41,53.18,2258.23,1,2,2,4.0,14.0,Pune,Yes
CUST102638,46.0,Female,2022-08-19,Month-to-month,No internet,Electronic check,40,32.52,1405.72,3,0,1,7.0,11.0,Pune,No
CUST100653,25.0,Male,2021-05-31,One year,Fiber optic,Credit card,55,61.66,3519.95,3,2,4,5.0,25.0,Hyderabad,No
CUST103659,38.0,Female,2025-03-19,Two year,DSL,Bank transfer,9,37.77,330.97,2,2,0,,61.0,Hyderabad,No
CUST103292,32.0,Male,2021-01-19,One year,DSL,Credit card,59,43.57,2735.54,5,0,0,10.0,28.0,Pune,No
CUST104278,33.0,Female,2024-05-19,Month-to-month,DSL,Bank transfer,19,45.49,823.42,5,2,3,8.0,22.0,Chennai,No
CUST101538,27.0,Male,2024-07-25,Two year,DSL,Bank transfer,17,87.26,1631.31,7,1,1,4.0,33.0,Hyderabad,No
CUST101504,35.0,Female,2023-06-24,Two year,DSL,Electronic check,30,29.92,968.87,3,1,1,8.0,23.0,Chennai,No
CUST101174,37.0,Female,2023-12-02,One year,No internet,Bank transfer,25,56.84,1365.39,3,1,0,7.0,49.0,Pune,No
CUST101108,54.0,Male,2021-12-05,Two year,DSL,Electronic check,49,59.62,2423.19,5,1,2,7.0,18.0,Chennai,No
CUST101995,43.0,Male,2023-03-09,Month-to-month,No internet,Credit card,34,74.35,2755.35,6,2,3,5.0,14.0,Delhi,No
CUST102124,38.0,Female,2022-02-23,One year,DSL,Bank transfer,46,71.77,3694.29,5,3,2,7.0,12.0,Pune,No
CUST101322,38.0,Female,2023-12-12,Month-to-month,DSL,Electronic check,25,52.7,1349.59,3,2,2,9.0,13.0,Hyderabad,No
CUST103654,45.0,Male,2023-11-17,Month-to-month,DSL,Mailed check,25,64.63,1676.54,5,0,0,10.0,33.0,Pune,No
CUST102916,57.0,Male,2023-09-21,Month-to-month,Fiber optic,Electronic check,27,87.57,2758.54,5,3,2,,17.0,Chennai,No
CUST102118,41.0,Female,2021-12-16,One year,Fiber optic,Electronic check,49,78.12,4226.09,4,1,4,4.0,16.0,Mumbai,No
CUST101483,42.0,Female,2022-06-25,Two year,Fiber optic,Bank transfer,42,88.15,4033.86,6,0,1,6.0,13.0,Pune,No
CUST102598,18.0,Male,2025-11-13,Month-to-month,No internet,Electronic check,2,56.02,101.99,6,2,0,8.0,9.0,Pune,No
CUST104351,24.0,Male,2025-12-05,Two year,Fiber optic,Mailed check,1,69.16,62.83,3,1,3,5.0,10.0,Mumbai,No
CUST102080,43.0,Male,2021-11-26,One year,DSL,Electronic check,49,87.12,4373.68,8,0,2,9.0,53.0,Hyderabad,No
CUST101468,21.0,Female,2022-02-03,Month-to-month,Fiber optic,Electronic check,47,45.81,2303.8,2,1,1,9.0,7.0,Bengaluru,No
CUST104650,27.0,Female,2022-09-05,Month-to-month,Fiber optic,Electronic check,40,72.42,2809.15,4,0,2,7.0,26.0,Hyderabad,Yes
CUST103475,45.0,Female,2024-01-16,Month-to-month,No internet,Bank transfer,24,55.64,1363.62,4,2,3,5.0,26.0,Chennai,No
CUST103711,46.0,Male,2021-05-14,Two year,No internet,Credit card,56,62.37,3437.58,6,1,1,7.0,28.0,Mumbai,No
CUST103485,51.0,Male,2024-12-20,Month-to-month,No internet,Credit card,12,52.14,675.49,3,2,1,5.0,21.0,Chennai,No
CUST103384,37.0,Male,2021-07-14,Two year,Fiber optic,Electronic check,54,86.98,4742.36,5,3,0,6.0,15.0,Bengaluru,No
CUST101406,41.0,Male,2024-09-04,One year,Fiber optic,Credit card,16,81.48,1322.1,6,1,0,9.0,20.0,Pune,No
CUST104396,39.0,Male,2024-01-20,Month-to-month,Fiber optic,Bank transfer,23,65.99,1555.04,4,1,1,9.0,6.0,Delhi,No
CUST101047,45.0,Male,2024-02-21,One year,DSL,Credit card,22,51.98,1312.32,4,3,0,7.0,59.0,Mumbai,Yes
CUST101630,23.0,Male,2025-10-28,Month-to-month,Fiber optic,Bank transfer,2,72.3,157.58,2,2,3,4.0,13.0,Pune,Yes
CUST102388,51.0,Female,2025-08-08,Month-to-month,Fiber optic,Credit card,5,95.21,443.07,4,0,3,7.0,15.0,Hyderabad,No
CUST102718,50.0,Male,2023-09-27,One year,Fiber optic,Credit card,27,69.51,1867.84,3,0,4,8.0,29.0,Hyderabad,No
CUST103075,28.0,Female,2021-09-20,Two year,Fiber optic,Mailed check,51,59.67,3381.17,6,1,0,7.0,4.0,Pune,No
CUST103038,28.0,Male,2022-11-11,One year,DSL,Bank transfer,38,78.07,2595.77,5,0,0,7.0,7.0,Delhi,No
CUST102815,32.0,Male,2024-10-19,Month-to-month,No internet,Electronic check,14,60.5,730.99,4,2,3,6.0,4.0,Mumbai,No
CUST100530,34.0,Male,2021-07-13,One year,Fiber optic,Mailed check,54,54.43,2550.98,4,1,2,9.0,74.0,Pune,No
CUST100290,35.0,Female,2021-07-07,Month-to-month,DSL,Credit card,54,70.19,3212.45,5,3,3,6.0,22.0,Delhi,No
CUST103406,47.0,Female,2021-05-10,Two year,DSL,Electronic check,56,38.0,2146.48,2,0,2,8.0,10.0,Mumbai,No
CUST102512,41.0,Female,2021-08-15,Month-to-month,Fiber optic,Credit card,53,57.33,2740.37,1,0,0,8.0,,Bengaluru,No
CUST100252,59.0,Female,2025-02-22,One year,DSL,Bank transfer,10,25.83,234.91,1,1,0,6.0,19.0,Chennai,No
CUST103290,35.0,Male,2023-03-07,One year,DSL,Credit card,34,25.32,742.47,3,3,1,8.0,60.0,Pune,No
CUST100350,42.0,Male,2023-04-20,Month-to-month,DSL,Credit card,32,51.56,1813.79,5,1,0,3.0,2.0,Pune,No
CUST101128,35.0,Male,2023-10-09,One year,Fiber optic,Bank transfer,27,79.41,2082.0,5,3,4,5.0,13.0,Hyderabad,No
CUST103154,31.0,Male,2023-01-05,Two year,No internet,Bank transfer,36,43.96,1636.46,3,1,0,9.0,50.0,Pune,No
CUST101617,18.0,Female,2022-10-10,One year,Fiber optic,Bank transfer,39,41.3,1846.53,2,3,0,5.0,9.0,Mumbai,No
CUST103351,43.0,Male,2023-05-31,One year,DSL,Electronic check,31,46.56,1440.52,3,3,2,7.0,11.0,Chennai,No
CUST100090,46.0,Male,2025-02-15,Month-to-month,Fiber optic,Mailed check,11,55.67,617.38,3,1,1,10.0,24.0,Mumbai,No
CUST103158,21.0,Male,2025-12-02,Month-to-month,DSL,Mailed check,1,49.34,46.06,4,3,0,6.0,27.0,Mumbai,No
CUST103048,49.0,Male,2022-01-04,Month-to-month,Fiber optic,Credit card,48,55.7,2529.97,3,5,0,6.0,21.0,Pune,No
CUST101482,39.0,Male,2025-02-11,Two year,DSL,Credit card,11,49.2,561.15,3,1,1,9.0,12.0,Hyderabad,No
CUST103082,41.0,Female,2021-04-03,One year,DSL,Electronic check,57,31.26,1643.24,1,1,1,9.0,16.0,Mumbai,Yes
CUST100026,44.0,Male,2022-08-01,Month-to-month,Fiber optic,Electronic check,41,74.94,2925.09,5,2,1,6.0,18.0,Chennai,No
CUST104403,57.0,Male,2021-07-06,Month-to-month,DSL,Mailed check,54,60.33,2957.49,5,2,0,8.0,4.0,Pune,No
CUST104415,28.0,Female,2022-02-07,Two year,DSL,Bank transfer,47,54.63,2398.67,2,3,3,5.0,28.0,Hyderabad,No
CUST104708,28.0,Female,2022-11-03,Month-to-month,Fiber optic,Credit card,38,69.79,2910.95,4,3,2,6.0,31.0,Hyderabad,No
CUST102103,96.0,Female,2024-12-19,Month-to-month,Fiber optic,Credit card,12,61.71,715.03,2,1,2,6.0,8.0,Bengaluru,No
CUST103997,35.0,Female,2022-09-10,One year,DSL,Bank transfer,40,37.96,1542.75,1,3,2,7.0,20.0,Chennai,No
CUST100810,36.0,Male,2024-07-27,Month-to-month,DSL,Electronic check,17,38.08,582.23,2,1,2,6.0,16.0,Hyderabad,No
CUST103321,34.0,Male,2023-08-13,Month-to-month,No internet,Electronic check,29,51.91,1562.92,3,3,1,7.0,18.0,Delhi,No
CUST101962,35.0,Male,2025-05-17,One year,Fiber optic,Bank transfer,8,56.05,502.5,3,1,1,6.0,11.0,Mumbai,No
CUST104878,44.0,Male,2023-07-02,Month-to-month,Fiber optic,Credit card,30,53.16,1513.47,2,3,1,6.0,33.0,Delhi,No
CUST103727,46.0,Female,2021-11-18,Two year,Fiber optic,Electronic check,49,73.99,3541.18,4,3,1,6.0,15.0,Hyderabad,No
CUST101726,27.0,Male,2022-10-25,Two year,Fiber optic,Mailed check,38,54.7,1941.33,2,1,1,5.0,15.0,Chennai,Yes
CUST101425,27.0,Male,2024-05-16,Two year,DSL,Mailed check,20,77.16,1338.11,7,0,0,8.0,27.0,Delhi,No
CUST100254,35.0,Female,2024-12-25,Month-to-month,Fiber optic,Bank transfer,12,96.85,1091.43,8,2,0,8.0,7.0,Bengaluru,No
CUST102370,25.0, female ,2023-05-26,Month-to-month,Fiber optic,Bank transfer,31,41.76,1349.53,2,0,0,8.0,5.0,Delhi,No
CUST102813,32.0,Female,2024-07-26,Month-to-month,Fiber optic,Bank transfer,17,32.13,545.3,1,3,2,7.0,46.0,Delhi,No
CUST101507,37.0,,2025-11-28,Two year,Fiber optic,Electronic check,1,85.52,82.21,6,1,1,9.0,17.0,Bengaluru,No
CUST104333,50.0,Female,2024-10-19,One year,Fiber optic,Electronic check,14,49.56,632.19,2,2,1,6.0,9.0,Mumbai,No
CUST102543,47.0,Male,2024-06-18,Month-to-month,DSL,Mailed check,18,54.67,968.14,4,1,1,5.0,11.0,Bengaluru,No
CUST101034,32.0,Male,2025-02-27,Month-to-month,DSL,Electronic check,10,68.71,722.38,8,3,1,6.0,9.0,Mumbai,Yes
CUST103193,24.0,Male,2024-07-18,Month-to-month,DSL,Credit card,17,39.21,642.85,2,3,1,6.0,33.0,Chennai,No
CUST100471,33.0,Female,2023-05-24,Month-to-month,Fiber optic,Electronic check,31,65.31,1995.46,2,0,0,8.0,10.0,Bengaluru,No
CUST101747,42.0,Female,2025-03-05,Two year,No internet,Mailed check,10,59.76,558.92,4,0,1,10.0,15.0,Bengaluru,No
CUST104671,33.0,Male,2022-02-15,Two year,Fiber optic,Electronic check,47,74.21,3553.49,4,3,2,4.0,19.0,Mumbai,No
CUST100315,34.0,Female,2021-03-25,Month-to-month,Fiber optic,Electronic check,57,39.87,2201.73,1,3,1,6.0,22.0,Delhi,No
CUST101272,34.0,Male,2024-07-20,Month-to-month,Fiber optic,Credit card,17,89.39,1427.97,6,4,0,9.0,24.0,Pune,No
CUST100856,42.0,Male,2023-09-15,One year,DSL,Electronic check,28,54.48,1491.59,6,2,2,7.0,41.0,Mumbai,No
CUST101616,73.0, female ,2025-01-09,One year,Fiber optic,Mailed check,12,94.19,1174.03,4,1,0,7.0,32.0,Mumbai,Yes
CUST103621,30.0,Male,2023-12-09,Two year,Fiber optic,Bank transfer,25,93.01,2192.41,5,2,2,5.0,10.0,Hyderabad,No
CUST102307,38.0,Female,2021-04-23,Month-to-month,DSL,Electronic check,56,54.19,2916.94,3,3,1,4.0,19.0,Delhi,Yes
CUST103159,30.0,Male,2022-12-03,Month-to-month,DSL, electronic check ,37,65.19,2099.15,4,1,1,6.0,12.0,Delhi,No
CUST100069,36.0,Female,2022-09-05,Month-to-month,Fiber optic,Bank transfer,40,74.57,2815.7,4,0,1,,22.0,Mumbai,No
CUST103259,34.0,Male,2025-03-28,Month-to-month,Fiber optic,Bank transfer,9,69.6,683.45,4,3,1,5.0,37.0,Mumbai,Yes
CUST100734,41.0,Female,2022-05-24,One year,Fiber optic,Electronic check,43,63.96,2728.02,4,2,0,7.0,49.0,Hyderabad,No
CUST102229,41.0,Male,2023-12-02,One year,DSL,Bank transfer,25,57.82,1524.6,5,2,0,7.0,13.0,Mumbai,No
CUST101557,47.0,Male,2021-07-07,Month-to-month,DSL,Mailed check,54,73.18,4059.25,5,3,2,3.0,20.0,Hyderabad,No
CUST100931,43.0,Female,2024-01-01,Month-to-month,Fiber optic,Electronic check,24,85.69,2139.85,6,1,2,7.0,2.0,Mumbai,No
CUST104006,34.0,Female,2023-03-11,Month-to-month,No internet,Electronic check,34,35.33,1140.1,2,1,1,,11.0,Mumbai,No
CUST101730,37.0,Male,2022-08-21,One year,Fiber optic,Credit card,40,96.04,3770.62,5,0,1,8.0,23.0,Bengaluru,No
CUST103652,48.0,Female,2024-12-13,One year,Fiber optic,Mailed check,13,75.59,1179.92,5,1,0,8.0,6.0,Delhi,No
CUST101702,40.0,Male,2024-10-24,Month-to-month,Fiber optic,Electronic check,14,62.56,1076.27,3,0,0,6.0,5.0,Chennai,No
CUST101839,27.0,Male,2025-10-03,One year,Fiber optic,Bank transfer,3,74.47,211.0,5,3,0,7.0,11.0,Hyderabad,No
CUST104720,18.0,Male,2025-09-29,Month-to-month,No internet,Bank transfer,3,49.37,145.73,2,2,0,7.0,6.0,Pune,No
CUST102367,33.0,Male,2024-10-27,Month-to-month,DSL,Electronic check,14,84.39,1120.17,8,2,2,6.0,25.0,Pune,No
CUST101001,29.0,Female,2023-03-05,One year,Fiber optic,,34,41.94,1107.36,2,3,0,8.0,12.0,Hyderabad,No
CUST101717,32.0,Female,2023-11-07,Month-to-month,No internet,Bank transfer,26,35.98,1004.36,2,0,2,7.0,13.0,Hyderabad,No
CUST100387,44.0,Female,2024-07-06,One year,Fiber optic,Bank transfer,18,48.72,822.19,3,5,3,5.0,30.0,Delhi,Yes
CUST101550,19.0,Male,2022-10-01,Month-to-month,DSL,Credit card,39,67.46,2461.62,8,1,1,9.0,10.0,,No
CUST104853,18.0,Female,2021-12-26,Month-to-month,DSL,Credit card,48,51.52,2295.45,5,1,1,7.0,32.0,Hyderabad,No
CUST101204,30.0,Male,2025-05-19,One year,DSL,Credit card,7,27.05,176.64,2,2,0,6.0,19.0,Delhi,No
CUST103703,29.0,Female,2025-08-21,Month-to-month,Fiber optic,Bank transfer,4,77.39,329.27,5,3,1,5.0,54.0,Hyderabad,No
CUST100949,18.0,Female,2023-03-31,Month-to-month,DSL,Mailed check,33,58.37,2190.59,5,0,2,7.0,8.0,Pune,No
CUST102846,31.0,Female,2024-02-27,Month-to-month,Fiber optic,Bank transfer,22,42.1,941.15,2,0,0,7.0,12.0,Bengaluru,No
CUST100410,20.0,Female,2024-07-10,Month-to-month,No internet,Bank transfer,18,50.03,1031.53,4,0,3,5.0,23.0,Bengaluru,No
CUST101018,34.0,Male,2024-01-23,Month-to-month,No internet,Bank transfer,23,18.0,403.09,1,2,2,6.0,7.0,Chennai,No
CUST100109,18.0,Female,2024-05-21,Two year,Fiber optic,Electronic check,19,90.11,1589.34,6,0,0,7.0,,Bengaluru,Yes
CUST104968,34.0,,2025-07-31,Month-to-month,Fiber optic,Electronic check,5,76.17,332.64,5,0,2,9.0,,Chennai,Yes
CUST104773,46.0,Female,2023-07-02,One year,DSL,Electronic check,30,44.92,1370.0,4,1,1,8.0,22.0,Mumbai,No
CUST103220,55.0,Female,2025-01-16,One year,Fiber optic,Bank transfer,11,95.1,1122.07,6,3,1,8.0,20.0,Mumbai,No
CUST103408,44.0,Male,2024-07-03,Month-to-month,DSL,Electronic check,18,63.79,1034.48,6,0,3,4.0,11.0,Chennai,No
CUST103667,25.0,Male,2025-03-01,Month-to-month,Fiber optic,Bank transfer,10,89.13,805.31,6,2,1,8.0,16.0,Pune,No
CUST102576,28.0,Female,2021-05-16,Month-to-month,Fiber optic,Bank transfer,56,57.74,3322.35,3,0,1,8.0,12.0,Chennai,No
CUST104557,44.0,Male,2023-12-02,Two year,Fiber optic,Bank transfer,25,86.12,2249.08,4,5,2,7.0,24.0,Delhi,No
CUST101261,39.0,Female,2022-04-23,Month-to-month,Fiber optic,Electronic check,44,79.35,3185.57,3,0,1,6.0,8.0,Chennai,No
CUST100829,18.0,Male,2022-09-20,Month-to-month,Fiber optic,Bank transfer,39,40.04,1537.09,2,3,1,,16.0,Chennai,No
CUST102847,31.0,Male,2022-10-16,Month-to-month,No internet,Electronic check,39,59.28,2378.92,5,0,3,10.0,35.0,Hyderabad,No
CUST103647,33.0,Female,2021-11-29,One year,No internet,Bank transfer,49,74.44,3670.19,6,1,2,7.0,20.0,Delhi,No
CUST103515,34.0, female ,2021-03-29,Two year,Fiber optic,Electronic check,57,107.41,6638.74,8,2,2,6.0,21.0,Pune,No
CUST104747,23.0,Male,2024-03-03,One year,DSL,Credit card,22,54.74,1377.91,5,2,1,7.0,6.0,Chennai,No
CUST104786,22.0,Female,2023-05-18,Month-to-month,DSL,Electronic check,32,,2507.37,6,2,4,5.0,10.0,Bengaluru,No
CUST104947,42.0,Male,2024-02-12,Month-to-month,No internet,Electronic check,23,42.23,1005.87,4,3,0,8.0,9.0,Chennai,Yes
CUST104784,39.0,Female,2021-09-18,One year,DSL,Credit card,51,34.54,1599.21,3,1,1,6.0,11.0,Hyderabad,No
CUST104161,22.0,Male,2024-09-14,Month-to-month,DSL,Credit card,16,61.64,968.78,4,1,1,7.0,20.0,Pune,No
CUST102886,44.0,Female,2022-12-25,One year,DSL,Mailed check,36,76.01,2592.14,6,0,5,,9.0,Hyderabad,No
CUST101117,34.0,Female,2023-02-10,Two year,Fiber optic,Electronic check,35,49.62,1711.07,3,3,1,,16.0,Chennai,No
CUST100505,31.0,Female,2022-03-17,One year,Fiber optic,Electronic check,46,52.04,2264.33,3,2,1,7.0,19.0,Delhi,No
CUST102284,44.0,Male,2021-04-15,One year,No internet,Bank transfer,57,62.96,3418.28,4,2,3,10.0,16.0,Bengaluru,No
CUST103964,35.0,Male,2023-01-01,Month-to-month,Fiber optic,Bank transfer,36,48.49,1476.9,3,0,1,8.0,47.0,Hyderabad,Yes
CUST100177,40.0,Male,2022-10-08,One year,Fiber optic,Electronic check,39,88.43,3473.03,6,2,3,7.0,30.0,Delhi,No
CUST103526,43.0,Male,2024-10-02,Month-to-month,Fiber optic,Electronic check,15,50.46,715.62,2,1,0,7.0,9.0,Delhi,No
CUST104711,,Female,2024-03-22,Month-to-month,DSL,Credit card,21,50.95,1210.5,4,1,2,9.0,10.0,Bengaluru,No
CUST100080,43.0,Male,2021-01-04,One year,No internet,Credit card,60,28.65,1834.05,2,3,2,7.0,17.0,Hyderabad,No
CUST100577,53.0,Female,2022-04-26,Month-to-month,DSL,Bank transfer,44,42.13,1622.91,2,0,0,6.0,7.0,Chennai,No
CUST100586,24.0,Female,2022-07-25,Two year,No internet,Bank transfer,41,80.01,3263.21,7,1,4,4.0,19.0,Chennai,No
CUST102439,36.0,Female,2024-01-09,Month-to-month,DSL,Bank transfer,24,58.98,1278.66,5,2,1,8.0,15.0,Chennai,No
CUST101694,,Male,2025-01-24,Month-to-month,Fiber optic,Mailed check,11,68.7,815.82,5,2,2,5.0,17.0,Chennai,Yes
CUST104507,26.0,Female,2021-11-24,Month-to-month,DSL,Mailed check,49,46.55,2429.59,4,2,1,6.0,20.0,Hyderabad,No
CUST101421,35.0,Female,2021-03-17,One year,DSL,Bank transfer,58,55.25,3337.2,3,2,0,6.0,16.0,Chennai,No
CUST100221,41.0,Female,2024-10-04,Two year,DSL,Bank transfer,15,71.9,1245.6,6,1,2,10.0,3.0,Hyderabad,No
CUST100093,37.0,Male,2025-01-27,Month-to-month,DSL,Bank transfer,11,55.49,585.53,4,2,3,5.0,7.0,Hyderabad,No
CUST102646,58.0,Male,2023-01-12,Month-to-month,DSL,Bank transfer,36,30.55,1271.06,2,2,1,7.0,14.0,Hyderabad,No
CUST102561,39.0,Male,2023-10-28,One year,No internet,Electronic check,26,49.75,1269.19,4,2,2,5.0,11.0,Pune,No
CUST102742,28.0,Male,2024-10-29,Two year,Fiber optic,Credit card,14,67.03,876.4,3,1,0,8.0,8.0,Delhi,No
CUST100677,43.0, female ,2024-02-01,Month-to-month,DSL,Credit card,23,28.66,596.47,3,1,3,7.0,11.0,Bengaluru,No
CUST101002,33.0,Male,2023-12-08,Two year,DSL,Credit card,25,18.0,411.55,2,1,2,5.0,8.0,Mumbai,No
CUST103920,42.0,Male,2022-05-01,Month-to-month,Fiber optic,Mailed check,44,72.47,3282.12,4,0,1,10.0,17.0,Chennai,No
CUST104013,59.0,Male,2024-04-09,One year,Fiber optic,Electronic check,21,85.02,1630.4,6,2,1,5.0,16.0,Mumbai,No
CUST104525,24.0,Male,2022-08-05,Two year,DSL,Mailed check,41,40.82,1463.68,3,0,1,9.0,2.0,Mumbai,No
CUST103718,43.0,Female,2024-04-23,Month-to-month,Fiber optic,Credit card,20,75.84,1567.73,4,2,2,9.0,25.0,Chennai,No
CUST101491,38.0,Male,2021-03-01,Month-to-month,DSL,Bank transfer,58,65.04,4161.43,4,2,1,8.0,17.0,Pune,No
CUST104232,26.0,Female,2024-06-14,One year,Fiber optic,Mailed check,19,85.31,1839.93,6,0,2,5.0,9.0,Mumbai,No
CUST102312,54.0,Male,2023-07-28,Month-to-month,Fiber optic,Bank transfer,29,92.46,2656.25,5,1,3,7.0,18.0,Chennai,Yes
CUST100765,18.0,Male,2024-01-15,Month-to-month,No internet,Bank transfer,24,56.25,1414.86,5,1,0,9.0,8.0,Chennai,No
CUST103651,41.0,Female,2021-09-13,Month-to-month,DSL,,52,63.84,3386.2,4,0,3,8.0,12.0,Chennai,No
CUST101881,55.0,Female,2023-11-05,Month-to-month,DSL,Bank transfer,26,41.72,1072.13,4,2,2,6.0,21.0,Mumbai,Yes
CUST104241,28.0,Female,2022-02-06,Month-to-month,Fiber optic,Credit card,47,86.42,4377.32,5,2,1,7.0,14.0,Hyderabad,No
CUST100538,18.0,Female,2023-08-06,Month-to-month,Fiber optic,Electronic check,29,70.11,2002.19,4,0,0,7.0,0.0,Bengaluru,No
CUST102948,47.0,Female,2025-06-11,Month-to-month,No internet,Electronic check,7,47.82,352.9,3,1,1,8.0,18.0,Delhi,No
CUST103334,39.0,Male,2021-05-29,Two year,No internet,Mailed check,55,54.59,2801.89,4,2,1,7.0,10.0,Pune,Yes
CUST101220,37.0,Female,2023-10-25,One year,Fiber optic,,26,73.24,1890.93,5,2,0,7.0,6.0,Delhi,No
CUST101057,43.0,Male,2022-02-21,Month-to-month,DSL,Electronic check,46,35.83,1984.7,1,1,2,9.0,6.0,Delhi,No
CUST102045,26.0,Female,2021-02-16,Month-to-month,No internet,Credit card,58,68.18,4141.33,7,3,0,7.0,9.0,Bengaluru,No
CUST104153,28.0,Female,2022-04-07,Month-to-month,Fiber optic,Credit card,45,84.17,3780.97,6,0,1,8.0,18.0,Chennai,No
CUST104890,45.0,Male,2021-03-26,Month-to-month,No internet,Bank transfer,57,55.55,3831.8,4,1,0,7.0,7.0,Mumbai,No
CUST103690,47.0,Female,2025-08-31,One year,No internet,Electronic check,4,30.53,119.14,2,1,5,6.0,31.0,Hyderabad,Yes
CUST104408,37.0,Male,2025-11-30,Two year,DSL,Credit card,1,28.03,25.24,2,2,1,5.0,12.0,Hyderabad,No
CUST102706,43.0,Male,2022-04-07,Month-to-month,DSL,Credit card,45,60.6,2571.72,5,0,1,8.0,23.0,Bengaluru,No
CUST101268,46.0,Male,2023-07-16,Month-to-month,DSL,Electronic check,30,53.89,1705.19,4,0,1,10.0,34.0,Mumbai,No
CUST102789,33.0,Female,2022-09-28,Two year,Fiber optic,Credit card,39,72.53,3041.01,4,2,1,7.0,60.0,Bengaluru,No
CUST100655,42.0,Female,2021-03-26,Month-to-month,Fiber optic,Bank transfer,57,66.3,4237.66,4,3,1,7.0,30.0,Chennai,Yes
CUST103725,55.0,Female,2021-12-19,Month-to-month,DSL,Credit card,48,39.25,1789.59,2,3,2,5.0,10.0,Mumbai,No
CUST100219,30.0,Male,2023-08-08,One year,Fiber optic,Electronic check,29,89.68,2350.61,5,0,3,8.0,18.0,Chennai,No
CUST104597,42.0,Female,2021-11-18,Month-to-month,Fiber optic,Bank transfer,49,37.28,1842.87,1,3,1,4.0,21.0,Mumbai,No
CUST103754,35.0,Male,2022-12-05,One year,DSL,Electronic check,37,56.65,2072.08,4,2,1,5.0,29.0,Hyderabad,No
CUST100043,41.0,Female,2022-08-02,Month-to-month,Fiber optic,Electronic check,41,47.53,1796.21,2,2,1,8.0,52.0,Delhi,No
CUST100210,49.0,Female,2025-02-24,Month-to-month,Fiber optic,Bank transfer,10,90.11,887.75,4,1,1,7.0,24.0,Hyderabad,Yes
CUST101966,41.0,Male,2025-06-22,Month-to-month,Fiber optic,Electronic check,6,77.65,539.89,5,1,1,9.0,25.0,Bengaluru,No
CUST100354,51.0,Male,2022-05-10,Month-to-month,No internet,Credit card,44,77.71,3478.71,6,1,0,10.0,33.0,Delhi,No
CUST101513,18.0,Female,2023-06-12,One year,Fiber optic,Bank transfer,31,36.65,1160.58,1,4,1,7.0,31.0,Hyderabad,No
CUST104237,41.0,Female,2024-10-09,Month-to-month,Fiber optic,Mailed check,15,75.32,1002.53,4,1,1,5.0,20.0,Hyderabad,No
CUST104438,21.0,Female,2025-03-30,Month-to-month,DSL,Bank transfer,9,39.78,362.75,3,3,0,8.0,14.0,Hyderabad,No
CUST102495,65.0,Male,2024-02-11,Month-to-month,Fiber optic,Credit card,23,49.35,1138.61,2,2,1,5.0,36.0,Chennai,No
CUST100367,28.0,Male,2025-04-14,One year,DSL,,9,54.21,487.29,3,3,2,6.0,19.0,Pune,No
CUST102833,26.0,Female,2021-10-23,Month-to-month,Fiber optic,Electronic check,50,91.31,4843.89,5,2,1,5.0,18.0,Hyderabad,No
CUST104765,42.0,Female,2025-05-14,One year,DSL,Mailed check,8,18.0,143.18,1,5,2,4.0,24.0,Chennai,No
CUST104568,46.0,Male,2025-04-30,Month-to-month,DSL,Credit card,8,45.32,382.98,4,1,0,8.0,13.0,Pune,No
CUST100135,26.0,Female,2022-03-14,Month-to-month,Fiber optic,Credit card,46,41.87,2000.18,1,0,1,8.0,4.0,Mumbai,No
CUST101448,,Female,2023-12-30,One year,DSL,Bank transfer,24,79.19,1895.57,6,1,1,7.0,10.0,Delhi,No
CUST100047,41.0,Male,2023-07-23,Month-to-month,DSL,Credit card,29,47.8,1570.9,4,2,3,5.0,34.0,Pune,No
CUST104287,30.0,Female,2024-07-22,Month-to-month,DSL,Mailed check,17,69.7,1264.85,5,1,0,10.0,12.0,,No
CUST102880,42.0,Female,2025-01-27,Two year,Fiber optic,Bank transfer,11,95.57,1070.88,8,1,0,6.0,21.0,Pune,No
CUST104235,45.0,Female,2025-10-12,Month-to-month,No internet,Electronic check,3,66.13,181.31,7,1,0,8.0,12.0,Mumbai,No
CUST103289,26.0,Female,2021-05-03,Two year,Fiber optic,Bank transfer,56,105.52,6215.39,8,1,2,8.0,3.0,Pune,No
CUST103022,43.0,Male,2022-01-15,Month-to-month,DSL,Credit card,48,50.88,,5,2,2,6.0,59.0,Bengaluru,Yes
CUST103296,43.0,Female,2024-01-19,Month-to-month,Fiber optic,Electronic check,23,103.61,2416.78,8,0,0,4.0,2.0,Pune,No
CUST100061,34.0,Male,2025-06-04,Month-to-month,Fiber optic,Credit card,7,68.13,420.32,4,1,0,6.0,24.0,Bengaluru,No
CUST100642,63.0,Female,2021-01-05,Month-to-month,Fiber optic,Electronic check,60,86.39,5728.28,8,0,0,9.0,7.0,Chennai,No
CUST103034,51.0,Female,2021-12-30,One year,DSL,Bank transfer,48,56.19,2551.22,5,2,3,7.0,7.0,Bengaluru,No
CUST100095,21.0,Male,2025-05-27,Month-to-month,DSL,Bank transfer,7,40.14,303.04,3,2,0,7.0,20.0,Bengaluru,No
CUST100478,38.0,Male,2023-02-20,Month-to-month,Fiber optic,Credit card,34,108.07,3457.2,8,1,1,8.0,63.0,Hyderabad,No
CUST101739,39.0,Male,2024-01-02,Month-to-month,DSL,Credit card,24,96.85,2125.79,8,1,1,7.0,18.0,Pune,No
CUST101600,37.0,Male,2025-03-09,Month-to-month,Fiber optic,Bank transfer,10,88.16,890.39,3,4,2,7.0,9.0,Bengaluru,Yes
CUST103842,42.0,Female,2023-09-22,Month-to-month,No internet,Mailed check,27,46.07,1257.59,2,3,0,7.0,12.0,Hyderabad,No
CUST101126,59.0,Female,2025-09-16,Month-to-month,Fiber optic,Electronic check,4,63.81,255.59,3,6,1,4.0,30.0,Hyderabad,Yes
CUST103937,44.0,Male,2024-01-12,Month-to-month,DSL,Bank transfer,24,43.35,940.28,3,2,0,6.0,17.0,Bengaluru,No
CUST104648,40.0,Male,2025-01-18,One year,Fiber optic,Electronic check,11,72.94,781.83,5,1,4,,12.0,Delhi,No
CUST100322,52.0,Female,2024-11-12,One year,Fiber optic,Credit card,14,45.3,717.23,1,3,0,6.0,14.0,Hyderabad,No
CUST103269,28.0,Female,2024-04-22,Month-to-month,DSL,Mailed check,20,46.98,919.15,3,2,2,7.0,14.0,Mumbai,Yes
CUST102244,44.0,Male,2022-09-23,Month-to-month,DSL,Bank transfer,39,49.57,1995.45,4,1,1,7.0,15.0,Chennai,No
CUST104286,,Male,2022-11-29,Two year,Fiber optic,Electronic check,37,90.16,3138.76,6,1,0,7.0,27.0,Chennai,No
CUST104706,43.0,Male,2023-11-29,Month-to-month,No internet,Credit card,25,21.96,466.71,2,1,0,6.0,9.0,Bengaluru,No
CUST103071,40.0,Male,2022-08-26,Month-to-month,Fiber optic,Credit card,40,65.27,2589.41,3,1,1,7.0,15.0,Bengaluru,No
CUST101705,61.0,Male,2022-12-22,Month-to-month,No internet,Electronic check,36,94.81,3828.06,7,2,2,7.0,8.0,Hyderabad,No
CUST104229,49.0,Female,2025-06-14,One year,No internet,Credit card,7,58.25,368.4,5,3,2,5.0,8.0,Bengaluru,No
CUST103428,61.0,Female,2023-12-24,One year,Fiber optic,Credit card,24,90.2,2135.3,4,0,1,7.0,9.0,Bengaluru,No
CUST100291,40.0,Male,2023-05-02,Month-to-month,Fiber optic,Electronic check,32,46.99,1459.89,2,3,1,6.0,13.0,Hyderabad,No
CUST103046,44.0,Female,2021-09-06,Two year,No internet,Bank transfer,52,25.14,1374.71,1,1,2,9.0,5.0,Delhi,No
CUST101032,32.0,Male,2021-05-30,Month-to-month,Fiber optic,Credit card,55,38.44,2295.62,1,3,1,5.0,19.0,Chennai,Yes
CUST100533,43.0,Male,2023-12-19,Two year,DSL,Bank transfer,24,66.36,1870.66,6,0,1,10.0,5.0,Delhi,No
CUST103963,33.0,Male,2023-01-21,Two year,Fiber optic,Electronic check,35,63.82,2374.86,4,1,0,7.0,17.0,Chennai,No
CUST102673,44.0,Female,2021-04-06,Two year,Fiber optic,Bank transfer,57,82.24,5378.49,5,1,2,8.0,24.0,Delhi,No
CUST104476,41.0,Male,2022-06-29,Month-to-month,No internet,Credit card,42,37.19,1559.43,3,1,3,9.0,11.0,Hyderabad,No
CUST102792,29.0,Female,2023-12-04,One year,No internet,Bank transfer,25,59.49,1424.46,4,2,1,5.0,16.0,Pune,No
CUST102031,32.0,Female,2025-04-01,Month-to-month,DSL,Electronic check,9,68.95,544.86,6,3,2,7.0,34.0,Hyderabad,Yes
CUST104920,34.0,Male,2022-03-17,Month-to-month,DSL,Electronic check,46,40.48,1852.94,3,3,1,6.0,21.0,Hyderabad,No
CUST103980,42.0,Female,2021-12-26,Month-to-month,Fiber optic,Bank transfer,48,63.89,3341.17,3,0,1,7.0,37.0,Mumbai,No
CUST100731,39.0,Male,2021-08-20,One year,DSL,Electronic check,52,70.54,3244.87,5,1,0,9.0,18.0,Mumbai,No
CUST104071,36.0,Female,2025-03-02,One year,DSL,Credit card,10,72.12,745.91,6,3,0,8.0,11.0,Pune,No
CUST104918,41.0,Female,2025-11-11,One year,No internet,Electronic check,2,72.3,132.04,5,2,2,7.0,12.0,Delhi,Yes
CUST101650,32.0,Female,2024-03-16,One year,Fiber optic,Electronic check,22,84.79,1654.15,6,3,1,5.0,12.0,Delhi,No
CUST101149,50.0,Male,2021-07-20,Two year,Fiber optic,Electronic check,53,57.24,3107.68,2,2,2,7.0,30.0,Hyderabad,No
CUST102784,43.0,Male,2021-11-01,Two year,No internet,Credit card,50,31.58,1567.74,2,1,2,7.0,32.0,Delhi,No
CUST101456,66.0,Female,2023-03-09,Month-to-month,DSL,Electronic check,34,45.02,1561.34,3,0,2,8.0,11.0,Bengaluru,No
CUST103641,58.0,Male,2023-03-30,Two year,Fiber optic,Credit card,33,73.91,2417.19,4,0,1,7.0,17.0,Delhi,No
CUST102413,21.0,Male,2021-03-21,Two year,DSL,Electronic check,57,37.5,2455.64,3,3,1,6.0,16.0,Hyderabad,No
CUST101074,27.0,Male,2024-07-21,Month-to-month,DSL,Credit card,17,58.34,1016.95,5,2,1,7.0,16.0,Chennai,No
CUST101782,18.0,Male,2024-10-16,One year,DSL,Bank transfer,15,35.47,445.09,4,0,0,6.0,10.0,Pune,No
CUST103166,27.0,Female,2021-03-17,Month-to-month,Fiber optic,Electronic check,58,58.29,3469.61,3,3,2,5.0,21.0,Mumbai,Yes
CUST100848,30.0,Female,2025-01-12,Month-to-month,Fiber optic,Credit card,12,92.52,1149.26,5,2,1,7.0,10.0,Chennai,Yes
CUST104638,32.0,Male,2024-11-14,One year,Fiber optic,Mailed check,14,47.19,642.95,2,3,2,6.0,29.0,Delhi,No
CUST104945,61.0,Male,2022-10-21,Month-to-month,Fiber optic,Credit card,38,68.64,2409.46,3,6,0,5.0,23.0,Hyderabad,No
CUST102929,34.0,Male,2025-10-16,One year,Fiber optic,Electronic check,3,56.94,171.91,3,3,1,5.0,7.0,Bengaluru,No
CUST103065,38.0,Male,2023-10-11,Two year,No internet,Mailed check,27,56.41,1301.93,3,1,1,9.0,5.0,Chennai,No
CUST104077,32.0,Male,2025-11-01,One year,DSL,Electronic check,2,43.55,88.38,3,2,2,8.0,6.0,Pune,No
CUST102659,43.0,Female,2025-02-16,One year,Fiber optic,Credit card,10,66.39,677.97,4,1,1,5.0,29.0,Chennai,No
CUST103265,43.0,Female,2023-10-19,Two year,DSL,Electronic check,26,33.22,890.32,2,0,0,6.0,6.0,Bengaluru,Yes
CUST101095,,Female,2021-11-20,One year,DSL,Electronic check,49,33.55,1365.4,3,1,2,7.0,24.0,Chennai,No
CUST104189,63.0,Male,2021-05-07,Two year,DSL,Bank transfer,56,60.19,3014.33,7,4,2,4.0,20.0,Hyderabad,No
CUST102267,35.0,Male,2023-05-04,Two year,Fiber optic,Electronic check,32,93.09,2900.24,5,2,0,6.0,,Bengaluru,No
CUST101221,53.0,Female,2021-03-05,One year,Fiber optic,Credit card,58,80.76,4556.4,4,1,0,8.0,17.0,Hyderabad,No
CUST102714,36.0,Male,2024-06-03,Month-to-month,DSL,Bank transfer,19,31.93,591.94,3,2,3,9.0,17.0,Pune,No
CUST103613,32.0,Female,2024-09-08,Two year,Fiber optic,Electronic check,16,82.39,1422.05,3,3,0,9.0,20.0,Pune,No
CUST100683,32.0,Male,2021-01-30,One year,DSL,Electronic check,59,72.25,5382.72,8,2,0,8.0,27.0,Bengaluru,Yes
CUST103035,44.0,Female,2025-06-30,Month-to-month,DSL,Electronic check,6,44.25,219.91,2,2,3,8.0,22.0,Delhi,No
CUST103379,35.0,MALE,2025-10-02,One year,Fiber optic,Electronic check,3,33.4,90.52,2,0,0,8.0,16.0,Pune,No
CUST101714,26.0,Male,2023-03-10,Month-to-month,Fiber optic,Bank transfer,34,71.03,2706.27,3,0,0,8.0,21.0,Bengaluru,No
CUST103320,19.0,Male,2021-03-01,One year,DSL,Credit card,58,91.93,5436.34,7,3,1,7.0,30.0,Pune,No
CUST102908,24.0,Female,2025-02-06,Month-to-month,No internet,Electronic check,11,58.12,644.21,4,0,1,9.0,21.0,Bengaluru,No
CUST100070,23.0,Female,2022-06-06,One year,Fiber optic,Bank transfer,43,53.83,2187.6,2,1,0,7.0,8.0,Bengaluru,No
CUST100926,36.0,Male,2021-11-09,Month-to-month,DSL,Bank transfer,50,48.56,2292.06,6,1,2,7.0,34.0,Pune,Yes
CUST102818,47.0,Female,2023-08-03,One year,Fiber optic,Credit card,29,81.55,2292.36,5,2,1,5.0,46.0,Delhi,No
CUST100800,28.0,Male,2024-02-01,One year,Fiber optic,Electronic check,23,49.96,837.36,3,2,1,7.0,10.0,Pune,Yes
CUST103282,31.0,Female,2023-04-21,Two year,DSL,Credit card,32,,1544.67,1,1,0,8.0,21.0,Hyderabad,No
CUST103109,28.0,Male,2022-01-24,Month-to-month,DSL,Credit card,47,69.24,3265.01,5,2,3,7.0,22.0,Bengaluru,No
CUST102596,,Female,2022-11-15,One year,DSL,Credit card,38,56.29,2199.92,5,1,0,7.0,47.0,Chennai,No
CUST103338,25.0,Female,2023-03-26,Month-to-month,No internet,Electronic check,33,43.66,1425.32,2,2,2,5.0,22.0,Bengaluru,Yes
CUST101323,19.0,Male,2022-04-12,Month-to-month,Fiber optic,Credit card,45,96.12,4562.06,7,2,1,5.0,11.0,Chennai,No
CUST103505,58.0,Male,2021-01-07,Two year,DSL,Credit card,60,44.76,2935.53,2,1,0,9.0,6.0,Delhi,No
CUST101209,42.0,Male,2025-12-03,Month-to-month,No internet,Electronic check,1,,44.23,2,3,1,4.0,5.0,Pune,Yes
CUST100952,44.0,Male,2022-07-02,One year,DSL,Bank transfer,42,30.09,1265.57,3,3,0,7.0,15.0,Pune,No
CUST102337,48.0,Male,2022-02-16,Two year,Fiber optic,Credit card,46,64.62,2927.27,4,3,0,7.0,34.0,Mumbai,No
CUST101658,47.0,Female,2021-03-09,Month-to-month,DSL,Electronic check,58,52.38,3315.55,4,4,1,7.0,16.0,Chennai,No
CUST101485,28.0,Female,2022-01-10,One year,DSL,Electronic check,48,73.58,3900.59,8,2,0,8.0,21.0,Chennai,No
CUST104387,45.0, female ,2024-04-29,One year,Fiber optic,Bank transfer,20,28.6,625.68,1,3,0,7.0,19.0,Hyderabad,No
CUST103800,34.0,Female,2022-09-21,One year,DSL,Mailed check,39,56.56,2513.35,5,2,0,6.0,44.0,Bengaluru,Yes
CUST103055,24.0,Female,2022-09-03,One year,No internet,Mailed check,40,36.72,1338.32,3,3,0,9.0,50.0,Chennai,Yes
CUST102988,41.0,Female,2023-04-23,One year,No internet,Credit card,32,57.3,1901.3,5,0,2,8.0,18.0,,No
CUST101803,33.0,Male,2025-10-04,Month-to-month,DSL,Electronic check,3,26.04,74.7,1,1,2,7.0,12.0,Hyderabad,No
CUST101935,57.0,Female,2025-04-10,Month-to-month,Fiber optic,Electronic check,9,61.08,615.44,2,2,1,5.0,20.0,Chennai,Yes
CUST101049,43.0,Female,2022-08-02,Two year,No internet,Electronic check,41,40.68,1528.08,3,4,1,6.0,12.0,Chennai,No
CUST104739,37.0,Male,2021-01-01,Two year,DSL,Bank transfer,60,102.62,5945.01,8,3,1,6.0,36.0,Delhi,No
CUST103657,61.0,Female,2023-02-28,One year,DSL,Bank transfer,34,40.64,1422.63,3,1,1,8.0,23.0,Mumbai,Yes
CUST103691,37.0,Female,2024-07-21,Two year,No internet,Electronic check,17,87.05,1360.75,8,2,2,8.0,36.0,Delhi,No
CUST102955,26.0,Male,2024-07-08,Two year,Fiber optic,Bank transfer,18,80.58,1568.93,5,4,2,4.0,24.0,Pune,No
CUST102348,56.0,Female,2023-07-28,Two year,Fiber optic,Electronic check,29,81.81,2262.73,5,1,1,9.0,16.0,Chennai,No
CUST101952,18.0,Female,2024-06-08,Month-to-month,DSL,Credit card,19,42.54,728.41,3,0,0,8.0,26.0,Bengaluru,Yes
CUST100969,38.0,Male,2021-08-02,Month-to-month,Fiber optic,Credit card,53,86.91,4695.72,6,0,1,6.0,5.0,Pune,No
CUST101606,44.0,Male,2024-10-20,Month-to-month,Fiber optic,Credit card,14,56.28,682.69,4,3,0,5.0,40.0,Pune,Yes
CUST103820,50.0,Male,2023-01-19,Two year,DSL,Bank transfer,35,63.29,1859.97,4,2,0,7.0,28.0,Hyderabad,No
CUST103975,42.0,Male,2022-07-03,Month-to-month,DSL,Bank transfer,42,39.65,1681.1,3,2,2,7.0,15.0,Mumbai,No
CUST101878,55.0,Female,2021-03-27,Two year,No internet,Electronic check,57,46.12,2478.93,4,2,2,6.0,21.0,Mumbai,Yes
CUST101670,37.0,Male,2021-06-19,Month-to-month,No internet,Electronic check,54,45.72,2253.82,4,2,1,5.0,10.0,Hyderabad,No
CUST103646,55.0,Female,2022-06-25,Month-to-month,Fiber optic,Credit card,42,76.3,2801.49,5,1,1,9.0,8.0,Chennai,No
CUST102095,47.0,Female,2024-08-02,Month-to-month,DSL,Bank transfer,17,41.24,648.62,2,2,2,7.0,57.0,Hyderabad,No
CUST100233,52.0,Female,2021-11-15,Two year,DSL,Credit card,50,35.53,1723.97,3,1,2,5.0,26.0,Pune,No
CUST104589,32.0,Female,2025-10-05,One year,Fiber optic,Electronic check,3,61.75,206.21,3,3,0,7.0,20.0,Pune,No
CUST100633,18.0,Male,2025-07-02,One year,No internet,Electronic check,6,65.08,390.44,5,3,2,6.0,28.0,Chennai,No
CUST103837,36.0,Male,2023-11-07,Two year,DSL,Electronic check,26,57.54,1421.19,4,2,1,6.0,10.0,Hyderabad,No
CUST100415,40.0,Male,2022-10-30,Two year,DSL,Mailed check,38,65.28,2764.68,5,4,2,7.0,16.0,Chennai,No
CUST101840,31.0,Male,2022-06-18,One year,DSL,Electronic check,42,36.22,1625.72,2,1,0,4.0,18.0,Hyderabad,No
CUST101723,61.0,Female,2021-09-29,Month-to-month,DSL,Electronic check,51,49.49,2639.65,4,3,3,7.0,27.0,Delhi,Yes
CUST101862,55.0,Female,2022-02-18,Month-to-month,No internet,Electronic check,46,26.57,1331.88,3,3,0,10.0,24.0,Mumbai,No
CUST104533,20.0,Female,2023-11-21,Two year,Fiber optic,Credit card,25,73.64,1951.4,4,4,3,5.0,28.0,Bengaluru,No
CUST102236,38.0,Male,2024-03-13,Month-to-month,DSL,Credit card,22,49.17,1079.71,4,1,1,8.0,27.0,Pune,No
CUST100017,26.0,Male,2022-11-21,Month-to-month,No internet,Credit card,37,61.8,2454.13,5,0,1,7.0,23.0,Delhi,No
CUST103085,47.0,Male,2022-11-30,One year,DSL,Electronic check,37,49.48,1878.99,4,0,1,8.0,15.0,Bengaluru,No
CUST101732,35.0,Male,2023-02-28,Month-to-month,Fiber optic,Credit card,34,68.88,2137.59,3,3,0,6.0,24.0,Delhi,No
CUST101740,33.0,Female,2024-11-05,Month-to-month,No internet,Bank transfer,14,37.72,471.98,2,1,2,6.0,4.0,Hyderabad,Yes
CUST101020,42.0,Male,2025-09-27,One year,Fiber optic,Mailed check,3,77.56,198.67,5,1,1,8.0,5.0,Hyderabad,No
CUST100596,32.0,Female,2022-09-09,One year,Fiber optic,Mailed check,40,90.31,3351.28,6,3,1,6.0,50.0,Delhi,Yes
CUST104207,49.0,Male,2021-04-30,One year,DSL,Electronic check,56,55.29,2747.26,5,1,1,8.0,15.0,Hyderabad,No
CUST102181,41.0,Female,2024-10-24,Month-to-month,DSL,Bank transfer,14,46.08,654.22,4,0,1,8.0,12.0,Pune,No
CUST100977,33.0,Female,2024-10-14,Month-to-month,Fiber optic,Bank transfer,15,66.26,961.3,3,4,2,6.0,8.0,Chennai,No
CUST102473,45.0,Female,2025-07-19,One year,Fiber optic,Bank transfer,5,56.52,275.78,3,1,0,8.0,14.0,Bengaluru,No
CUST102934,29.0,Female,2025-11-08,One year,DSL,Credit card,2,51.83,90.64,3,1,1,6.0,26.0,Pune,No
CUST100893,38.0,Male,2025-02-05,Month-to-month,Fiber optic,Electronic check,11,56.94,644.1,3,0,0,9.0,15.0,Hyderabad,No
CUST100371,54.0,Male,2023-07-04,Month-to-month,DSL,Bank transfer,30,36.02,971.21,2,2,1,7.0,27.0,Pune,No
CUST101371,48.0,Female,2022-06-08,One year,DSL,Bank transfer,43,58.63,2406.21,5,1,1,5.0,18.0,Hyderabad,No
CUST101973,58.0,Female,2023-03-22,Month-to-month,DSL,Bank transfer,33,44.61,1436.92,4,2,4,7.0,14.0,Pune,No
CUST100598,41.0,Male,2025-10-12,Month-to-month,Fiber optic,Electronic check,3,61.07,202.58,4,3,1,5.0,13.0,Hyderabad,No
CUST100238,25.0,Female,2025-11-29,One year,DSL,Electronic check,1,62.26,55.51,4,0,2,7.0,9.0,Hyderabad,No
CUST104764,52.0,Female,2023-01-02,Month-to-month,Fiber optic,Electronic check,36,97.82,2907.33,5,3,5,6.0,61.0,Delhi,No
CUST104391,53.0,Male,2025-02-27,Two year,DSL,Credit card,10,66.29,608.15,6,2,1,10.0,16.0,Delhi,No
CUST102917,60.0,Male,2023-09-27,One year,DSL,Credit card,27,32.75,899.85,3,1,3,4.0,12.0,Chennai,Yes
CUST102115,35.0,Male,2025-07-16,One year,DSL,Bank transfer,6,,356.71,6,0,0,9.0,2.0,Bengaluru,No
CUST102016,38.0,Male,2025-10-11,One year,No internet,Credit card,3,24.62,71.28,2,0,0,9.0,16.0,Chennai,No
CUST104942,35.0,Male,2022-08-06,One year,Fiber optic,Credit card,41,51.79,2210.72,2,2,0,6.0,18.0,Bengaluru,No
CUST103203,51.0,Female,2023-12-03,Month-to-month,DSL,Electronic check,25,68.57,1490.98,5,3,2,7.0,18.0,Chennai,No
CUST104473,49.0,Male,2022-03-05,Two year,DSL,Credit card,46,77.1,3570.06,6,1,3,6.0,9.0,Pune,Yes
CUST104655,37.0,Male,2024-12-29,Two year,Fiber optic,Electronic check,12,84.15,940.56,6,2,1,9.0,15.0,Hyderabad,No
CUST102788,31.0,Male,2024-05-11,Month-to-month,Fiber optic,Mailed check,20,64.01,1216.26,6,3,2,6.0,20.0,Hyderabad,No
CUST100915,52.0,Female,2022-04-16,One year,Fiber optic,Electronic check,45,75.98,2706.78,4,1,3,5.0,16.0,Hyderabad,No
CUST100733,36.0,Male,2021-05-05,One year,Fiber optic,Bank transfer,56,71.29,4117.07,4,0,2,8.0,10.0,Bengaluru,No
CUST101932,28.0,Male,2023-06-22,One year,Fiber optic,Electronic check,30,55.57,1675.45,3,2,1,4.0,16.0,Pune,No
CUST103316,36.0,Female,2021-02-17,One year,No internet,Bank transfer,58,55.62,3335.96,5,1,1,6.0,14.0,Bengaluru,No
CUST101918,34.0,Female,2021-12-19,One year,DSL,Bank transfer,48,,2124.88,3,1,2,8.0,,Bengaluru,No
CUST104275,33.0,Female,2022-07-16,One year,Fiber optic,Bank transfer,42,72.77,3635.62,5,1,4,8.0,32.0,Chennai,No
CUST100841,38.0,Male,2023-05-03,One year,Fiber optic,Electronic check,32,101.09,3439.66,7,0,0,8.0,33.0,Bengaluru,No
CUST101536,47.0,Female,2024-10-14,Two year,DSL,Electronic check,15,55.67,899.6,6,3,0,7.0,21.0,Hyderabad,No
CUST101501,31.0,Male,2021-09-22,Month-to-month,No internet,Electronic check,51,38.36,1994.55,1,2,1,6.0,38.0,Delhi,No
CUST101672,40.0,Female,2024-01-10,Two year,Fiber optic,Electronic check,24,92.32,2058.72,6,2,1,8.0,23.0,Mumbai,No
CUST103585,62.0,Male,2022-04-30,Two year,Fiber optic,Credit card,44,54.94,2208.94,4,5,1,5.0,27.0,Bengaluru,No
CUST104793,37.0,Male,2022-08-13,One year,Fiber optic,Mailed check,41,65.58,2711.79,4,1,1,7.0,16.0,Bengaluru,No
CUST100621,38.0,Female,2024-02-02,Two year,Fiber optic,Bank transfer,23,121.24,2393.14,8,0,1,8.0,6.0,Bengaluru,No
CUST102328,40.0,Male,2024-10-11,Month-to-month,No internet,Electronic check,15,77.03,1199.67,6,1,1,5.0,13.0,Chennai,Yes
CUST103679,39.0,Male,2023-05-31,Month-to-month,Fiber optic,Credit card,31,72.75,2059.74,3,1,0,6.0,19.0,Delhi,Yes
CUST100566,36.0,Male,2021-01-29,Month-to-month,DSL,Bank transfer,59,49.35,3268.98,5,1,1,8.0,6.0,Pune,No
CUST101779,56.0,Male,2023-10-16,Month-to-month,DSL,Mailed check,27,43.53,1001.72,4,1,3,8.0,27.0,Hyderabad,No
CUST102210,47.0,Female,2021-07-07,One year,No internet,Electronic check,54,47.33,2241.3,2,3,0,4.0,14.0,Chennai,No
CUST101615,44.0,Male,2025-06-01,Two year,DSL,,7,50.54,379.4,5,2,0,6.0,5.0,Bengaluru,No
CUST100051,46.0,Female,2021-01-16,Month-to-month,Fiber optic,Electronic check,59,64.88,3784.75,3,2,1,8.0,22.0,Hyderabad,No
CUST102331,19.0,Male,2025-09-27,Month-to-month,DSL,Credit card,3,80.77,193.92,8,1,0,6.0,14.0,Mumbai,No
CUST100787,36.0,Male,2025-07-13,Month-to-month,Fiber optic,Credit card,6,116.26,674.44,8,0,2,8.0,3.0,Delhi,No
CUST102944,36.0,Male,2024-10-16,One year,Fiber optic,Credit card,15,77.96,1171.37,5,2,1,8.0,11.0,Pune,No
CUST103100,26.0,Female,2021-10-25,Month-to-month,Fiber optic,Bank transfer,50,38.15,1693.22,1,2,2,8.0,19.0,Delhi,Yes
CUST100534,19.0,Male,2024-07-04,One year,Fiber optic,Bank transfer,18,67.3,1099.25,3,3,0,7.0,28.0,Delhi,No
CUST104169,44.0,Male,2024-02-15,One year,DSL,Credit card,23,51.14,1239.53,5,1,0,8.0,9.0,Bengaluru,No
CUST101253,42.0,Male,2025-02-12,Month-to-month,Fiber optic,Credit card,11,74.62,696.69,3,1,1,8.0,19.0,Pune,No
CUST100443,54.0,Female,2021-02-02,Month-to-month,DSL,Electronic check,59,66.89,4049.27,5,3,2,8.0,9.0,Chennai,No
CUST101424,40.0,Female,2021-12-10,Month-to-month,DSL,Electronic check,49,60.73,3434.92,4,3,2,4.0,32.0,Chennai,Yes
CUST100195,27.0,Male,2021-04-17,Two year,DSL,Electronic check,57,59.12,3943.6,4,1,1,9.0,11.0,Chennai,No
CUST100721,52.0,Male,2021-04-04,Month-to-month,Fiber optic,Bank transfer,57,109.63,6315.87,7,2,0,7.0,47.0,Pune,No
CUST101618,42.0,Male,2021-09-10,Month-to-month,DSL,Electronic check,52,,4074.63,6,4,0,5.0,12.0,Pune,No
CUST101175,19.0,Female,2024-03-08,Month-to-month,Fiber optic,Credit card,22,32.46,647.5,2,1,2,7.0,33.0,Delhi,No
CUST104329,18.0,Female,2021-12-30,Two year,Fiber optic,Mailed check,48,68.75,3134.34,5,1,0,8.0,39.0,Chennai,No
CUST103044,40.0,MALE,2021-12-14,One year,DSL,Credit card,49,33.52,1817.48,2,0,1,5.0,20.0,Chennai,No
CUST101397,36.0,Male,2022-10-02,Month-to-month,Fiber optic,Electronic check,39,73.68,2597.59,5,3,1,7.0,25.0,Delhi,No
CUST103006,18.0,Female,2021-02-18,One year,No internet,Bank transfer,58,57.89,4014.4,4,1,4,,9.0,Delhi,No
CUST104277,35.0,Female,2024-10-05,Two year,No internet,Bank transfer,15,67.92,799.51,5,2,0,8.0,13.0,Mumbai,Yes
CUST103364,44.0,Female,2025-07-18,Month-to-month,DSL,Mailed check,5,34.67,187.11,3,0,2,10.0,26.0,Hyderabad,No
CUST103750,35.0,Female,2023-09-22,One year,DSL,Electronic check,27,47.22,1094.82,4,1,1,9.0,15.0,Delhi,No
CUST100644,34.0,Male,2022-06-30,Month-to-month,DSL,Electronic check,42,44.64,1808.25,4,4,2,6.0,15.0,Hyderabad,No
CUST104717,34.0,Female,2023-05-01,One year,Fiber optic,Credit card,32,60.68,1885.96,2,1,1,7.0,10.0,Chennai,No
CUST103815,29.0,Male,2022-09-13,Month-to-month,DSL,Electronic check,40,51.21,2070.07,4,3,2,7.0,12.0,Hyderabad,No
CUST104892,25.0,Male,2024-11-08,Month-to-month,DSL,Credit card,14,75.49,1027.31,7,3,2,6.0,11.0,Delhi,No
CUST100926,36.0,Male,2021-11-09,Month-to-month,DSL,Bank transfer,50,48.56,2292.06,6,1,2,7.0,34.0,Pune,Yes
CUST100120,26.0,Male,2022-07-20,Month-to-month,DSL,Credit card,41,29.17,1121.16,2,2,1,7.0,22.0,Chennai,No
CUST101255,30.0,Male,2023-02-04,Month-to-month,Fiber optic,Bank transfer,35,57.25,2049.98,3,1,0,7.0,3.0,Hyderabad,No
CUST101187,42.0,Male,2024-01-12,One year,DSL,Electronic check,24,52.54,1162.88,3,5,0,5.0,,Hyderabad,No
CUST104913,25.0,Female,2025-10-29,Month-to-month,DSL,Credit card,2,65.83,137.06,5,2,2,8.0,12.0,Bengaluru,No
CUST104080,51.0,Female,2021-01-31,Month-to-month,DSL,Electronic check,59,88.87,6041.98,8,3,0,8.0,19.0,Pune,No
CUST103542,36.0,Female,2022-09-02,Month-to-month,Fiber optic,Mailed check,40,60.43,2237.45,3,1,1,6.0,8.0,Pune,No
CUST100134,20.0,Female,2022-09-13,One year,DSL,Credit card,40,45.7,1676.84,4,2,2,4.0,8.0,Bengaluru,No
CUST102702,48.0,Male,2024-12-25,Month-to-month,Fiber optic,Electronic check,12,81.66,836.27,5,4,2,5.0,7.0,Chennai,No
CUST103425,43.0,Female,2023-03-06,Month-to-month,Fiber optic,Electronic check,34,86.75,3307.35,7,1,4,6.0,10.0,Chennai,No
CUST102314,44.0,Male,2022-02-21,Month-to-month,No internet,Credit card,46,62.75,3448.59,4,1,1,5.0,3.0,Bengaluru,No
CUST100184,43.0,Female,2021-02-01,Month-to-month,No internet,Electronic check,59,54.0,3329.36,5,2,3,7.0,41.0,Pune,No
CUST104477,32.0,Female,2025-11-25,Two year,No internet,Mailed check,1,62.74,58.87,4,3,2,8.0,21.0,Pune,No
CUST103365,23.0,Female,2024-08-25,One year,DSL,Credit card,16,53.11,1008.21,4,1,1,6.0,34.0,Chennai,Yes
CUST100511,34.0,Male,2023-10-15,Month-to-month,Fiber optic,Bank transfer,27,52.45,1374.85,2,2,0,8.0,39.0,Hyderabad,No
CUST102133,42.0,MALE,2023-06-23,Two year,Fiber optic,Electronic check,30,67.8,2094.3,5,3,0,8.0,13.0,Chennai,No
CUST100062,40.0,Female,2022-06-10,Month-to-month,No internet,Electronic check,43,56.17,2556.43,4,1,1,7.0,7.0,Hyderabad,No
CUST103921,34.0,Male,2025-04-28,Month-to-month,Fiber optic,Credit card,8,67.56,562.58,5,3,2,6.0,12.0,Chennai,No
CUST102707,18.0,Female,2021-04-08,One year,DSL,Electronic check,57,51.02,3163.53,4,0,1,7.0,12.0,Delhi,No
CUST103764,37.0,Male,2022-05-13,Month-to-month,Fiber optic,Bank transfer,44,45.51,2039.98,2,2,2,8.0,7.0,Delhi,No
CUST104770,40.0,Male,2024-01-20,Month-to-month,No internet,Electronic check,23,91.48,2035.71,8,3,2,7.0,11.0,Delhi,No
CUST103865,25.0,Male,2023-03-01,One year,DSL,Bank transfer,34,68.24,2310.66,4,2,0,9.0,7.0,Chennai,No
CUST100251,42.0,Male,2021-03-27,Month-to-month,Fiber optic,Mailed check,57,74.69,4376.26,4,1,2,7.0,11.0,Bengaluru,No
CUST100994,37.0,Female,2023-05-02,Month-to-month,Fiber optic,Bank transfer,32,61.68,1824.36,4,1,0,8.0,9.0,Pune,No
CUST103790,32.0,Male,2022-07-26,One year,DSL,Electronic check,41,50.84,2186.34,5,3,0,5.0,33.0,Delhi,No
CUST100803,43.0,Female,2021-02-04,Month-to-month,DSL,Mailed check,59,60.93,3685.39,4,3,0,8.0,26.0,Mumbai,No
CUST102642,26.0,Male,2023-11-21,Month-to-month,DSL,Mailed check,25,39.47,1053.62,1,1,0,7.0,23.0,Hyderabad,No
CUST104529,55.0,Female,2022-11-18,Two year,DSL,Electronic check,37,65.17,2681.87,4,2,0,8.0,34.0,Delhi,No
CUST100122,41.0,Male,2025-03-20,One year,No internet,Bank transfer,9,58.28,548.6,4,2,1,7.0,16.0,Bengaluru,No
CUST104886,41.0,Female,2024-03-31,Month-to-month,DSL,Bank transfer,21,71.73,1423.21,6,2,0,8.0,25.0,Mumbai,No
CUST103635,23.0,Male,2022-10-09,One year,Fiber optic,Bank transfer,39,62.35,2409.91,3,1,1,5.0,11.0,Mumbai,No
CUST104257,51.0,Male,2023-01-22,Month-to-month,DSL,Credit card,35,34.93,1227.48,2,3,1,5.0,36.0,Hyderabad,No
CUST102457,31.0,Male,2025-10-07,One year,Fiber optic,Mailed check,3,81.59,239.82,7,1,1,7.0,22.0,Pune,No
CUST100567,30.0,Female,2022-01-13,Month-to-month,DSL,,48,68.85,3971.36,5,4,1,5.0,21.0,Hyderabad,No
CUST102168,29.0,Male,2023-02-02,One year,Fiber optic,Bank transfer,35,52.46,1708.96,3,3,0,7.0,9.0,Bengaluru,No
CUST103945,37.0,Male,2022-12-07,Month-to-month,DSL,Electronic check,37,53.31,2068.63,4,7,0,4.0,22.0,Hyderabad,No
CUST101436,33.0,Male,2025-08-28,Month-to-month,Fiber optic,Electronic check,4,46.18,169.45,1,2,0,8.0,55.0,Bengaluru,Yes
CUST101609,33.0,Female,2021-11-24,Two year,DSL,Electronic check,49,36.95,2141.69,4,3,3,3.0,18.0,Delhi,No
CUST100896,30.0,Female,2022-04-25,Month-to-month,No internet,Electronic check,44,67.65,2920.3,5,1,2,7.0,3.0,Hyderabad,No
CUST101786,51.0,Female,2024-07-05,One year,Fiber optic,Electronic check,18,60.72,1197.81,3,2,2,8.0,13.0,Mumbai,No
CUST101025,34.0,Female,2024-02-16,One year,Fiber optic,Electronic check,23,85.07,1746.9,6,5,2,4.0,20.0,Bengaluru,Yes
CUST104903,40.0,Male,2024-02-07,Two year,DSL,Mailed check,23,61.54,1390.79,6,1,2,8.0,26.0,Pune,No
CUST100812,41.0,Male,2025-06-07,One year,DSL,Credit card,7,42.67,296.06,2,1,3,7.0,32.0,Bengaluru,No
CUST100720,37.0,Male,2022-04-17,Month-to-month,DSL,Electronic check,45,38.62,2000.77,2,5,0,3.0,36.0,Mumbai,No
CUST102749,47.0,Male,2022-10-16,Two year,DSL,Bank transfer,39,51.06,2131.44,4,4,3,5.0,21.0,Bengaluru,No
CUST103492,35.0,Male,2024-08-29,Two year,DSL,Bank transfer,16,32.39,537.45,2,1,3,6.0,7.0,Hyderabad,No
CUST102231,25.0,Female,2023-03-01,One year,Fiber optic,Electronic check,34,63.38,1999.98,2,1,0,10.0,13.0,Delhi,No
CUST103535,22.0,Male,2024-12-03,Month-to-month,Fiber optic,Credit card,13,62.92,816.33,3,0,1,6.0,8.0,Chennai,No
CUST100602,53.0,Female,2021-04-01,Month-to-month,No internet,Bank transfer,57,45.4,3095.12,3,2,2,6.0,8.0,Chennai,No
CUST103826,48.0,Female,2022-09-03,Month-to-month,DSL,Bank transfer,40,79.55,3252.92,5,1,1,6.0,38.0,Delhi,No
CUST103275,24.0,Female,2022-06-24,Month-to-month,DSL,Electronic check,42,71.95,3206.5,6,4,2,5.0,16.0,Chennai,No
CUST103126,37.0, female ,2021-08-12,One year,Fiber optic,Mailed check,53,93.69,4924.7,4,3,1,7.0,17.0,Pune,No
CUST103503,24.0,Male,2024-05-24,One year,No internet,Bank transfer,19,52.18,818.56,4,1,3,8.0,11.0,Bengaluru,No
CUST100318,50.0,Male,2024-02-24,Month-to-month,DSL,Electronic check,22,19.92,443.9,1,3,0,6.0,23.0,Hyderabad,No
CUST104746,47.0,Female,2024-10-30,Month-to-month,Fiber optic,Mailed check,14,43.14,661.58,2,1,2,5.0,25.0,Mumbai,Yes
CUST102311,41.0,Female,2021-08-30,Two year,Fiber optic,Electronic check,52,101.86,5301.11,6,3,0,6.0,22.0,Bengaluru,No
CUST100274,57.0,Male,2023-03-26,One year,No internet,Electronic check,33,54.0,1813.96,4,4,1,7.0,15.0,Mumbai,No
CUST101892,24.0,Female,2025-05-26,One year,No internet,Bank transfer,7,41.61,301.45,3,1,0,9.0,5.0,Chennai,No
CUST100549,,Female,2023-03-05,Two year,DSL,Electronic check,34,58.06,2083.84,4,1,1,8.0,13.0,,No
CUST104091,39.0,Male,2023-04-20,Month-to-month,DSL,Credit card,32,68.26,1960.99,5,4,2,5.0,10.0,Hyderabad,Yes
CUST100838,60.0,Male,2023-07-28,Month-to-month,DSL,Mailed check,29,46.06,1428.81,3,1,1,7.0,12.0,Bengaluru,No
CUST104917,37.0,Female,2023-04-25,Month-to-month,DSL,Credit card,32,78.38,2373.1,8,3,1,6.0,14.0,Mumbai,No
CUST104731,34.0,Male,2021-11-21,Month-to-month,Fiber optic,Electronic check,49,102.07,4982.15,6,3,2,6.0,14.0,Mumbai,No
CUST100605,44.0,Female,2022-04-21,One year,Fiber optic,Electronic check,44,60.35,2407.82,2,1,2,8.0,10.0,Bengaluru,No
CUST104481,37.0,Female,2023-08-15,Two year,No internet,Bank transfer,29,53.18,1521.46,4,2,0,8.0,27.0,Pune,No
CUST100527,40.0,Male,2024-10-06,Month-to-month,DSL,Bank transfer,15,64.54,950.8,5,2,0,6.0,35.0,Pune,No
CUST103094,60.0,Male,2022-08-07,Month-to-month,Fiber optic,Electronic check,41,60.76,2758.09,3,3,0,6.0,38.0,Chennai,No
CUST102378,39.0,Male,2025-10-16,Two year,Fiber optic,Credit card,3,111.48,304.12,8,5,2,5.0,15.0,Pune,No
CUST104150,33.0,Female,2023-10-02,Two year,Fiber optic,Electronic check,27,78.71,1841.4,4,1,1,10.0,18.0,Mumbai,No
CUST103822,37.0,Female,2023-02-11,One year,DSL,Electronic check,35,83.73,2458.93,8,0,0,6.0,18.0,Delhi,No
CUST104850,34.0,Male,2023-03-15,Month-to-month,Fiber optic,Electronic check,34,63.12,2363.72,4,0,3,3.0,5.0,Bengaluru,No
CUST101849,46.0,Female,2024-12-19,Month-to-month,Fiber optic,Electronic check,12,81.27,997.63,5,0,3,6.0,5.0,Chennai,No
CUST100298,18.0,Male,2024-07-15,One year,Fiber optic,Electronic check,18,86.18,1573.98,6,1,2,7.0,22.0,Hyderabad,No
CUST103982,34.0,Female,2024-06-01,Month-to-month,Fiber optic,Electronic check,19,100.8,1876.26,8,3,0,6.0,14.0,Delhi,No
CUST103459,47.0,Female,2021-08-16,Month-to-month,Fiber optic,Electronic check,53,57.46,3037.69,2,1,1,8.0,10.0,Delhi,No
CUST103026,47.0,Male,2021-02-26,One year,DSL,Credit card,58,38.37,2200.65,3,0,0,6.0,11.0,Hyderabad,No
CUST104201,18.0,Male,2023-07-18,One year,Fiber optic,Credit card,30,80.35,2284.37,6,1,1,9.0,6.0,Hyderabad,No
CUST104450,29.0,Female,2025-08-30,Month-to-month,Fiber optic,Mailed check,4,64.46,230.98,4,3,0,7.0,46.0,Hyderabad,No
CUST104882,30.0,Male,2025-05-19,One year,DSL,Bank transfer,7,45.11,316.03,4,5,1,7.0,21.0,Chennai,No
CUST101595,43.0,Female,2024-12-16,Two year,No internet,Credit card,13,52.89,734.53,3,3,0,7.0,12.0,Chennai,No
CUST104639,31.0,Female,2025-02-25,One year,DSL,,10,52.65,519.36,3,4,1,7.0,17.0,Pune,No
CUST101720,51.0,Female,2025-05-14,Month-to-month,DSL,Electronic check,8,40.41,312.07,3,0,0,7.0,36.0,Pune,No
CUST100756,27.0,Male,2023-12-15,One year,Fiber optic,Electronic check,25,57.18,1635.01,2,1,2,6.0,21.0,Delhi,No
CUST102567,43.0,Male,2024-01-11,Month-to-month,DSL,,24,24.52,509.99,2,4,2,7.0,17.0,Chennai,No
CUST102856,37.0,Female,2022-04-08,One year,DSL,Electronic check,45,45.53,2058.98,2,2,1,7.0,35.0,Mumbai,No
CUST104026,30.0,Male,2022-01-01,Month-to-month,Fiber optic,Bank transfer,48,59.02,2637.03,5,2,5,6.0,8.0,Chennai,No
CUST104116,52.0,Female,2023-09-13,Two year,Fiber optic,Bank transfer,28,70.8,2092.39,3,1,3,,27.0,Delhi,No
CUST104725,52.0,Female,2024-12-29,One year,DSL,Mailed check,12,53.94,731.02,6,1,0,8.0,33.0,Chennai,No
CUST104102,29.0,Female,2021-04-17,Month-to-month,No internet,Electronic check,57,29.51,1501.66,3,3,1,7.0,18.0,Delhi,No
CUST101877,60.0,Female,2021-05-27,Month-to-month,Fiber optic,Credit card,55,75.4,4233.84,5,1,0,9.0,16.0,Pune,No
CUST100376,36.0,Male,2021-11-22,Month-to-month,DSL,Bank transfer,49,62.22,3514.24,6,1,2,9.0,3.0,Bengaluru,No
CUST103827,41.0,Male,2022-07-28,Month-to-month,DSL,Credit card,41,62.88,2541.92,5,5,1,6.0,,Delhi,No
CUST101073,19.0,Male,2024-09-28,Month-to-month,DSL,Bank transfer,15,46.16,762.34,3,1,0,,13.0,Delhi,No
CUST104081,48.0,Male,2024-02-06,Month-to-month,DSL,Bank transfer,23,39.22,949.25,2,2,2,6.0,29.0,Hyderabad,No
CUST101755,46.0,Male,2023-09-05,Month-to-month,Fiber optic,Electronic check,28,57.26,1622.65,3,3,1,6.0,15.0,Chennai,No
CUST100378,57.0,Male,2021-04-14,Month-to-month,Fiber optic,Bank transfer,57,97.3,5987.68,7,1,0,7.0,21.0,Chennai,No
CUST103760,33.0,Female,2024-01-11,Month-to-month,DSL,Electronic check,24,56.47,1321.35,4,0,3,6.0,8.0,Bengaluru,Yes
CUST103864,18.0,Female,2021-12-23,Two year,DSL,Electronic check,48,45.16,2055.9,4,3,2,5.0,7.0,Delhi,No
CUST101129,18.0,Female,2023-08-14,One year,Fiber optic,Mailed check,29,69.09,2008.36,5,1,3,8.0,15.0,Chennai,No
CUST104420,52.0,Female,2022-06-04,One year,Fiber optic,Electronic check,43,105.65,4755.74,7,1,2,7.0,10.0,Bengaluru,No
CUST102945,41.0,Male,2024-04-22,One year,DSL,Electronic check,20,39.55,795.74,3,5,2,3.0,11.0,Pune,Yes
CUST102194,40.0,Male,2023-04-18,Month-to-month,Fiber optic,Electronic check,32,86.73,2922.32,7,1,0,4.0,24.0,Hyderabad,No
CUST101699,40.0,Female,2023-09-19,One year,Fiber optic,Electronic check,27,75.41,2047.18,4,0,3,9.0,4.0,Pune,No
CUST103591,54.0,Female,2024-12-01,Month-to-month,Fiber optic,Bank transfer,13,70.79,975.32,4,1,0,7.0,25.0,Bengaluru,No
CUST102751,33.0,Male,2021-01-29,Two year,Fiber optic,Electronic check,59,55.12,3411.84,3,2,0,7.0,22.0,Chennai,No
CUST102144,29.0,Male,2022-07-12,One year,No internet,Electronic check,42,34.85,1484.3,3,0,1,7.0,31.0,Bengaluru,No
CUST102302,18.0,Male,2021-09-30,Month-to-month,DSL,Electronic check,51,52.93,2948.09,5,0,3,8.0,47.0,Delhi,No
CUST101375,42.0,Male,2022-02-17,Month-to-month,Fiber optic,Credit card,46,57.62,2590.94,2,0,3,5.0,8.0,Chennai,Yes
CUST100794,18.0,Female,2022-04-03,Month-to-month,DSL,Electronic check,45,38.03,1543.16,4,1,2,7.0,25.0,Chennai,No
CUST101600,37.0,Male,2025-03-09,Month-to-month,Fiber optic,Bank transfer,10,88.16,890.39,3,4,2,7.0,9.0,Bengaluru,Yes
CUST101666,41.0,Female,2021-01-04,Month-to-month,Fiber optic,Credit card,60,56.63,3539.19,3,1,0,6.0,21.0,Chennai,No
CUST102157,28.0,Female,2021-06-26,Two year,Fiber optic,Credit card,54,87.14,4940.43,6,4,0,6.0,21.0,Hyderabad,No
CUST100175,40.0,Female,2022-04-10,Two year,No internet,Mailed check,45,60.36,2542.19,6,0,1,9.0,16.0,Mumbai,No
CUST101052,39.0,Male,2023-07-10,Month-to-month,DSL,Mailed check,30,39.09,1272.38,2,2,0,7.0,13.0,Chennai,No
CUST102776,45.0,Male,2023-12-18,Month-to-month,No internet,Credit card,24,37.68,869.12,2,0,0,8.0,47.0,Bengaluru,No
CUST104163,9.0,Male,2024-02-05,Month-to-month,DSL,Credit card,23,88.13,2020.58,8,2,2,7.0,18.0,Mumbai,No
CUST100045,41.0,Male,2021-09-05,Month-to-month,Fiber optic,Credit card,52,,2740.7,3,2,1,8.0,36.0,Hyderabad,No
CUST103043,32.0,Male,2022-12-31,Month-to-month,No internet,Mailed check,36,44.8,1524.07,3,2,2,7.0,17.0,Hyderabad,No
CUST102305,32.0,Female,2022-01-02,Month-to-month,DSL,Electronic check,48,62.67,3121.11,5,3,1,6.0,10.0,Hyderabad,No
CUST103872,32.0,Male,2024-10-11,One year,No internet,Bank transfer,15,48.03,674.99,4,1,2,5.0,15.0,Bengaluru,No
CUST104782,28.0,Male,2023-05-17,Month-to-month,DSL,Bank transfer,32,64.46,2071.23,5,3,0,8.0,18.0,Chennai,No
CUST101539,56.0,Male,2022-06-09,Month-to-month,DSL,Electronic check,43,54.14,2544.34,4,4,1,6.0,17.0,Hyderabad,No
CUST103824,34.0,Female,2021-09-04,One year,No internet,Electronic check,52,18.0,861.01,2,0,0,9.0,32.0,Chennai,No
CUST102389,37.0,Female,2022-02-05,Month-to-month,Fiber optic,Electronic check,47,47.69,2138.64,3,2,2,8.0,18.0,Pune,No
CUST103612,31.0,Male,2023-04-05,Month-to-month,Fiber optic,Mailed check,33,,2084.95,2,2,0,7.0,17.0,Pune,No
CUST103751,30.0,Male,2021-04-18,Two year,DSL,Bank transfer,56,59.88,3353.45,4,2,0,9.0,8.0,Hyderabad,No
CUST101718,45.0,Female,2021-05-05,Month-to-month,DSL,Credit card,56,86.11,4562.32,8,1,2,8.0,9.0,Chennai,No
CUST104510,35.0,Female,2021-11-27,Month-to-month,Fiber optic,Electronic check,49,75.45,3839.65,3,3,3,7.0,16.0,Pune,No
CUST102458,18.0,Male,2021-06-14,Month-to-month,Fiber optic,Credit card,55,51.4,2977.62,2,3,0,8.0,17.0,Hyderabad,No
CUST100283,43.0,Female,2021-04-30,Month-to-month,DSL,Credit card,56,66.52,3779.89,6,3,2,3.0,34.0,Delhi,No
CUST101566,24.0,Female,2025-10-14,Month-to-month,DSL,Bank transfer,3,40.2,120.95,2,3,0,5.0,25.0,Delhi,No
CUST101893,18.0,MALE,2023-02-16,One year,Fiber optic,Bank transfer,34,75.45,2230.54,4,0,4,7.0,7.0,Pune,No
CUST102251,37.0,Female,2022-03-03,Two year,DSL,Bank transfer,46,76.2,3693.35,5,1,1,7.0,45.0,Mumbai,No
CUST104468,,Male,2024-03-19,One year,DSL,Credit card,21,60.05,1320.78,4,2,1,7.0,14.0,Chennai,No
CUST104789,45.0,Male,2024-09-07,One year,Fiber optic,Electronic check,16,59.04,931.23,4,0,0,9.0,31.0,Hyderabad,No
CUST101200,22.0,Male,2023-01-25,Two year,DSL,Credit card,35,68.39,2363.71,4,1,2,6.0,22.0,Delhi,No
CUST102099,57.0,Male,2021-05-10,Two year,Fiber optic,Bank transfer,56,90.51,5179.42,7,0,2,7.0,4.0,Chennai,Yes
CUST102057,18.0,Female,2024-05-28,Month-to-month,DSL,Electronic check,19,44.98,890.58,3,0,0,8.0,7.0,Mumbai,No
CUST102588,42.0,Female,2022-03-07,One year,DSL,Credit card,46,41.87,1943.36,2,1,1,8.0,9.0,Delhi,No
CUST101770,33.0,Male,2023-02-12,Month-to-month,Fiber optic,Electronic check,35,91.2,2936.25,6,2,1,8.0,4.0,Delhi,No
CUST104923,22.0,Male,2023-12-23,One year,Fiber optic,Electronic check,24,57.8,1439.7,4,0,2,5.0,14.0,Mumbai,No
CUST104854,35.0,Male,2022-12-28,One year,DSL,Bank transfer,36,54.1,1902.99,5,2,1,7.0,35.0,Mumbai,No
CUST101029,51.0,Female,2021-05-10,One year,DSL,Electronic check,56,35.62,2136.57,2,0,3,8.0,11.0,Mumbai,No
CUST101090,31.0,Female,2023-08-22,One year,Fiber optic,Credit card,28,73.76,2107.13,3,2,3,9.0,13.0,Hyderabad,No
CUST103574,96.0,Male,2021-02-21,One year,Fiber optic,Credit card,58,63.92,4093.86,4,2,2,5.0,18.0,Mumbai,No
CUST104582,40.0,,2024-08-04,Month-to-month,DSL,Electronic check,17,57.26,948.33,4,2,1,7.0,11.0,Delhi,No
CUST104399,23.0,Female,2023-04-14,One year,Fiber optic,Credit card,33,83.19,2533.1,6,2,0,7.0,29.0,Pune,No
CUST104902,38.0,Female,2025-09-03,Month-to-month,Fiber optic, electronic check ,4,62.21,256.11,4,0,1,9.0,13.0,Mumbai,Yes
CUST102583,,Male,2025-01-15,Month-to-month,DSL,Bank transfer,12,67.38,889.94,4,1,1,8.0,15.0,Pune,No
CUST100099,27.0,Male,2023-06-26,Month-to-month,DSL,Credit card,30,52.51,1529.29,5,3,1,8.0,8.0,Pune,No
CUST102217,37.0,Male,2024-09-06,Month-to-month,DSL,Credit card,16,43.88,701.51,2,1,1,6.0,3.0,Mumbai,No
CUST101345,66.0,Male,2025-10-10,Month-to-month,DSL,Credit card,3,41.46,136.19,4,1,1,8.0,4.0,Bengaluru,No
CUST104048,36.0,Male,2023-11-11,Month-to-month,DSL,Electronic check,26,25.16,642.69,1,1,1,8.0,4.0,Pune,No
CUST101242,58.0,Male,2023-11-17,Month-to-month,No internet,Credit card,25,56.33,1417.62,4,2,3,7.0,15.0,Delhi,Yes
CUST100351,48.0,Female,2024-08-24,One year,Fiber optic,Credit card,16,67.17,1253.69,5,1,1,10.0,27.0,Delhi,No
CUST102770,50.0,Female,2022-06-27,Month-to-month,DSL,Bank transfer,42,76.49,3502.94,6,1,0,8.0,8.0,Pune,No
CUST102651,18.0,Male,2024-11-20,Month-to-month,Fiber optic,Bank transfer,13,80.87,971.51,6,1,0,7.0,5.0,Mumbai,No
CUST101543,37.0,Male,2025-04-16,Month-to-month,DSL,Credit card,9,43.56,396.9,3,2,0,6.0,33.0,Delhi,Yes
CUST101183,46.0,Female,2023-06-15,One year,Fiber optic,Electronic check,31,71.99,2055.76,4,0,0,10.0,21.0,Delhi,No
CUST100718,34.0,Male,2021-11-19,Month-to-month,DSL,Bank transfer,49,48.93,2373.82,5,2,0,6.0,23.0,Pune,No
CUST103138,44.0,Female,2024-04-28,Month-to-month,Fiber optic,Mailed check,20,58.93,1017.42,4,4,2,8.0,11.0,Pune,No
CUST103946,54.0,Female,2022-09-26,Month-to-month,DSL,Mailed check,39,,2521.42,6,1,2,6.0,16.0,Chennai,No
CUST101551,29.0,Female,2022-06-23,One year,Fiber optic,Credit card,42,69.97,2554.97,6,2,0,7.0,8.0,Mumbai,No
CUST100308,45.0,Female,2022-07-05,One year,DSL,Credit card,42,34.93,1243.82,2,2,2,7.0,13.0,Pune,No
CUST101647,52.0,Female,2025-08-15,One year,DSL,Credit card,5,56.59,253.99,4,0,0,9.0,11.0,Pune,No
CUST100833,33.0,Male,2024-10-27,Month-to-month,No internet,Electronic check,14,45.28,638.7,3,2,0,7.0,30.0,Pune,No
CUST100366,29.0,Male,2022-10-02,Month-to-month,Fiber optic,Electronic check,39,75.37,3171.54,5,1,4,5.0,7.0,Delhi,No
CUST103102,47.0,Female,2021-08-11,One year,Fiber optic,Credit card,53,53.02,2790.9,2,5,1,6.0,19.0,Bengaluru,No
CUST104969,42.0,Female,2024-09-20,One year,Fiber optic,Bank transfer,15,60.78,913.51,3,2,1,7.0,6.0,Chennai,No
CUST100944,41.0,Female,2025-11-12,One year,DSL,Electronic check,2,64.69,114.03,5,3,1,6.0,20.0,Hyderabad,Yes
CUST103813,35.0,Female,2023-05-09,Month-to-month,Fiber optic,Mailed check,32,70.27,1931.16,3,3,3,4.0,18.0,Chennai,No
CUST102575,43.0,Male,2023-07-13,Two year,Fiber optic,Electronic check,30,88.46,2490.77,5,2,3,6.0,20.0,Delhi,No
CUST101135,53.0,Female,2023-05-15,Two year,DSL,Credit card,32,40.47,1197.43,4,1,0,9.0,19.0,Chennai,No
CUST100019,37.0,Female,2025-05-03,One year,DSL,Bank transfer,8,37.24,337.77,3,1,2,10.0,14.0,Delhi,No
CUST104463,31.0,Female,2023-04-12,Two year,Fiber optic,Electronic check,33,45.61,1378.59,2,0,0,9.0,16.0,Chennai,No
CUST101215,21.0,Male,2024-10-30,One year,Fiber optic,Credit card,14,66.92,936.55,3,2,0,8.0,36.0,Chennai,No
CUST104388,18.0,Male,2024-12-20,Month-to-month,No internet,Bank transfer,12,66.88,837.77,6,4,1,,19.0,Delhi,Yes
CUST100218,36.0,Male,2023-04-16,Two year,DSL,Credit card,33,24.92,807.19,2,1,3,,31.0,Pune,No
CUST103758,43.0,Male,2025-07-17,Month-to-month,No internet,Mailed check,6,,471.93,6,3,0,7.0,37.0,Chennai,Yes
CUST100438,30.0,Male,2023-03-18,One year,DSL,Bank transfer,34,52.34,1764.58,5,0,1,10.0,24.0,,No
CUST102093,48.0,Female,2025-05-10,One year,Fiber optic,Bank transfer,8,65.04,531.36,4,2,0,5.0,8.0,Bengaluru,No
CUST103653,47.0,Female,2023-02-16,Month-to-month,Fiber optic,Bank transfer,34,51.59,1675.71,2,1,0,8.0,4.0,Hyderabad,No
CUST103333,33.0,Male,2022-08-04,Month-to-month,Fiber optic,Electronic check,41,51.89,2299.82,2,0,0,10.0,17.0,Delhi,No
CUST103479,38.0,Female,2025-09-10,One year,Fiber optic,Electronic check,4,56.88,235.18,3,0,0,8.0,18.0,Chennai,No
CUST101084,39.0,Female,2022-01-26,One year,Fiber optic,Bank transfer,47,62.28,2951.5,4,0,2,8.0,27.0,Hyderabad,No
CUST104674,41.0,Female,2022-07-13,Two year,DSL,Credit card,42,45.53,1854.26,3,1,1,6.0,7.0,Mumbai,No
CUST102098,18.0,Male,2024-04-12,Month-to-month,Fiber optic,Electronic check,21,68.22,1487.28,4,1,0,7.0,25.0,Pune,No
CUST102802,48.0,Female,2025-10-24,Month-to-month,Fiber optic,Credit card,2,63.1,117.84,4,3,2,3.0,31.0,Pune,No
CUST100802,42.0,Male,2021-10-31,Month-to-month,Fiber optic,Credit card,50,72.62,3390.78,5,4,0,7.0,14.0,Mumbai,No
CUST103039,37.0,Male,2024-08-03,Two year,Fiber optic,Electronic check,17,68.17,1056.09,3,2,1,7.0,18.0,Chennai,No
CUST102405,18.0,Female,2025-03-28,Month-to-month,Fiber optic,Bank transfer,9,49.35,446.77,3,1,0,9.0,16.0,Pune,Yes
CUST103773,45.0,Male,2025-06-23,Month-to-month,Fiber optic,Bank transfer,6,90.96,508.93,6,1,0,7.0,77.0,Delhi,Yes
CUST102574,37.0, female ,2022-07-26,One year,DSL,Credit card,41,36.24,1437.17,3,1,0,9.0,35.0,Chennai,No
CUST100582,34.0,Female,2021-10-21,Month-to-month,Fiber optic,Credit card,50,51.63,2478.08,1,1,0,7.0,15.0,Chennai,No
CUST100203,46.0,Male,2024-04-08,One year,DSL,Credit card,21,51.72,1206.95,4,0,1,6.0,11.0,Bengaluru,No
CUST104095,18.0,Female,2022-05-13,Month-to-month,Fiber optic,Bank transfer,44,45.91,1952.85,1,0,1,9.0,21.0,Hyderabad,No
CUST104032,45.0,Female,2023-01-21,Month-to-month,DSL,Electronic check,35,77.75,2965.36,7,2,0,8.0,14.0,Mumbai,No
CUST102594,19.0,Male,2024-10-21,Month-to-month,Fiber optic,Electronic check,14,,746.07,3,5,0,7.0,23.0,Pune,No
CUST104039,36.0,Male,2022-11-23,Month-to-month,Fiber optic,Credit card,37,72.21,2638.1,4,0,3,6.0,10.0,Pune,No
CUST103453,47.0,Female,2023-07-13,One year,Fiber optic,Bank transfer,30,81.76,2538.25,7,0,1,8.0,26.0,Hyderabad,No
CUST102072,18.0,Male,2022-01-17,Month-to-month,DSL,Electronic check,47,42.38,2057.21,3,2,1,7.0,,Mumbai,No
CUST101056,40.0,Male,2021-01-16,Month-to-month,Fiber optic,Electronic check,59,58.09,3355.32,4,0,1,9.0,7.0,Chennai,No
CUST103628,53.0,Female,2022-11-24,One year,DSL,Electronic check,37,57.05,2085.68,4,0,1,10.0,16.0,Bengaluru,No
CUST102726,27.0,Male,2024-06-22,Month-to-month,No internet,Mailed check,18,59.82,1223.05,8,1,1,5.0,20.0,Delhi,No
CUST102610,18.0,Male,2022-06-08,Two year,DSL,Credit card,43,62.47,2936.67,5,1,1,7.0,13.0,Mumbai,No
CUST103396,27.0,Male,2025-09-28,One year,No internet,Credit card,3,44.72,116.02,3,2,2,6.0,28.0,Bengaluru,No
CUST100517,30.0,Male,2021-01-27,Month-to-month,DSL,Electronic check,59,59.68,3847.24,4,1,0,6.0,6.0,Delhi,No
CUST103566,47.0,Male,2025-11-17,One year,No internet,Electronic check,1,73.83,69.91,6,3,2,6.0,11.0,Bengaluru,No
CUST101362,18.0,Female,2021-05-29,One year,Fiber optic,Mailed check,55,71.89,4208.08,3,3,1,5.0,27.0,Mumbai,No
CUST101872,31.0,Female,2021-05-26,Two year,Fiber optic,Credit card,55,66.12,3249.37,3,2,2,6.0,11.0,Bengaluru,No
CUST100668,32.0,Male,2023-10-06,Two year,No internet,Electronic check,27,63.13,1523.44,5,3,0,8.0,10.0,Chennai,No
CUST104382,44.0,Male,2022-07-18,Two year,Fiber optic,Electronic check,41,66.87,2856.08,4,1,1,7.0,26.0,Delhi,No
CUST102269,33.0,Male,2021-04-01,Two year,DSL,Electronic check,57,60.85,3031.02,6,3,1,9.0,41.0,Delhi,No
CUST104936,41.0,Male,2024-12-06,Two year,No internet,Electronic check,13,58.62,799.49,6,0,0,7.0,14.0,,No
CUST103878,22.0,Female,2021-04-12,Month-to-month,DSL,Credit card,57,45.5,2583.55,4,4,0,9.0,23.0,Delhi,No
CUST103862,24.0,Female,2022-01-16,Month-to-month,Fiber optic,Electronic check,48,63.46,2627.57,3,1,2,7.0,24.0,Pune,No
CUST101258,59.0,Male,2021-03-19,Month-to-month,DSL,Mailed check,57,55.2,2814.91,4,2,2,6.0,13.0,Pune,No
CUST102387,46.0,Female,2021-07-08,Month-to-month,DSL,Bank transfer,54,58.02,2585.36,4,3,2,5.0,26.0,Delhi,No
CUST104428,36.0,Male,2022-04-18,Month-to-month,No internet,Electronic check,44,74.36,3119.61,5,0,2,9.0,6.0,Chennai,Yes
CUST103388,19.0,Female,2025-08-16,One year,DSL,Bank transfer,5,61.81,317.25,5,1,2,8.0,42.0,Pune,No
CUST103438,35.0,Female,2023-12-23,Month-to-month,Fiber optic,Credit card,24,101.3,2467.49,8,2,1,7.0,8.0,Pune,No
CUST103742,18.0,Female,2023-06-21,Month-to-month,DSL,Credit card,30,33.23,1059.97,3,2,1,6.0,28.0,Pune,No
CUST100759,43.0,Male,2022-10-21,Month-to-month,Fiber optic,Credit card,38,47.69,1781.11,2,2,1,9.0,52.0,Pune,No
CUST101055,56.0,Female,2022-04-23,Month-to-month,DSL,Bank transfer,44,62.55,2463.2,4,1,1,7.0,3.0,Hyderabad,No
CUST103681,45.0,Male,2021-11-17,Month-to-month,DSL,Electronic check,49,51.46,2494.25,3,2,0,9.0,20.0,Bengaluru,No
CUST103000,53.0,Female,2023-06-25,Month-to-month,DSL,Bank transfer,30,40.43,1249.43,4,2,0,8.0,20.0,Pune,No
CUST104434,61.0,Male,2024-07-12,Month-to-month,Fiber optic,Electronic check,18,55.39,922.68,3,2,3,4.0,17.0,Bengaluru,No
CUST104301,51.0,Female,2021-11-14,One year,DSL,Electronic check,50,82.72,4732.8,7,4,1,9.0,13.0,Delhi,No
CUST102414,51.0,Female,2022-12-22,Month-to-month,Fiber optic,Bank transfer,36,64.7,2575.96,3,1,1,8.0,9.0,Pune,No
CUST100214,34.0,Female,2023-02-25,Month-to-month,DSL,Electronic check,34,90.79,3072.57,6,1,0,8.0,10.0,Delhi,Yes
CUST103377,35.0,Female,2025-02-26,One year,DSL,Credit card,10,42.29,347.94,3,3,0,6.0,30.0,Chennai,No
CUST102640,45.0,Female,2021-04-15,Two year,Fiber optic,Electronic check,57,45.46,2602.96,1,0,2,7.0,17.0,Bengaluru,No
CUST100693,18.0,Female,2021-12-26,Month-to-month,Fiber optic,Bank transfer,48,55.75,2880.19,4,2,0,7.0,30.0,Hyderabad,No
CUST104139,42.0,Female,2024-03-23,Two year,Fiber optic,Credit card,21,70.12,1302.78,5,1,1,8.0,11.0,Chennai,No
CUST103670,44.0,Female,2023-10-15,Month-to-month,Fiber optic,,27,64.25,1798.41,3,0,5,6.0,26.0,Hyderabad,No
CUST102146,27.0,Female,2022-07-01,Month-to-month,Fiber optic,Mailed check,42,80.78,3365.62,4,3,0,6.0,23.0,Bengaluru,No
CUST102937,55.0,Female,2022-01-12,Month-to-month,DSL,Electronic check,48,46.36,2017.3,6,1,0,9.0,27.0,Chennai,No
CUST102572,56.0,Male,2023-10-20,Month-to-month,DSL,Bank transfer,26,44.73,1125.92,2,1,1,8.0,5.0,Mumbai,No
CUST104631,19.0,Male,2021-06-23,Two year,DSL,Credit card,54,64.32,3363.84,5,0,1,9.0,29.0,Mumbai,No
CUST103386,38.0,Male,2021-01-09,Month-to-month,No internet,,60,56.24,3543.41,3,2,1,6.0,23.0,Hyderabad,No
CUST101321,31.0,Female,2024-01-25,One year,Fiber optic,Electronic check,23,96.16,2250.79,8,0,1,7.0,23.0,Chennai,Yes
CUST100196,46.0,Female,2021-03-22,Two year,Fiber optic,Credit card,57,63.37,3717.47,3,1,0,8.0,18.0,Hyderabad,No
CUST101075,41.0,Female,2023-04-01,Month-to-month,Fiber optic,Credit card,33,76.7,2633.27,4,3,0,6.0,10.0,Delhi,No
CUST101578,18.0,Female,2022-04-19,One year,Fiber optic,Electronic check,44,103.24,4903.31,7,0,0,9.0,13.0,Hyderabad,No
CUST104605,40.0,Male,2021-01-20,Month-to-month,Fiber optic,Electronic check,59,88.39,4973.97,5,3,0,6.0,33.0,Hyderabad,No
CUST100879,38.0,Male,2022-08-29,One year,Fiber optic,Credit card,40,45.45,1832.36,2,1,1,6.0,17.0,Chennai,No
CUST103209,31.0,Male,2021-04-04,One year,Fiber optic,Mailed check,57,57.99,3175.32,2,1,0,7.0,11.0,Chennai,No
CUST102921,41.0,Female,2024-10-06,Month-to-month,No internet,Electronic check,15,69.4,1075.29,5,0,0,4.0,25.0,Chennai,No
CUST104243,29.0,Female,2023-07-13,Two year,DSL,Credit card,30,65.17,2104.5,5,3,0,7.0,6.0,Delhi,No
CUST102759,48.0,Male,2023-07-23,Month-to-month,DSL,Mailed check,29,59.91,1675.08,5,1,1,,6.0,Mumbai,No
CUST100887,33.0,Female,2024-02-07,Month-to-month,Fiber optic,Credit card,23,58.03,1402.77,4,1,3,,22.0,Chennai,Yes
CUST102476,18.0,Female,2024-11-16,One year,Fiber optic,Credit card,14,45.7,668.17,1,2,1,7.0,32.0,Pune,No
CUST100068,48.0,Female,2021-06-12,One year,Fiber optic,,55,49.7,2510.3,2,1,2,6.0,6.0,Chennai,No
CUST103996,50.0,Female,2023-11-24,Two year,Fiber optic,Mailed check,25,63.71,1614.51,3,1,3,8.0,12.0,Chennai,No
CUST103123,45.0,Female,2025-04-12,Month-to-month,Fiber optic,Electronic check,9,102.6,986.82,8,4,2,6.0,24.0,Hyderabad,Yes
CUST100568,45.0,Female,2021-08-22,One year,DSL,Mailed check,52,43.0,2285.55,4,2,1,8.0,14.0,Mumbai,No
CUST103016,30.0,Male,2022-10-30,Month-to-month,Fiber optic,Credit card,38,90.1,3555.83,5,1,0,6.0,7.0,Bengaluru,Yes
CUST100096,22.0,Male,2021-09-26,One year,DSL,Credit card,51,65.47,2868.97,4,0,0,7.0,6.0,Chennai,No
CUST102135,34.0,Male,2022-02-02,Month-to-month,Fiber optic,Mailed check,47,58.25,2670.1,3,1,0,8.0,7.0,Mumbai,No
CUST103965,28.0,Male,2023-12-18,One year,DSL,Credit card,24,64.85,1578.74,6,0,1,9.0,25.0,Pune,Yes
CUST100139,73.0,Female,2025-09-04,One year,DSL,Bank transfer,4,71.88,310.04,6,0,0,8.0,15.0,Delhi,No
CUST101391,56.0,Male,2024-09-01,One year,DSL,Mailed check,16,34.65,495.98,2,3,1,6.0,11.0,Pune,No
CUST103135,25.0,Female,2023-12-09,Month-to-month,No internet,Electronic check,25,64.21,1613.92,5,2,4,5.0,23.0,Delhi,Yes
CUST104200,28.0,Male,2022-09-03,Two year,DSL,Bank transfer,40,42.69,1654.04,4,3,2,5.0,23.0,Mumbai,No
CUST101374,38.0,Male,2023-10-04,Month-to-month,No internet,Electronic check,27,57.83,1522.47,5,1,2,5.0,11.0,Pune,No
CUST101588,26.0,Male,2021-08-02,Month-to-month,No internet,Electronic check,53,70.05,3724.79,6,0,0,8.0,9.0,Mumbai,No
CUST101338,71.0,Female,2021-01-12,Month-to-month,Fiber optic,Electronic check,60,85.01,5954.11,6,1,1,8.0,35.0,Bengaluru,No
CUST104418,42.0,Male,2024-03-23,One year,No internet,Credit card,21,,1008.9,4,1,2,6.0,13.0,Mumbai,No
CUST104240,38.0,Male,2023-09-25,Two year,No internet,Bank transfer,27,45.95,1276.94,3,2,0,8.0,12.0,Hyderabad,No
CUST103012,33.0, female ,2025-08-24,Two year,No internet,Bank transfer,4,61.68,241.84,3,2,0,8.0,37.0,Hyderabad,No
CUST100463,18.0,Female,2023-10-06,Month-to-month,No internet,Electronic check,27,38.91,1050.34,5,1,0,8.0,20.0,Bengaluru,No
CUST102361,26.0,Female,2025-11-13,Two year,DSL,Credit card,2,60.96,146.42,5,2,1,5.0,16.0,Chennai,No
CUST101412,19.0,Male,2022-07-16,Month-to-month,DSL,Credit card,42,59.11,2343.69,6,2,3,6.0,57.0,Delhi,No
CUST102024,22.0,Female,2022-02-28,Two year,DSL,Mailed check,46,66.05,2713.08,6,2,3,7.0,12.0,Chennai,No
CUST100594,23.0,Male,2025-08-29,Month-to-month,No internet,Bank transfer,4,97.79,424.16,8,1,2,5.0,26.0,Chennai,No
CUST103362,41.0,Female,2025-01-28,Month-to-month,DSL,Credit card,11,,411.48,4,3,0,8.0,18.0,Delhi,Yes
CUST100625,32.0,Male,2023-06-09,Two year,DSL,Bank transfer,31,35.57,1125.49,2,1,0,7.0,22.0,Mumbai,No
CUST100450,36.0,Male,2023-04-23,Month-to-month,No internet,Mailed check,32,53.68,1622.98,5,1,3,7.0,7.0,Mumbai,No
CUST101534,62.0,Male,2021-09-14,One year,No internet,Electronic check,52,60.96,2630.26,4,0,0,10.0,12.0,Chennai,No
CUST102464,30.0,Male,2023-01-25,One year,DSL,Bank transfer,35,58.21,1916.98,6,0,0,6.0,7.0,Chennai,No
CUST101094,30.0,Male,2021-07-27,Month-to-month,No internet,Electronic check,53,70.82,3279.17,4,4,2,7.0,59.0,Hyderabad,Yes
CUST101340,28.0,Female,2022-05-17,Month-to-month,Fiber optic,Credit card,44,60.04,2635.58,2,1,0,8.0,19.0,Bengaluru,No
CUST102004,21.0,Female,2025-03-15,Month-to-month,Fiber optic,Electronic check,10,62.71,655.64,2,3,1,4.0,9.0,Pune,Yes
CUST100996,47.0,Male,2021-01-15,Two year,DSL,Mailed check,60,57.18,3124.12,5,0,1,9.0,,Mumbai,No
CUST104825,30.0,Female,2023-04-29,Month-to-month,Fiber optic,Credit card,32,82.97,3041.65,5,0,1,9.0,19.0,Mumbai,No
CUST102527,34.0,Male,2022-08-24,Month-to-month,Fiber optic,Mailed check,40,81.94,3491.9,6,0,1,8.0,19.0,Mumbai,No
CUST101941,39.0,Male,2022-03-04,Two year,Fiber optic,Credit card,46,72.1,3510.5,4,0,0,9.0,11.0,Bengaluru,No
CUST103674,22.0,Female,2021-12-19,Month-to-month,DSL,Bank transfer,48,53.96,2393.24,4,4,0,7.0,19.0,Hyderabad,No
CUST103976,42.0,Male,2021-01-07,Month-to-month,Fiber optic,Electronic check,60,86.1,4583.17,6,1,1,6.0,13.0,Chennai,No
CUST100150,36.0,Female,2022-12-11,Month-to-month,Fiber optic,Electronic check,37,94.06,3624.57,8,1,1,8.0,27.0,Hyderabad,No
CUST101451,44.0,Female,2024-06-25,Month-to-month,No internet,Electronic check,18,81.79,1351.45,5,0,2,5.0,7.0,Chennai,Yes
CUST104430,37.0,Male,2021-09-17,Month-to-month,Fiber optic,Bank transfer,51,68.42,3194.36,4,1,3,6.0,30.0,Chennai,Yes
CUST104419,54.0,Female,2022-04-30,Month-to-month,Fiber optic,Mailed check,44,53.99,2323.68,3,3,1,8.0,27.0,Chennai,No
CUST104305,38.0,Male,2021-09-06,Two year,Fiber optic,Credit card,52,44.84,2596.21,3,3,2,7.0,15.0,Mumbai,No
CUST100088,44.0,Male,2024-11-21,Month-to-month,DSL,Electronic check,13,44.38,502.54,3,2,3,8.0,7.0,Delhi,No
CUST100457,28.0,Female,2025-01-31,One year,Fiber optic,Credit card,11,68.31,840.72,3,2,0,7.0,20.0,Delhi,No
CUST103541,42.0,Female,2021-10-04,One year,Fiber optic,Electronic check,51,78.68,4321.83,3,2,3,5.0,33.0,Chennai,No
CUST104547,53.0,Female,2021-05-10,One year,No internet,Credit card,56,43.93,2796.45,3,0,1,8.0,11.0,Delhi,No
CUST103839,36.0,Male,2021-05-06,Month-to-month,Fiber optic,Credit card,56,34.58,1830.78,2,1,2,7.0,4.0,Bengaluru,No
CUST103930,25.0,MALE,2021-09-12,One year,DSL,Credit card,52,75.8,3653.61,7,1,0,6.0,8.0,Chennai,No
CUST102036,32.0,Female,2021-04-21,Month-to-month,Fiber optic,Bank transfer,56,79.34,4252.1,4,3,0,5.0,53.0,Hyderabad,Yes
CUST103543,43.0,Male,2023-12-14,Month-to-month,Fiber optic,Bank transfer,25,61.96,1388.31,4,1,3,7.0,10.0,Mumbai,Yes
CUST104863,44.0,Female,2024-02-06,Two year,DSL,Electronic check,23,92.68,1899.53,8,2,3,6.0,23.0,Delhi,Yes
CUST100831,57.0,Male,2024-05-26,Month-to-month,DSL,Electronic check,19,41.75,814.71,3,3,1,5.0,28.0,Pune,No
CUST100239,32.0,Female,2022-06-24,One year,No internet,Mailed check,42,27.69,1123.05,2,4,0,6.0,25.0,Pune,No
CUST104705,45.0,Female,2021-02-28,Two year,No internet,Electronic check,58,75.9,4895.25,5,1,3,6.0,26.0,Hyderabad,No
CUST100999,48.0,Male,2023-05-26,One year,Fiber optic,Electronic check,31,48.77,1505.35,1,4,2,6.0,23.0,Hyderabad,No
CUST102420,18.0,Male,2025-07-27,One year,Fiber optic,Electronic check,5,97.71,456.94,8,3,2,6.0,10.0,Chennai,Yes
CUST101992,41.0,Female,2025-09-10,Month-to-month,Fiber optic,Electronic check,4,90.81,353.05,4,2,2,7.0,23.0,Delhi,No
CUST100192,33.0,Female,2023-07-22,Month-to-month,Fiber optic,Bank transfer,29,87.6,2783.9,7,0,1,7.0,22.0,Delhi,No
CUST103793,47.0,Male,2025-07-04,Month-to-month,No internet,Credit card,6,61.29,406.32,5,2,1,8.0,22.0,Bengaluru,No
CUST104203,63.0,Male,2024-06-30,Month-to-month,Fiber optic,Credit card,18,74.82,-500.0,4,1,2,7.0,13.0,Mumbai,No
CUST103524,27.0,Male,2023-11-05,Month-to-month,Fiber optic,Credit card,26,65.36,1788.2,3,1,0,8.0,12.0,Pune,No
CUST104253,18.0,Female,2024-06-09,One year,Fiber optic,Credit card,19,82.26,1466.86,4,1,3,7.0,3.0,Pune,No
CUST104447,38.0,Male,2024-12-11,Month-to-month,Fiber optic,Credit card,13,77.09,1055.79,4,3,3,5.0,22.0,Delhi,Yes
CUST104810,39.0,Female,2021-05-14,Month-to-month,No internet,Credit card,56,86.38,4911.15,8,2,2,7.0,21.0,Mumbai,No
CUST102591,64.0,Male,2024-10-15,One year,Fiber optic,Credit card,15,59.21,858.2,4,1,1,7.0,23.0,Mumbai,No
CUST101972,39.0,,2022-03-09,Two year,Fiber optic,Mailed check,46,90.52,4528.92,6,4,2,,29.0,Hyderabad,No
CUST103270,51.0,Male,2022-10-30,One year,Fiber optic,Electronic check,38,39.59,1171.78,1,0,3,3.0,31.0,Hyderabad,No
CUST103516,43.0,Male,2024-06-30,Month-to-month,No internet,Electronic check,18,39.12,646.37,3,3,1,5.0,11.0,Mumbai,No
CUST104215,55.0,Male,2025-04-26,Month-to-month,DSL,Credit card,8,40.66,315.05,3,3,0,6.0,16.0,Pune,No
CUST102910,32.0,Male,2024-05-15,Two year,Fiber optic,Electronic check,20,74.92,1399.23,5,2,0,7.0,38.0,Hyderabad,No
CUST102699,28.0,Female,2022-12-20,One year,Fiber optic,Bank transfer,36,60.89,2295.33,3,1,2,5.0,15.0,Delhi,No
CUST103011,34.0,Female,2022-01-12,Month-to-month,Fiber optic,Credit card,48,81.09,3913.23,6,2,1,6.0,29.0,Delhi,No
CUST101728,39.0,Female,2025-05-31,Two year,DSL,Electronic check,7,56.01,408.9,5,0,2,8.0,8.0,Delhi,No
CUST102671,55.0,Male,2022-02-06,One year,Fiber optic,Electronic check,47,70.01,3559.99,3,3,2,6.0,13.0,Mumbai,No
CUST104580,34.0,Male,2021-06-20,Month-to-month,No internet,Bank transfer,54,32.39,1593.53,1,3,0,4.0,42.0,Chennai,No
CUST104941,32.0,Female,2025-04-18,Two year,Fiber optic,Credit card,8,76.37,614.71,6,1,0,7.0,7.0,Delhi,No
CUST100191,36.0,Male,2024-06-02,Month-to-month,Fiber optic,Credit card,19,91.94,2044.54,6,3,1,7.0,,Pune,No
CUST103755,32.0,Female,2025-01-14,Month-to-month,No internet,Credit card,12,30.2,401.99,3,3,2,5.0,25.0,Pune,Yes
CUST101721,21.0,Female,2022-05-05,Month-to-month,Fiber optic,Mailed check,44,84.2,3787.12,6,3,3,5.0,12.0,Mumbai,No
CUST104233,55.0,Female,2022-03-19,One year,Fiber optic,Electronic check,45,50.85,2457.68,2,2,1,6.0,8.0,Bengaluru,No
CUST103978,47.0,Female,2024-11-21,One year,No internet,Bank transfer,13,47.59,626.32,5,1,2,6.0,18.0,Bengaluru,Yes
CUST101224,27.0,Female,2025-09-26,Month-to-month,Fiber optic,Credit card,3,104.53,292.12,8,1,1,6.0,37.0,Chennai,Yes
CUST103665,19.0,Female,2025-11-21,Month-to-month,DSL,Credit card,1,41.05,39.68,3,5,2,5.0,41.0,Pune,Yes
CUST103015,31.0,Female,2022-07-31,One year,Fiber optic,Credit card,41,97.4,4033.01,5,2,0,8.0,4.0,Pune,No
CUST101874,25.0,Female,2024-03-27,One year,DSL,Bank transfer,21,76.07,1808.15,7,2,0,6.0,36.0,Pune,No
CUST103694,53.0,Male,2025-04-21,Two year,DSL,,8,35.84,287.82,2,2,1,7.0,10.0,Chennai,No
CUST103089,50.0,Male,2024-03-25,Two year,No internet,Mailed check,21,47.3,943.58,4,0,0,8.0,36.0,Mumbai,No
CUST104745,41.0,Male,2025-01-18,Two year,Fiber optic,Bank transfer,11,71.55,842.93,4,2,0,8.0,20.0,Hyderabad,No
CUST104028,36.0,Male,2021-11-15,Two year,No internet, electronic check ,50,21.15,778.61,2,2,1,8.0,29.0,Hyderabad,No
CUST102603,40.0,Female,2024-03-17,Month-to-month,No internet,Bank transfer,22,94.68,1691.83,8,3,2,7.0,50.0,Pune,Yes
CUST100166,49.0,Female,2024-02-24,One year,Fiber optic,Credit card,22,71.1,1550.54,5,2,1,6.0,35.0,Bengaluru,Yes
CUST101629,51.0, female ,2021-08-11,One year,Fiber optic,Credit card,53,56.15,2922.03,2,2,1,7.0,13.0,Bengaluru,No
CUST102299,34.0,Male,2022-07-29,Month-to-month,Fiber optic,Electronic check,41,72.82,3250.01,4,0,1,6.0,15.0,Hyderabad,No
CUST101024,18.0,Female,2022-03-10,One year,Fiber optic,Credit card,46,93.21,4813.85,6,1,0,,14.0,Hyderabad,No
CUST102059,25.0,Male,2021-09-08,Two year,Fiber optic,Credit card,52,54.11,2464.74,4,1,3,7.0,58.0,Chennai,Yes
CUST102276,23.0,Male,2021-04-09,Month-to-month,DSL,,57,44.46,2614.0,3,5,1,6.0,26.0,Pune,No
CUST102688,53.0,Male,2021-03-30,Month-to-month,Fiber optic,Mailed check,57,61.85,3300.54,4,1,2,6.0,11.0,Mumbai,No
CUST104174,25.0,Male,2023-05-22,One year,Fiber optic,,31,62.14,2084.86,6,1,2,8.0,21.0,Mumbai,No
CUST103609,38.0,Male,2022-09-21,Month-to-month,Fiber optic,Electronic check,39,65.08,2395.18,4,3,2,8.0,44.0,Delhi,No
CUST101096,57.0,Female,2024-03-21,Month-to-month,Fiber optic,Mailed check,21,70.82,1346.81,3,1,1,7.0,16.0,Pune,No
CUST103001,46.0,Female,2022-09-14,Month-to-month,DSL,Electronic check,40,33.2,1206.73,2,3,1,7.0,7.0,Pune,No
CUST100152,18.0,Female,2023-02-11,Month-to-month,Fiber optic,Electronic check,35,82.43,2946.2,5,3,1,7.0,24.0,Hyderabad,Yes
CUST102569,44.0,Male,2023-01-20,Month-to-month,Fiber optic,Electronic check,35,65.82,2137.93,4,1,3,4.0,4.0,Bengaluru,No
CUST104712,51.0,Female,2022-02-07,Two year,DSL,Mailed check,47,43.74,2025.02,2,1,1,7.0,15.0,Chennai,Yes
CUST103834,55.0,Male,2024-06-25,One year,DSL,Electronic check,18,57.59,1065.53,3,4,0,5.0,9.0,Chennai,Yes
CUST101503,42.0,Male,2025-01-12,One year,Fiber optic,Bank transfer,12,73.98,949.29,4,1,2,6.0,11.0,Mumbai,Yes
CUST101926,31.0,Male,2021-07-19,Month-to-month,DSL,Electronic check,53,61.27,3249.08,4,1,1,7.0,29.0,Mumbai,No
CUST101652,44.0,Female,2024-01-07,Two year,Fiber optic,Credit card,24,69.93,1690.92,3,1,1,6.0,12.0,Pune,No
CUST100589,57.0,Female,2025-10-05,One year,Fiber optic,Credit card,3,66.65,196.61,3,2,0,7.0,18.0,Chennai,No
CUST104370,19.0,Female,2025-11-21,Month-to-month,Fiber optic,Credit card,1,64.56,67.88,4,0,3,,32.0,Chennai,Yes
CUST104846,49.0,Female,2022-08-17,Month-to-month,Fiber optic,Electronic check,41,60.21,2516.63,4,1,1,10.0,6.0,Chennai,No
CUST102174,42.0,Female,2024-09-24,One year,Fiber optic,Credit card,15,84.9,1346.81,6,2,0,6.0,6.0,Chennai,No
CUST102710,37.0,Female,2024-09-23,One year,Fiber optic,Credit card,15,49.55,705.91,2,1,2,7.0,23.0,Delhi,No
CUST100031,33.0,Male,2024-08-16,Month-to-month,Fiber optic,Bank transfer,17,66.08,1193.57,3,3,0,7.0,32.0,Bengaluru,No
CUST100937,37.0,Female,2023-10-30,Two year,Fiber optic,Electronic check,26,70.77,1813.37,3,1,3,6.0,14.0,Delhi,Yes
CUST101244,51.0,Male,2023-07-11,Month-to-month,Fiber optic,Bank transfer,30,60.5,1863.75,3,3,3,7.0,22.0,Pune,No
CUST101983,35.0,Male,2021-07-12,Two year,Fiber optic,Electronic check,54,73.51,3865.87,3,3,1,7.0,19.0,Mumbai,No
CUST104822,56.0, female ,2022-01-29,One year,DSL,Mailed check,47,24.98,1242.13,3,1,1,6.0,13.0,Bengaluru,No
CUST100309,59.0,Male,2021-08-30,One year,Fiber optic,Electronic check,52,80.47,3998.44,5,0,2,7.0,20.0,Bengaluru,No
CUST102488,55.0,Female,2024-05-07,Two year,Fiber optic,Credit card,20,78.41,1564.52,6,2,1,7.0,9.0,Pune,Yes
CUST104912,42.0,Male,2021-10-06,Month-to-month,Fiber optic,Electronic check,51,56.52,2680.85,2,1,1,6.0,30.0,Pune,No
CUST103985,31.0,Male,2021-10-28,Two year,DSL,Electronic check,50,52.86,2932.15,4,3,0,8.0,13.0,Pune,No
CUST102654,38.0,Male,2023-02-11,Two year,Fiber optic,Bank transfer,35,63.06,2226.02,4,0,0,10.0,15.0,Bengaluru,No
CUST100495,49.0,Male,2023-06-16,Month-to-month,Fiber optic,Mailed check,31,79.78,2166.02,4,1,1,6.0,12.0,Bengaluru,No
CUST100205,37.0,Female,2024-06-27,Two year,Fiber optic,Credit card,18,,739.79,2,0,1,9.0,22.0,Pune,No
CUST104987,41.0,Female,2021-10-13,One year,DSL,Electronic check,51,37.8,1940.59,4,2,1,6.0,19.0,Delhi,No
CUST103403,51.0,Male,2024-11-12,Two year,DSL,Electronic check,14,51.9,822.07,3,3,0,9.0,12.0,Pune,No
CUST103881,55.0,Male,2024-08-20,Month-to-month,DSL,Credit card,16,,1222.87,8,1,1,6.0,8.0,Delhi,Yes
CUST100305,25.0,Female,2022-09-30,One year,Fiber optic,Electronic check,39,77.8,3231.31,4,2,2,7.0,14.0,Bengaluru,Yes
CUST104964,30.0,Female,2024-11-21,Two year,DSL,,13,42.4,548.32,4,1,0,6.0,15.0,Mumbai,No
CUST104436,33.0,Female,2021-07-02,Two year,DSL,Electronic check,54,68.36,3998.99,6,1,1,6.0,17.0,Chennai,No
CUST101061,55.0,Female,2023-03-11,Month-to-month,Fiber optic,Credit card,34,69.1,2679.1,4,4,1,6.0,12.0,Mumbai,No
CUST100843,37.0,Female,2021-10-16,One year,DSL,Credit card,51,42.04,2004.63,2,2,2,7.0,20.0,Mumbai,No
CUST103455,28.0,Male,2021-11-13,Month-to-month,Fiber optic,Electronic check,50,70.11,3080.62,4,0,1,8.0,17.0,Mumbai,No
CUST102605,27.0,Male,2021-08-05,Month-to-month,DSL,Credit card,53,54.76,2799.37,4,1,1,9.0,8.0,Hyderabad,No
CUST100211,22.0,Male,2024-08-21,Month-to-month,DSL,Electronic check,16,53.78,918.46,4,2,1,6.0,,Hyderabad,Yes
CUST103765,52.0,Male,2025-11-19,Month-to-month,DSL,Bank transfer,1,48.19,48.77,4,1,2,5.0,29.0,Bengaluru,Yes
CUST100679,36.0,Male,2025-10-18,One year,DSL,,2,58.63,116.76,6,2,0,7.0,8.0,Bengaluru,No
CUST100565,47.0,Male,2023-11-19,Month-to-month,Fiber optic,Electronic check,25,55.1,1363.67,2,1,2,6.0,12.0,Chennai,No
CUST101558,48.0,Male,2025-07-29,Month-to-month,Fiber optic,Bank transfer,5,47.5,271.82,2,0,1,8.0,46.0,Hyderabad,No
CUST103879,42.0,Female,2021-07-29,Two year,Fiber optic,Bank transfer,53,40.05,2384.42,1,1,1,4.0,37.0,Hyderabad,Yes
CUST100680,48.0,Female,2024-06-26,Two year,Fiber optic,Mailed check,18,83.71,1486.88,4,1,0,7.0,17.0,Bengaluru,No
CUST100180,54.0,Female,2023-06-07,One year,DSL,Bank transfer,31,53.24,1572.61,5,0,0,5.0,21.0,Bengaluru,No
CUST102698,43.0,Male,2022-07-22,Month-to-month,Fiber optic,Electronic check,41,67.93,2208.58,3,4,0,7.0,16.0,Chennai,No
CUST102906,52.0,Female,2023-08-01,One year,Fiber optic,Credit card,29,98.91,2705.04,5,2,1,6.0,20.0,Chennai,No
CUST102347,30.0,Female,2023-05-31,One year,DSL,Bank transfer,31,37.6,1181.27,3,3,1,6.0,25.0,Delhi,No
CUST104296,35.0,Female,2021-04-05,Month-to-month,DSL,Electronic check,57,71.37,3398.42,6,1,0,,8.0,Pune,No
CUST100278,52.0,Male,2023-10-29,Month-to-month,Fiber optic,Credit card,26,66.31,1737.2,5,1,0,6.0,33.0,Mumbai,No
CUST102117,39.0,Male,2023-12-16,Month-to-month,Fiber optic,Credit card,25,66.7,1857.31,5,3,1,8.0,6.0,Mumbai,No
CUST103979,47.0,Male,2023-03-30,Month-to-month,Fiber optic,Credit card,33,67.34,2326.25,3,1,1,7.0,34.0,Chennai,No
CUST100432,36.0,Male,2024-04-16,Month-to-month,Fiber optic,Bank transfer,21,97.6,1628.08,8,1,2,7.0,33.0,Hyderabad,Yes
CUST100289,37.0,Male,2023-02-03,Month-to-month,DSL,Credit card,35,73.52,2611.12,6,2,1,7.0,26.0,Pune,No
CUST101027,38.0,Female,2024-02-20,Month-to-month,Fiber optic,Electronic check,22,73.53,1590.75,3,1,1,8.0,15.0,Hyderabad,Yes
CUST100535,46.0,Female,2021-09-15,Month-to-month,DSL,Electronic check,52,59.56,2915.7,6,4,1,7.0,,Pune,No
CUST104127,34.0,Female,2024-01-28,One year,DSL,Electronic check,23,62.8,1243.0,6,2,0,7.0,26.0,Chennai,No
CUST100188,22.0,,2022-05-16,Month-to-month,DSL,Credit card,44,51.44,2273.22,4,1,1,8.0,43.0,Delhi,No
CUST103699,23.0,Male,2024-10-26,One year,DSL,Mailed check,14,32.24,454.99,2,0,2,8.0,17.0,Pune,No
CUST103967,25.0,Female,2024-01-01,One year,No internet,Electronic check,24,78.43,1635.37,6,1,0,8.0,30.0,Mumbai,No
CUST101361,49.0,Female,2022-03-26,One year,Fiber optic,Credit card,45,92.16,4223.76,8,3,1,6.0,23.0,Hyderabad,No
CUST100270,29.0,Male,2021-06-28,One year,Fiber optic,Electronic check,54,42.47,2457.57,1,0,2,9.0,5.0,Hyderabad,No
CUST103571,47.0,Male,2024-01-18,Two year,Fiber optic,Credit card,23,79.7,1818.38,5,2,2,6.0,13.0,Delhi,No
CUST104602,37.0,Male,2025-10-12,Month-to-month,Fiber optic,Credit card,3,68.57,178.46,5,2,2,3.0,,Delhi,Yes
CUST102186,37.0,Female,2022-07-20,Month-to-month,DSL,Electronic check,41,24.97,1015.22,3,3,2,7.0,25.0,Delhi,No
CUST103745,34.0,Male,2022-10-15,Month-to-month,Fiber optic,Credit card,39,63.96,2199.41,4,2,3,5.0,5.0,Mumbai,No
CUST100111,41.0,Male,2021-06-10,Month-to-month,DSL,Electronic check,55,48.71,2636.59,4,3,1,6.0,14.0,Hyderabad,No
CUST101946,29.0,Female,2023-05-12,Month-to-month,Fiber optic,Bank transfer,32,61.82,1958.25,3,1,0,7.0,29.0,Bengaluru,Yes
CUST100220,35.0,Male,2025-06-09,Month-to-month,Fiber optic,Mailed check,7,69.34,483.64,4,2,2,6.0,6.0,Chennai,No
CUST103128,29.0,Male,2022-09-07,Month-to-month,DSL,,40,35.73,1251.19,3,2,2,6.0,9.0,Bengaluru,No
CUST100627,54.0,Female,2022-06-20,Two year,No internet,Credit card,42,51.39,2179.68,3,0,0,8.0,10.0,Bengaluru,No
CUST101210,49.0,Female,2021-02-05,Month-to-month,DSL,Credit card,59,29.45,1656.08,2,0,2,8.0,13.0,Bengaluru,No
CUST103402,29.0,Male,2022-03-10,One year,DSL,Credit card,46,58.41,2883.46,3,3,1,7.0,29.0,Hyderabad,No
CUST104155,31.0,Female,2023-08-25,One year,Fiber optic,Credit card,28,77.9,2371.3,5,1,0,5.0,7.0,Pune,No
CUST100790,29.0,Male,2024-06-12,Month-to-month,DSL,Credit card,19,46.79,892.94,2,1,0,7.0,11.0,Pune,No
CUST102423,33.0,Female,2023-01-14,One year,Fiber optic,Electronic check,36,90.06,3571.59,6,4,0,5.0,31.0,Chennai,No
CUST100461,28.0,Male,2023-06-06,Month-to-month,No internet,Electronic check,31,41.42,1244.13,3,3,0,5.0,17.0,Chennai,No
CUST104425,47.0,Female,2022-06-27,Month-to-month,Fiber optic,Credit card,42,92.93,4050.47,5,4,1,5.0,10.0,Pune,No
CUST100551,45.0,Male,2021-04-08,Two year,No internet,,57,81.75,4434.62,7,1,0,9.0,18.0,Bengaluru,No
CUST104542,18.0,Female,2022-07-08,Month-to-month,DSL,Bank transfer,42,600.0,1602.44,3,3,0,7.0,25.0,Hyderabad,No
CUST102191,27.0,Male,2025-05-16,Two year,DSL,Mailed check,8,52.17,366.28,3,1,3,7.0,10.0,Delhi,No
CUST100198,38.0,Male,2023-02-10,Month-to-month,Fiber optic,Credit card,35,76.42,3235.78,5,1,2,7.0,9.0,Mumbai,No
CUST104016,56.0,Female,2024-02-28,One year,DSL,Mailed check,22,52.58,1307.26,3,1,0,6.0,4.0,Bengaluru,No
CUST101703,18.0,Female,2025-07-02,Month-to-month,No internet,Electronic check,6,34.43,215.95,2,0,1,6.0,12.0,Chennai,No
CUST100402,48.0,Female,2025-04-21,Month-to-month,DSL,Credit card,8,56.86,360.38,3,0,0,8.0,,Delhi,No
CUST103097,30.0,Male,2024-04-20,Month-to-month,No internet,Electronic check,20,46.85,800.51,4,5,1,5.0,25.0,Pune,Yes
CUST102164,45.0,Female,2025-05-14,Month-to-month,Fiber optic,Bank transfer,8,91.35,715.62,7,2,0,,15.0,Chennai,No
CUST104787,38.0,Male,2023-07-06,Two year,Fiber optic,Electronic check,30,64.74,2063.87,3,1,1,6.0,47.0,Chennai,No
CUST104247,44.0,Female,2025-03-29,Month-to-month,Fiber optic,Credit card,9,97.99,742.12,5,1,1,7.0,18.0,Delhi,No
CUST104826,33.0,Male,2024-05-03,Month-to-month,No internet,Electronic check,20,43.62,923.35,2,4,3,6.0,15.0,Hyderabad,Yes
CUST104485,30.0,Male,2024-01-25,Two year,DSL,Credit card,23,44.21,1101.29,3,1,0,7.0,38.0,Hyderabad,No
CUST100650,60.0,Female,2024-06-08,One year,No internet,Bank transfer,19,31.21,526.43,1,2,0,9.0,65.0,Pune,No
CUST100708,35.0,Female,2025-06-06,Month-to-month,Fiber optic,Mailed check,7,43.14,301.02,1,1,3,7.0,16.0,Delhi,Yes
CUST101514,18.0,Male,2021-12-25,Month-to-month,DSL,Credit card,48,60.11,2532.94,4,3,2,6.0,21.0,Mumbai,No
CUST104437,48.0,Female,2024-01-22,Month-to-month,DSL,Bank transfer,23,22.63,520.28,1,1,0,9.0,11.0,Bengaluru,No
CUST103907,25.0,Male,2023-09-29,Month-to-month,DSL,Bank transfer,27,26.52,807.59,2,1,0,9.0,29.0,Hyderabad,No
CUST101873,24.0,Female,2022-04-07,Month-to-month,No internet,Bank transfer,45,69.69,3203.76,6,2,0,7.0,8.0,Pune,No
CUST102503,44.0,Male,2021-08-20,Month-to-month,DSL,Bank transfer,52,35.95,1723.26,3,1,0,10.0,19.0,Delhi,No
CUST100314,48.0,Male,2023-02-12,Month-to-month,DSL,Electronic check,35,55.17,2012.97,4,1,0,8.0,13.0,Chennai,No
CUST103240,51.0,Female,2022-08-20,Two year,DSL,Bank transfer,40,53.51,2430.72,3,3,0,5.0,56.0,Bengaluru,Yes
CUST104497,18.0,MALE,2022-02-27,Two year,DSL,Bank transfer,46,37.47,1803.92,2,1,1,8.0,10.0,Pune,No
CUST100113,21.0,Female,2024-08-11,One year,No internet,Mailed check,17,92.03,1623.9,7,3,1,6.0,9.0,Pune,No
CUST100960,57.0,Male,2023-02-06,Month-to-month,DSL,Electronic check,35,40.01,1394.74,5,2,1,5.0,19.0,Pune,No
CUST102951,,Male,2022-11-17,Month-to-month,Fiber optic,Electronic check,37,71.47,2509.65,6,2,1,7.0,18.0,,Yes
CUST102287,65.0,Female,2021-04-22,Month-to-month,No internet,Electronic check,56,66.54,3997.82,3,2,2,7.0,22.0,Pune,Yes
CUST101662,37.0,Male,2024-05-27,One year,Fiber optic,Electronic check,19,81.49,1550.17,4,1,4,5.0,14.0,Hyderabad,No
CUST104703,41.0,Male,2022-01-24,Month-to-month,DSL,Mailed check,47,42.76,1848.09,3,1,2,6.0,7.0,Chennai,No
CUST104767,51.0,Male,2023-11-05,One year,Fiber optic,Mailed check,26,71.44,2031.11,3,2,2,6.0,15.0,Pune,No
CUST101612,37.0,Female,2024-01-28,Month-to-month,No internet,Bank transfer,23,40.84,802.63,1,2,3,6.0,31.0,Hyderabad,No
CUST103238,49.0,Male,2021-05-04,Two year,Fiber optic,Bank transfer,56,85.28,5221.31,5,4,3,3.0,23.0,Hyderabad,No
CUST101235,28.0,Male,2024-07-22,Two year,DSL,Credit card,17,35.94,620.99,3,0,1,9.0,13.0,Delhi,No
CUST103460,39.0,Male,2022-08-11,One year,DSL,Credit card,41,18.0,766.48,2,2,2,5.0,13.0,Chennai,No
CUST104955,63.0,Female,2024-03-12,Two year,Fiber optic,Credit card,22,85.47,1844.86,5,0,1,7.0,,Hyderabad,No
CUST104926,52.0,Male,2022-12-23,One year,Fiber optic,Electronic check,36,88.91,3226.57,4,2,1,8.0,13.0,Chennai,No
CUST102015,40.0,Male,2021-06-02,One year,DSL,Credit card,55,63.28,3251.38,5,2,1,9.0,19.0,Chennai,No
CUST102341,36.0,Male,2022-10-13,Month-to-month,No internet,Bank transfer,39,59.48,2063.09,6,2,2,6.0,16.0,Hyderabad,No
CUST104086,28.0,Male,2022-02-18,Month-to-month,No internet,Credit card,46,28.75,1465.35,1,1,1,6.0,34.0,Mumbai,No
CUST104896,45.0,Female,2025-11-13,Month-to-month,Fiber optic,Credit card,2,70.94,136.69,4,1,1,7.0,7.0,Bengaluru,No
CUST104213,36.0,Female,2023-07-07,Two year,Fiber optic,Electronic check,30,62.55,1665.61,3,2,0,6.0,12.0,Delhi,No
CUST103058,30.0,Male,2023-11-07,One year,Fiber optic,Electronic check,26,52.24,1111.01,4,1,0,6.0,7.0,Chennai,No
CUST104541,41.0,Male,2023-07-23,Month-to-month,Fiber optic,Electronic check,29,76.04,2350.56,5,2,0,8.0,20.0,Mumbai,No
CUST104519,18.0,Female,2024-11-10,Two year,DSL,Bank transfer,14,41.52,636.99,3,2,2,9.0,10.0,Delhi,No
CUST102280,53.0,Male,2024-06-29,Month-to-month,Fiber optic,Electronic check,18,77.62,1325.7,5,0,2,6.0,3.0,Hyderabad,No
CUST102902,50.0,Male,2024-06-26,Month-to-month,Fiber optic,Credit card,18,62.86,1155.72,4,4,1,5.0,18.0,Chennai,No
CUST103371,20.0,Male,2024-01-05,Month-to-month,Fiber optic,Credit card,24,55.56,1254.05,2,1,1,5.0,3.0,Mumbai,No
CUST104373,59.0,Male,2025-02-10,Month-to-month,No internet,Electronic check,11,53.07,570.69,5,1,3,6.0,17.0,Bengaluru,Yes
CUST101751,31.0,Male,2022-09-22,Two year,DSL,Credit card,39,48.44,1924.4,5,1,1,,22.0,Chennai,No
CUST101665,,Male,2024-09-24,One year,DSL,Electronic check,15,36.02,594.89,3,1,1,9.0,15.0,Bengaluru,Yes
CUST100789,36.0,Female,2021-11-05,One year,DSL,Bank transfer,50,44.93,2155.7,3,0,2,7.0,31.0,Pune,No
CUST102295,49.0,Male,2021-03-31,One year,Fiber optic,Bank transfer,57,48.32,2804.8,3,7,2,3.0,23.0,Pune,No
CUST103271,34.0,Male,2025-09-24,Month-to-month,Fiber optic,Mailed check,3,39.55,118.09,1,2,2,6.0,14.0,Pune,No
CUST103162,45.0,Male,2024-11-11,Month-to-month,Fiber optic,Mailed check,14,65.3,987.99,4,0,3,7.0,11.0,Bengaluru,No
CUST100871,26.0,Female,2022-12-11,One year,Fiber optic,Electronic check,37,71.2,2478.97,3,1,0,8.0,6.0,Mumbai,No
CUST101736,22.0,Male,2022-12-21,Two year,Fiber optic,Credit card,36,71.93,2853.18,3,2,1,8.0,37.0,Delhi,No
CUST104384,47.0,Female,2021-01-20,Month-to-month,DSL,Electronic check,59,62.87,3850.81,5,3,2,3.0,12.0,Pune,No
CUST101351,45.0,Female,2021-11-26,Month-to-month,Fiber optic,Credit card,49,51.92,2615.51,4,1,0,8.0,40.0,Mumbai,No
CUST100073,44.0,Female,2024-11-24,Month-to-month,DSL,,13,42.19,530.19,3,1,2,7.0,16.0,Mumbai,No
CUST101876,47.0,Male,2023-05-17,Month-to-month,DSL,Electronic check,32,60.07,2030.44,5,0,0,10.0,49.0,Hyderabad,No
CUST101822,53.0,Female,2024-02-17,Month-to-month,DSL,Credit card,22,44.64,1128.95,3,2,0,9.0,27.0,Bengaluru,No
CUST102517,55.0,Female,2022-06-02,One year,DSL,Bank transfer,43,77.07,2915.71,5,2,0,6.0,20.0,Delhi,No
CUST104681,39.0,Female,2022-09-27,Month-to-month,Fiber optic,Credit card,39,66.47,2730.34,4,1,1,5.0,13.0,Mumbai,No
CUST102897,39.0,Male,2023-12-04,Month-to-month,No internet,,25,27.0,645.6,3,4,3,2.0,21.0,Delhi,No
CUST104927,42.0,Female,2024-02-20,Month-to-month,No internet,Credit card,22,35.28,878.06,2,0,1,6.0,20.0,Bengaluru,No
CUST103859,43.0,Female,2023-06-28,One year,DSL,Credit card,30,60.23,1971.41,5,4,0,6.0,40.0,Mumbai,No
CUST102274,40.0,Female,2021-01-13,Two year,DSL,Credit card,60,106.88,7005.47,8,3,2,5.0,14.0,Mumbai,No
CUST102925,49.0,Female,2022-11-20,One year,DSL,Credit card,37,67.08,2713.72,6,1,3,6.0,21.0,Delhi,No
CUST101765,36.0,Male,2025-10-10,Month-to-month,DSL,Credit card,3,55.52,164.01,5,3,0,7.0,34.0,Hyderabad,No
CUST100494,34.0,Male,2021-02-15,Two year,Fiber optic,Mailed check,59,83.76,5325.11,5,0,5,6.0,9.0,Pune,No
CUST103173,38.0,Female,2021-05-24,Month-to-month,Fiber optic,Mailed check,55,64.3,4074.97,2,0,1,9.0,12.0,Delhi,No
CUST104248,30.0,Female,2022-10-03,One year,DSL,Bank transfer,39,40.96,1614.43,4,3,0,8.0,40.0,Delhi,No
CUST101293,18.0,Female,2023-02-13,Two year,DSL,Electronic check,35,42.83,1665.07,6,1,2,8.0,10.0,Bengaluru,Yes
CUST101164,26.0,Female,2022-09-04,One year,Fiber optic,Bank transfer,40,61.86,2489.82,2,2,2,6.0,10.0,Hyderabad,No
CUST104649,35.0,Male,2021-10-21,Month-to-month,Fiber optic,Electronic check,50,55.33,2967.74,3,1,4,6.0,6.0,Hyderabad,No
CUST104196,41.0,Male,2025-01-09,Month-to-month,DSL,Electronic check,12,45.76,504.05,4,3,2,5.0,22.0,Delhi,No
CUST101831,39.0,Male,2023-07-23,Month-to-month,DSL,Electronic check,29,33.65,845.09,2,2,3,6.0,11.0,Delhi,No
CUST102450,32.0,Female,2021-04-30,Two year,No internet,Electronic check,56,67.34,4086.76,6,1,1,7.0,10.0,Mumbai,Yes
CUST104807,31.0,Female,2024-04-13,One year,DSL,Bank transfer,21,88.31,1766.0,7,2,2,7.0,42.0,Mumbai,Yes
CUST100618,31.0,Male,2022-06-21,Month-to-month,Fiber optic,Credit card,42,91.95,4322.59,5,1,1,,21.0,Bengaluru,No
CUST101738,28.0,Male,2023-09-12,Month-to-month,DSL,Electronic check,28,65.0,2050.52,4,1,0,8.0,22.0,Hyderabad,No
CUST102441,45.0,Male,2021-11-23,Month-to-month,Fiber optic,Electronic check,49,,3926.13,5,2,2,6.0,21.0,Delhi,Yes
CUST104404,37.0,Female,2024-09-23,Month-to-month,Fiber optic,Mailed check,15,73.81,1066.92,4,3,0,8.0,21.0,Hyderabad,No
CUST103443,34.0,Male,2024-02-18,Month-to-month,Fiber optic,Credit card,22,64.53,1207.29,3,4,2,6.0,28.0,Bengaluru,Yes
CUST102101,18.0,Female,2024-06-29,One year,Fiber optic,Electronic check,18,50.82,939.16,3,2,3,5.0,30.0,Bengaluru,No
CUST103456,41.0,Male,2022-10-26,Month-to-month,Fiber optic,Electronic check,38,54.3,2153.08,2,0,2,10.0,30.0,Chennai,No
CUST100869,37.0,Male,2025-07-14,Month-to-month,Fiber optic,Mailed check,6,71.8,340.68,4,0,1,9.0,22.0,Delhi,No
CUST102757,42.0,Female,2022-12-10,Month-to-month,DSL,Credit card,37,61.99,2367.03,4,1,1,7.0,21.0,Chennai,No
CUST101042,46.0,Female,2025-04-27,Month-to-month,DSL,Credit card,8,43.0,305.93,4,1,4,7.0,6.0,Delhi,No
CUST101392,31.0,Female,2021-01-28,Two year,DSL,Electronic check,59,37.39,2022.44,3,1,0,9.0,24.0,Chennai,No
CUST100356,41.0,Male,2025-04-13,Month-to-month,No internet,Credit card,9,64.88,603.14,5,5,1,3.0,34.0,Chennai,Yes
CUST101162,35.0,Male,2022-05-20,Month-to-month,Fiber optic,Mailed check,43,63.26,2542.61,4,3,2,5.0,32.0,Mumbai,No
CUST102804,28.0,Male,2024-02-21,Month-to-month,DSL,Electronic check,22,89.29,2028.3,8,2,2,6.0,19.0,Hyderabad,No
CUST101260,50.0,Female,2022-03-10,Month-to-month,DSL,Electronic check,46,39.72,1762.96,4,2,0,6.0,20.0,Chennai,No
CUST101295,48.0,Male,2024-12-12,Month-to-month,Fiber optic,Electronic check,13,54.61,845.21,2,0,2,9.0,8.0,Bengaluru,No
CUST101583,30.0,Male,2024-03-28,Two year,Fiber optic,Electronic check,21,52.01,1082.88,2,2,0,7.0,9.0,Mumbai,No
CUST103861,47.0, female ,2021-09-10,One year,Fiber optic,Mailed check,52,83.6,4811.03,6,0,1,8.0,12.0,Hyderabad,No
CUST103971,41.0,Male,2024-06-10,Month-to-month,Fiber optic,,19,39.02,789.51,1,1,2,6.0,7.0,Mumbai,No
CUST103689,54.0,Female,2021-07-16,One year,No internet,Credit card,54,63.81,2878.64,5,3,1,5.0,23.0,Delhi,No
CUST102470,32.0,,2025-02-25,One year,DSL,Electronic check,10,60.29,582.31,5,2,0,9.0,18.0,Hyderabad,No
CUST102989,55.0,MALE,2021-09-18,Month-to-month,DSL,Bank transfer,51,31.75,1773.19,1,2,0,8.0,9.0,Chennai,No
CUST100332,30.0,Male,2021-12-08,Month-to-month,Fiber optic,Mailed check,49,75.29,3807.44,3,1,2,5.0,17.0,Bengaluru,No
CUST101419,38.0,Female,2024-09-30,One year,DSL,Credit card,15,37.35,479.89,3,2,2,7.0,47.0,Hyderabad,No
CUST102775,70.0,Female,2025-03-28,One year,Fiber optic,Credit card,9,75.09,748.7,5,1,0,7.0,9.0,Chennai,No
CUST102968,62.0,Male,2024-11-19,One year,Fiber optic,Electronic check,13,103.48,1502.57,7,1,1,6.0,26.0,Pune,No
CUST103717,43.0,Male,2025-05-14,Month-to-month,DSL,Credit card,8,59.67,482.05,4,3,3,5.0,11.0,Delhi,No
CUST101669,30.0,Male,2025-10-13,Two year,Fiber optic,Credit card,3,102.85,296.51,7,0,2,8.0,23.0,Delhi,No
CUST101116,52.0,Female,2023-06-19,Month-to-month,DSL,Electronic check,30,24.06,685.12,2,2,0,7.0,43.0,Delhi,Yes
CUST101894,35.0,Female,2022-06-03,One year,Fiber optic,Electronic check,43,56.5,2486.6,1,1,0,8.0,19.0,Hyderabad,No
CUST104503,48.0,Female,2021-10-05,Month-to-month,Fiber optic,Electronic check,51,80.51,2962.95,5,1,1,10.0,4.0,Hyderabad,No
CUST103625,62.0,Female,2024-02-18,Month-to-month,No internet,Electronic check,22,73.96,1551.79,8,0,1,7.0,17.0,Hyderabad,Yes
CUST104538,25.0,Male,2023-12-02,One year,DSL,Credit card,25,34.02,890.72,3,4,3,7.0,12.0,Bengaluru,No
CUST104194,53.0,Female,2022-07-18,One year,No internet,Electronic check,41,42.9,1994.16,4,2,1,7.0,39.0,Chennai,No
CUST101752,30.0,Male,2021-07-25,Month-to-month,DSL,Electronic check,53,25.7,1420.48,2,2,2,7.0,5.0,Bengaluru,No
CUST100445,20.0,Female,2025-09-11,One year,Fiber optic,Credit card,4,88.69,350.84,5,1,0,9.0,40.0,Hyderabad,No
CUST102275,18.0,Male,2023-05-28,Month-to-month,DSL,Electronic check,31,,983.08,3,2,3,5.0,11.0,Bengaluru,No
CUST100452,61.0,Female,2021-02-23,Month-to-month,Fiber optic,Credit card,58,73.36,4643.71,5,2,0,6.0,6.0,Bengaluru,No
CUST102615,30.0,Female,2021-05-14,One year,Fiber optic,Bank transfer,56,78.26,4276.07,4,2,0,5.0,23.0,Delhi,No
CUST104457,35.0,Male,2022-02-25,One year,No internet,Bank transfer,46,61.0,3104.64,6,3,0,5.0,24.0,Pune,No
CUST102995,29.0,Female,2022-06-01,Two year,DSL,Electronic check,43,39.57,1920.34,2,1,1,7.0,25.0,Delhi,No
CUST100014,44.0,Male,2024-04-17,One year,DSL,Electronic check,20,51.6,1009.64,3,1,4,6.0,16.0,Chennai,Yes
CUST102662,34.0,Male,2024-11-04,One year,Fiber optic,Electronic check,14,73.29,831.08,3,2,1,4.0,9.0,Pune,No
CUST100945,34.0,Male,2023-02-11,Month-to-month,DSL,Electronic check,35,25.59,857.45,2,0,0,8.0,9.0,Chennai,No
CUST100247,60.0,Female,2022-07-19,Month-to-month,DSL,Bank transfer,41,79.43,3077.25,7,2,1,7.0,43.0,Chennai,No
CUST103262,42.0,Male,2024-07-28,One year,Fiber optic,Bank transfer,17,62.33,1052.38,4,1,2,8.0,18.0,Hyderabad,No
CUST100360,36.0,Male,2022-01-05,Month-to-month,DSL,Bank transfer,48,55.8,2406.05,3,0,1,7.0,5.0,Pune,Yes
CUST104680,57.0,Female,2024-10-08,Month-to-month,Fiber optic,Bank transfer,15,63.12,1007.91,4,1,0,8.0,26.0,Bengaluru,No
CUST103852,22.0,Male,2024-09-07,Two year,Fiber optic,Credit card,16,51.69,826.43,2,1,1,7.0,10.0,Pune,No
CUST103464,44.0,Male,2024-07-18,Month-to-month,Fiber optic,Electronic check,17,91.23,1305.97,6,4,0,7.0,,Delhi,No
CUST104665,49.0,Male,2024-06-26,One year,DSL,Credit card,18,65.05,1300.99,4,3,3,6.0,21.0,Delhi,No
CUST103407,58.0,Female,2024-06-05,One year,DSL,Electronic check,19,39.89,704.63,4,0,1,9.0,11.0,Pune,No
CUST103704,44.0,Female,2021-03-29,Month-to-month,DSL,Credit card,57,60.88,3703.11,4,1,3,7.0,10.0,Bengaluru,No
CUST101789,50.0,Female,2023-10-25,Month-to-month,DSL,Credit card,26,67.06,1765.56,5,3,0,7.0,45.0,Delhi,No
CUST103841,37.0,Female,2024-12-18,Month-to-month,Fiber optic,Electronic check,12,70.37,873.4,4,0,4,6.0,19.0,Hyderabad,No
CUST101370,20.0,Female,2021-02-12,Month-to-month,DSL,Bank transfer,59,61.87,3649.28,3,1,1,8.0,17.0,Mumbai,No
CUST104909,37.0,Female,2022-12-25,One year,DSL,Bank transfer,36,79.53,3044.94,4,2,0,9.0,36.0,,No
CUST102893,30.0,Male,2024-08-12,Month-to-month,No internet,Electronic check,17,70.59,1251.21,4,2,2,5.0,8.0,Hyderabad,No
CUST100490,51.0,Female,2025-05-31,Month-to-month,No internet,Credit card,7,45.74,309.41,3,2,0,6.0,15.0,Pune,No
CUST100862,37.0,Male,2022-01-23,Month-to-month,DSL,Electronic check,47,36.6,1628.51,3,0,0,9.0,8.0,Mumbai,No
CUST102197,38.0,Male,2024-10-15,Month-to-month,DSL,Electronic check,15,62.76,1037.23,4,1,0,5.0,13.0,Delhi,No
CUST102242,21.0,Female,2023-11-12,Month-to-month,No internet,Bank transfer,26,61.13,1491.23,5,2,1,7.0,13.0,Hyderabad,No
CUST101921,50.0,Male,2024-05-20,One year,DSL,Credit card,19,46.57,1010.65,3,4,1,6.0,17.0,Chennai,No
CUST102480,60.0,Female,2025-10-25,Month-to-month,No internet,Credit card,2,72.71,138.0,7,2,0,7.0,16.0,Delhi,No
CUST103720,39.0,Male,2022-01-14,One year,Fiber optic,Mailed check,48,62.39,3366.52,3,4,1,7.0,12.0,Hyderabad,No
CUST100506,67.0,Female,2022-06-14,One year,Fiber optic,Credit card,43,71.02,2814.73,2,1,1,6.0,7.0,Mumbai,Yes
CUST102715,39.0,Male,2024-12-07,One year,DSL,Electronic check,13,64.54,834.75,6,0,0,8.0,18.0,Hyderabad,No
CUST104397,32.0,Male,2025-03-26,One year,DSL,Bank transfer,9,34.58,343.13,3,3,0,6.0,16.0,Delhi,No
CUST101988,28.0,Male,2021-08-31,Two year,Fiber optic,Electronic check,52,53.83,2919.8,4,2,1,9.0,11.0,Pune,No
CUST101222,,Male,2022-07-13,One year,Fiber optic,Mailed check,42,58.51,2560.23,4,4,2,7.0,10.0,Mumbai,No
CUST101113,35.0,Male,2024-09-12,Two year,No internet,Credit card,16,42.32,663.51,3,0,1,7.0,18.0,Mumbai,No
CUST103308,26.0,Female,2023-10-21,Month-to-month,Fiber optic,Bank transfer,26,90.05,2431.59,6,1,2,7.0,27.0,Chennai,No
CUST103469,49.0,Female,2022-07-30,Month-to-month,No internet,Electronic check,41,54.79,2263.16,5,0,2,9.0,5.0,Chennai,No
CUST101954,41.0,Male,2023-08-08,Month-to-month,Fiber optic,Electronic check,29,33.08,945.05,1,1,0,,13.0,Pune,No
CUST104696,47.0,Male,2024-09-24,Month-to-month,DSL,Mailed check,15,48.86,675.69,4,2,2,5.0,39.0,Chennai,No
CUST100433,18.0,Female,2025-08-01,Month-to-month,Fiber optic,Credit card,5,69.44,389.43,2,3,0,7.0,19.0,Delhi,No
CUST102094,39.0,Male,2021-09-10,Month-to-month,Fiber optic,Credit card,52,48.51,2588.07,2,1,0,4.0,4.0,Hyderabad,No
CUST103254,34.0,Female,2023-12-14,One year,Fiber optic,Electronic check,25,67.67,1649.98,4,0,2,7.0,27.0,Hyderabad,No
CUST102876,22.0,Male,2025-08-02,Month-to-month,DSL,Mailed check,5,89.34,464.45,8,0,1,10.0,7.0,Pune,No
CUST103828,41.0,Male,2025-01-07,Month-to-month,DSL,Bank transfer,12,70.67,891.66,3,1,0,7.0,27.0,Delhi,No
CUST101553,34.0,Female,2024-10-02,Month-to-month,No internet,Electronic check,15,44.74,688.19,2,1,4,6.0,19.0,Chennai,No
CUST103206,44.0,Female,2023-01-21,Two year,DSL,Bank transfer,35,55.55,2222.85,4,1,2,8.0,16.0,Chennai,No
CUST102970,50.0,Male,2022-08-25,Month-to-month,Fiber optic,Credit card,40,108.91,4362.93,8,3,2,5.0,14.0,Delhi,No
CUST104093,24.0,Male,2025-11-25,Month-to-month,DSL,Credit card,1,55.37,45.15,3,1,2,5.0,21.0,Delhi,No
CUST102957,39.0,Female,2021-06-10,One year,Fiber optic,Mailed check,55,77.69,4451.0,4,3,2,7.0,32.0,Pune,No
CUST101102,45.0,Male,2025-05-01,One year,DSL,Credit card,8,45.33,302.47,3,0,1,10.0,22.0,Pune,No
CUST101480,43.0,Male,2023-04-20,Month-to-month,Fiber optic,Electronic check,32,69.8,2060.17,4,4,2,6.0,51.0,Pune,No
CUST101489,40.0,Female,2022-04-27,Two year,Fiber optic,Electronic check,44,54.43,2317.43,3,2,2,7.0,8.0,Mumbai,No
CUST102167,18.0,Female,2021-08-01,Month-to-month,DSL,Credit card,53,58.6,3232.63,5,1,1,7.0,17.0,Bengaluru,No
CUST103893,25.0,Female,2025-10-03,Month-to-month,DSL,Mailed check,3,62.18,180.54,6,2,0,7.0,10.0,Bengaluru,No
CUST100156,40.0,Female,2021-04-01,Month-to-month,Fiber optic,Credit card,57,46.19,2911.55,2,0,5,4.0,23.0,Mumbai,No
CUST103559,28.0,Male,2021-07-02,Two year,DSL,Credit card,54,66.43,3790.44,6,2,1,7.0,32.0,,No
CUST102224,25.0,Female,2025-10-22,Month-to-month,Fiber optic,Credit card,2,91.38,171.75,7,1,0,9.0,,Mumbai,No
CUST100615,23.0,Female,2023-02-06,Month-to-month,DSL,Bank transfer,35,44.71,1555.59,3,1,0,8.0,13.0,Delhi,No
CUST100643,40.0,Male,2025-11-16,Month-to-month,Fiber optic,Electronic check,2,87.7,185.47,4,1,0,7.0,24.0,Bengaluru,No
CUST102812,33.0,Male,2022-02-19,One year,No internet,Bank transfer,46,52.39,2349.18,3,1,0,7.0,6.0,Pune,No
CUST103513,51.0,Male,2021-03-12,Month-to-month,DSL,Credit card,58,50.67,3070.6,5,0,0,7.0,18.0,Pune,Yes
CUST101068,55.0,Female,2025-04-07,Month-to-month,Fiber optic,Credit card,9,85.39,746.46,5,2,0,9.0,20.0,Chennai,No
CUST103504,40.0,Male,2022-12-28,One year,DSL,Electronic check,36,53.92,2006.37,4,3,0,6.0,24.0,Pune,No
CUST102683,30.0,Male,2024-03-20,Month-to-month,DSL,Electronic check,21,69.82,1487.12,5,1,2,9.0,20.0,Bengaluru,No
CUST104262,32.0,Female,2025-04-21,Month-to-month,DSL,Bank transfer,8,62.77,488.29,5,3,1,7.0,26.0,Bengaluru,No
CUST103185,22.0, female ,2022-09-25,One year,DSL,Bank transfer,39,38.47,1475.62,3,0,2,8.0,13.0,Pune,No
CUST100330,56.0,,2022-08-20,Month-to-month,DSL,Bank transfer,40,18.0,689.06,1,1,1,6.0,18.0,Bengaluru,No
CUST104943,29.0,Female,2024-11-10,One year,DSL,Credit card,14,53.62,748.01,5,0,2,7.0,8.0,Mumbai,No
CUST102857,40.0,Female,2024-03-20,Month-to-month,DSL,Electronic check,21,47.64,990.05,4,2,1,6.0,6.0,Mumbai,No
CUST102221,29.0,Female,2025-11-25,Month-to-month,No internet,Credit card,1,43.82,43.98,3,0,1,9.0,12.0,Mumbai,No
CUST100622,120.0,Female,2024-02-02,Month-to-month,Fiber optic,Bank transfer,23,86.07,2270.61,5,3,1,5.0,24.0,Chennai,No
CUST101634,41.0,Male,2025-08-13,Two year,Fiber optic,Credit card,5,63.28,340.18,3,1,1,6.0,18.0,Chennai,Yes
CUST104523,39.0,Female,2024-10-27,One year,No internet,Mailed check,14,43.93,583.1,3,0,1,7.0,9.0,,No
CUST103688,70.0,Female,2023-01-06,Two year,Fiber optic,Bank transfer,36,45.17,1457.62,2,0,1,8.0,3.0,Hyderabad,No
CUST102942,38.0,Female,2022-07-30,Two year,No internet,Electronic check,41,450.0,1692.87,3,3,0,6.0,22.0,Mumbai,No
CUST101965,44.0,Female,2024-01-08,One year,Fiber optic,Electronic check,24,44.64,1027.13,1,1,1,8.0,15.0,Chennai,No
CUST102649,67.0,Male,2021-02-16,Month-to-month,DSL,Mailed check,58,56.92,3353.37,3,3,0,8.0,10.0,Chennai,No
CUST102748,36.0,Female,2025-03-04,Month-to-month,Fiber optic,Mailed check,10,60.75,577.49,4,2,1,8.0,14.0,Bengaluru,No
CUST100755,52.0,Female,2024-04-03,Month-to-month,DSL,Mailed check,21,64.69,1516.95,4,2,1,7.0,49.0,Mumbai,No
CUST100518,49.0,Female,2023-04-05,One year,Fiber optic,Electronic check,33,77.09,2430.66,5,2,0,8.0,22.0,Mumbai,No
CUST103853,34.0,Male,2022-11-20,Month-to-month,DSL,Credit card,37,42.96,1560.81,4,2,1,6.0,10.0,Bengaluru,No
CUST100032,32.0,Male,2023-02-28,One year,DSL,Credit card,34,38.38,1210.99,2,2,1,7.0,15.0,Pune,No
CUST102978,31.0,Female,2024-03-30,One year,DSL,Bank transfer,21,50.46,1089.03,3,3,1,7.0,20.0,Mumbai,No
CUST101157,56.0,Female,2025-03-05,Month-to-month,Fiber optic,Electronic check,10,53.38,485.51,1,1,0,9.0,21.0,Hyderabad,No
CUST100744,39.0,Male,2024-03-28,Month-to-month,Fiber optic,Bank transfer,21,73.78,1472.69,3,0,0,8.0,36.0,Hyderabad,No
CUST101434,41.0,Male,2025-04-15,Month-to-month,DSL,Electronic check,9,42.74,385.09,1,1,1,8.0,10.0,Hyderabad,No
CUST103372,20.0,Female,2021-07-05,One year,DSL,Mailed check,54,48.76,2666.65,2,1,1,7.0,20.0,Delhi,No
CUST101675,19.0,Female,2023-06-05,Month-to-month,Fiber optic,Credit card,31,49.71,1531.94,2,2,3,5.0,27.0,Hyderabad,No
CUST102628,28.0,Female,2024-04-16,Month-to-month,Fiber optic,Mailed check,21,75.4,1281.7,4,2,1,4.0,14.0,Mumbai,No
CUST100783,49.0,,2021-10-21,Month-to-month,Fiber optic,Credit card,50,104.24,4988.96,6,1,3,5.0,24.0,Delhi,No
CUST101813,38.0,Female,2025-01-27,Month-to-month,No internet,Electronic check,11,35.17,388.2,2,2,0,8.0,10.0,Hyderabad,Yes
CUST104044,26.0,Male,2021-04-08,Month-to-month,Fiber optic,Credit card,57,80.04,4604.96,5,4,2,5.0,17.0,Mumbai,No
CUST100229,35.0,Female,2022-03-25,One year,Fiber optic,Credit card,45,58.65,2681.68,4,1,0,8.0,12.0,Bengaluru,No
CUST100857,43.0,MALE,2023-08-18,One year,DSL,Electronic check,28,71.82,2054.19,5,0,0,8.0,13.0,Delhi,No
CUST102107,25.0,Male,2023-11-11,Two year,Fiber optic,Credit card,26,96.87,2329.74,7,0,1,8.0,3.0,Chennai,Yes
CUST104350,36.0,Male,2023-06-05,Two year,Fiber optic,Bank transfer,31,76.24,2457.19,5,0,0,8.0,21.0,Bengaluru,No
CUST100408,18.0,Female,2023-07-28,Month-to-month,DSL,Electronic check,29,82.86,2380.04,8,1,1,8.0,19.0,Hyderabad,No
CUST100170,30.0,Male,2021-03-11,Month-to-month,Fiber optic,Mailed check,58,78.06,3999.02,5,0,3,6.0,33.0,Delhi,No
CUST100540,18.0,Male,2025-03-22,Month-to-month,DSL,Credit card,9,85.37,804.35,6,2,0,9.0,6.0,Bengaluru,No
CUST102240,53.0,Female,2025-03-20,One year,DSL,Electronic check,9,18.0,163.33,3,2,1,8.0,12.0,Hyderabad,No
CUST103036,40.0,Male,2022-05-26,One year,Fiber optic,Credit card,43,51.36,2028.6,3,2,4,7.0,12.0,Hyderabad,No
CUST102602,37.0,Male,2023-08-31,Month-to-month,No internet,Electronic check,28,36.44,959.71,2,1,1,7.0,11.0,Hyderabad,No
CUST100613,43.0,Male,2024-11-13,One year,DSL,Bank transfer,14,85.72,1115.14,7,3,0,7.0,10.0,Chennai,No
CUST103829,24.0,Male,2025-04-12,One year,Fiber optic,Credit card,9,68.62,593.14,4,4,2,6.0,14.0,Bengaluru,No
CUST102333,38.0,Female,2025-08-04,One year,DSL,Credit card,5,34.91,152.8,2,2,2,5.0,8.0,Mumbai,No
CUST103484,48.0,Male,2025-06-06,Month-to-month,Fiber optic,Mailed check,7,73.82,537.27,4,1,1,,11.0,Chennai,No
CUST101161,34.0,Male,2023-01-04,One year,Fiber optic,Electronic check,36,58.48,2014.96,2,0,1,7.0,48.0,Hyderabad,No
CUST102088,30.0,Female,2025-02-23,One year,DSL,Electronic check,10,62.38,601.01,5,5,1,3.0,8.0,Hyderabad,No
CUST103550,29.0,Male,2022-10-11,Month-to-month,DSL,Bank transfer,39,57.17,2059.44,3,2,1,9.0,16.0,Delhi,No
CUST102266,45.0,Male,2024-05-13,One year,DSL,Bank transfer,20,43.81,945.91,4,1,2,8.0,7.0,Bengaluru,No
CUST104748,25.0,Female,2021-08-03,Month-to-month,No internet,Mailed check,53,57.16,3041.65,4,2,1,5.0,10.0,Mumbai,No
CUST101487,22.0,Male,2023-09-10,Month-to-month,DSL,Bank transfer,28,18.0,545.76,1,0,2,9.0,3.0,Pune,No
CUST102228,64.0,Male,2021-11-29,Month-to-month,DSL,Electronic check,49,66.54,2756.05,4,1,0,9.0,32.0,Pune,Yes
CUST100564,49.0,Male,2025-10-16,Month-to-month,Fiber optic,Electronic check,3,62.49,188.49,4,2,2,8.0,11.0,Chennai,No
CUST103620,42.0,Female,2022-05-29,Two year,DSL,Mailed check,43,45.22,2009.45,2,4,1,5.0,14.0,Chennai,No
CUST104270,23.0,Female,2024-10-11,Month-to-month,DSL,Electronic check,15,29.34,460.03,2,1,1,7.0,42.0,Hyderabad,Yes
CUST101837,35.0,Male,2025-03-06,One year,DSL,Bank transfer,10,47.45,527.57,2,1,5,7.0,7.0,Mumbai,No
CUST101505,44.0,Female,2022-04-16,Month-to-month,Fiber optic,Electronic check,45,47.7,1971.42,3,3,0,9.0,23.0,Hyderabad,No
CUST101413,53.0,Male,2023-08-06,One year,No internet,Credit card,29,28.05,831.8,1,1,2,8.0,11.0,Hyderabad,No
CUST101432,28.0,Male,2021-07-13,Two year,DSL,Electronic check,54,93.03,4563.57,7,2,4,6.0,24.0,Hyderabad,No
CUST104953,18.0,Male,2023-01-31,One year,DSL,Credit card,35,74.14,2837.43,5,3,1,8.0,16.0,Pune,No
CUST103523,19.0,Male,2023-12-03,One year,DSL,Electronic check,25,46.17,970.31,6,2,1,6.0,16.0,Bengaluru,No
CUST104610,39.0,Male,2025-06-03,Two year,Fiber optic,Electronic check,7,71.37,471.71,3,4,0,9.0,7.0,Chennai,No
CUST103685,41.0,Male,2022-03-19,Month-to-month,DSL,Credit card,45,28.78,1381.67,1,0,0,10.0,1.0,Mumbai,No
CUST102518,45.0,Male,2022-08-11,Month-to-month,DSL,Bank transfer,41,35.76,1314.93,2,1,1,7.0,16.0,,No
CUST101417,50.0,Male,2023-02-20,Two year,DSL,Bank transfer,34,56.03,1732.52,4,0,2,7.0,7.0,Bengaluru,No
CUST101172,37.0,Female,2024-10-02,One year,No internet,Electronic check,15,25.71,370.16,3,3,1,6.0,17.0,Chennai,No
CUST103811,34.0,Male,2025-06-16,Two year,Fiber optic,Credit card,7,77.28,562.11,3,0,0,8.0,17.0,Hyderabad,No
CUST100325,47.0,Female,2025-09-16,Month-to-month,Fiber optic,Credit card,4,64.0,284.63,4,0,1,5.0,3.0,Bengaluru,Yes
CUST101051,36.0,Male,2023-06-16,Month-to-month,Fiber optic,Bank transfer,31,76.91,2307.23,4,4,0,6.0,18.0,Bengaluru,No
CUST103954,38.0,Male,2021-09-05,Month-to-month,Fiber optic,Bank transfer,52,71.47,4101.39,3,3,1,6.0,25.0,Hyderabad,No
CUST103339,18.0,Female,2024-07-13,One year,DSL,Electronic check,18,61.58,1343.25,5,2,0,8.0,8.0,Mumbai,No
CUST103435,44.0,MALE,2024-02-17,Two year,No internet,Bank transfer,22,74.0,1432.63,8,3,1,6.0,19.0,Chennai,No
CUST102021,29.0,Female,2022-05-24,One year,Fiber optic,Electronic check,43,79.61,3591.05,5,0,2,5.0,16.0,Chennai,No
CUST101533,24.0,Female,2025-03-10,Month-to-month,No internet,Electronic check,10,65.47,612.34,7,1,1,7.0,3.0,Chennai,No
CUST101196,23.0,Female,2022-11-27,Two year,Fiber optic,Electronic check,37,63.02,2101.1,4,3,0,7.0,69.0,Bengaluru,No
CUST100620,33.0,Female,2025-01-21,Month-to-month,Fiber optic,Credit card,11,78.61,781.62,5,3,1,7.0,30.0,Delhi,No
CUST101405,46.0,Male,2023-02-14,Month-to-month,Fiber optic,Electronic check,35,82.37,2740.76,6,2,1,6.0,18.0,Chennai,Yes
CUST103227,37.0,Male,2025-02-14,Two year,Fiber optic,Mailed check,11,90.37,954.46,7,0,1,10.0,17.0,Hyderabad,No
CUST101189,36.0,Male,2022-06-17,Month-to-month,DSL,Electronic check,43,40.25,1618.12,1,3,0,7.0,14.0,Mumbai,No
CUST100328,24.0,Male,2022-08-18,Two year,No internet,Bank transfer,40,63.86,2452.14,5,2,3,7.0,39.0,Mumbai,No
CUST100648,40.0,Female,2024-06-04,One year,DSL,Mailed check,19,58.8,1216.59,5,5,1,4.0,13.0,Bengaluru,No
CUST100897,28.0,Female,2025-08-09,Month-to-month,DSL,Credit card,5,45.48,228.8,4,0,0,9.0,7.0,Hyderabad,No
CUST102138,42.0,Male,2021-01-19,Month-to-month,DSL,Bank transfer,59,58.78,3591.8,4,1,1,8.0,24.0,,No
CUST101123,35.0,Male,2025-01-05,One year,Fiber optic,Credit card,12,47.83,617.48,3,1,0,8.0,9.0,Pune,No
CUST101937,24.0,Female,2023-11-27,Month-to-month,DSL,Mailed check,25,56.28,1523.63,4,1,2,5.0,13.0,Mumbai,No
CUST104667,48.0,Male,2023-08-09,Month-to-month,Fiber optic,Bank transfer,29,62.54,1978.08,3,4,2,6.0,10.0,Bengaluru,No
CUST101869,41.0,MALE,2024-08-23,One year,Fiber optic,Credit card,16,51.16,813.81,2,2,2,5.0,16.0,Pune,Yes
CUST101832,25.0,Female,2023-02-26,One year,Fiber optic,Electronic check,34,66.67,2058.32,5,3,0,7.0,15.0,Mumbai,No
CUST104527,40.0,Male,2023-10-14,Month-to-month,DSL,Mailed check,27,46.4,1286.65,3,4,1,6.0,47.0,Hyderabad,No
CUST104400,37.0,Female,2022-11-15,Month-to-month,Fiber optic,Mailed check,38,80.24,2620.51,4,1,2,6.0,26.0,Chennai,No
CUST103357,32.0,Male,2022-06-06,Month-to-month,DSL,Mailed check,43,19.4,860.86,2,4,2,6.0,16.0,Pune,Yes
CUST102462,36.0,Female,2024-12-13,One year,Fiber optic,Bank transfer,13,74.08,835.62,3,2,1,7.0,12.0,Chennai,No
CUST103263,57.0,Male,2024-01-25,One year,DSL,Bank transfer,23,40.59,1088.78,2,3,3,7.0,22.0,Mumbai,No
CUST103616,52.0,Male,2021-05-23,Month-to-month,DSL,Credit card,55,60.12,2773.6,4,1,0,7.0,20.0,Pune,No
CUST101023,45.0,Female,2025-11-17,Month-to-month,DSL,Credit card,1,40.95,37.08,2,1,0,9.0,19.0,Mumbai,No
CUST102123,39.0,Male,2024-01-20,Two year,Fiber optic,Electronic check,23,76.59,1753.77,6,0,1,9.0,6.0,,No
CUST102422,57.0,Female,2024-02-18,Month-to-month,Fiber optic,Credit card,22,72.46,1738.48,4,1,0,9.0,28.0,Bengaluru,No
CUST103892,18.0,Male,2024-04-15,One year,Fiber optic,Credit card,21,85.14,1888.75,5,2,1,5.0,13.0,,No
CUST102486,39.0,Male,2023-04-30,Month-to-month,DSL,Mailed check,32,38.0,1178.3,2,3,2,5.0,15.0,Chennai,No
CUST103114,41.0,Male,2022-04-02,One year,DSL,Mailed check,45,92.48,3689.05,7,1,1,7.0,11.0,Chennai,No
CUST100809,41.0,Female,2023-02-20,Two year,DSL,Bank transfer,34,64.35,2248.29,5,3,1,8.0,16.0,Delhi,No
CUST103131,30.0,Female,2021-12-25,Month-to-month,Fiber optic,Credit card,48,61.72,3413.97,2,1,2,6.0,29.0,Hyderabad,No
CUST100978,21.0,Male,2023-12-05,One year,Fiber optic,Credit card,25,67.03,1531.37,4,2,2,6.0,7.0,Chennai,No
CUST104873,24.0,Male,2022-06-28,Month-to-month,No internet,Credit card,42,60.2,2496.29,5,7,1,4.0,27.0,Mumbai,Yes
CUST102728,60.0,Female,2024-10-19,Month-to-month,Fiber optic,Bank transfer,14,61.89,878.93,2,7,1,4.0,24.0,Bengaluru,Yes
CUST103381,42.0,Male,2023-04-20,Month-to-month,DSL,Electronic check,32,51.06,1468.52,3,2,0,8.0,36.0,Chennai,No
CUST102525,46.0,Male,2023-08-19,Two year,DSL,Electronic check,28,34.52,1017.04,2,3,1,7.0,24.0,Mumbai,No
CUST101438,23.0,Male,2022-03-30,Month-to-month,Fiber optic,Mailed check,45,66.31,3020.15,4,3,2,7.0,36.0,Delhi,No
CUST104986,43.0,Female,2025-01-25,Month-to-month,No internet,Electronic check,11,40.54,435.94,2,3,1,5.0,,Pune,No
CUST101526,52.0,Male,2022-11-04,Two year,No internet,Credit card,38,65.57,2631.7,7,0,1,6.0,4.0,Mumbai,No
CUST101844,22.0,Female,2021-05-13,One year,No internet,Credit card,56,26.33,1409.75,3,1,0,8.0,35.0,Hyderabad,No
CUST101808,38.0,Female,2024-03-22,One year,No internet,Bank transfer,21,51.78,1182.42,2,1,1,7.0,28.0,Delhi,No
CUST100174,23.0,Female,2025-11-19,One year,DSL,Electronic check,1,75.12,69.17,8,0,1,6.0,20.0,Delhi,Yes
CUST101590,21.0,Female,2025-01-12,Month-to-month,Fiber optic,Mailed check,12,53.41,582.92,2,2,0,9.0,5.0,Hyderabad,No
CUST103450,19.0,Female,2025-01-26,Month-to-month,Fiber optic,Bank transfer,11,93.28,954.3,6,1,1,,17.0,Hyderabad,No
CUST104584,34.0,Male,2025-08-13,Two year,DSL,Electronic check,5,56.55,279.39,4,3,0,6.0,23.0,Chennai,Yes
CUST104484,39.0,Female,2024-11-24,Month-to-month,DSL,Credit card,13,62.63,826.9,4,2,2,6.0,27.0,Hyderabad,No
CUST100217,54.0,Female,2022-10-13,Month-to-month,DSL,Electronic check,39,70.0,2826.45,4,1,2,7.0,11.0,Bengaluru,No
CUST103966,,Female,2021-12-10,Two year,Fiber optic,Electronic check,49,71.67,3980.29,4,3,0,6.0,39.0,Pune,No
CUST103770,33.0,Female,2023-08-04,Two year,DSL,Bank transfer,29,39.85,1229.3,3,0,0,8.0,18.0,Mumbai,No
CUST100690,42.0,Male,2021-06-22,One year,Fiber optic,Bank transfer,54,66.28,4101.83,2,3,2,8.0,16.0,Hyderabad,No
CUST102614,18.0,Male,2022-04-10,Two year,DSL,Bank transfer,45,81.59,3405.38,6,0,0,7.0,16.0,Chennai,No
CUST103603,55.0,Male,2024-08-10,Month-to-month,DSL,Bank transfer,17,62.47,1078.92,5,0,1,7.0,24.0,Bengaluru,No
CUST102268,18.0,Male,2024-12-10,Month-to-month,Fiber optic,Electronic check,13,82.06,1063.67,5,5,0,6.0,12.0,Chennai,No
CUST101106,22.0,Male,2023-03-19,One year,Fiber optic,Electronic check,33,54.08,1722.19,4,3,1,8.0,12.0,Mumbai,Yes
CUST101860,46.0,Female,2021-04-19,One year,Fiber optic,Credit card,56,54.4,2681.6,2,0,2,8.0,40.0,Mumbai,No
CUST101942,23.0,Male,2025-09-03,One year,Fiber optic,Bank transfer,4,82.34,316.85,4,0,0,8.0,29.0,Delhi,No
CUST101564,27.0,Male,2022-10-24,Month-to-month,DSL,Electronic check,38,64.07,2323.28,4,1,1,6.0,33.0,Chennai,No
CUST100611,41.0,Female,2021-07-20,One year,DSL,Mailed check,53,52.25,2972.65,4,2,0,7.0,15.0,Bengaluru,No
CUST103286,22.0,Female,2021-10-23,Month-to-month,No internet,Electronic check,50,86.79,4459.42,6,2,1,8.0,18.0,Bengaluru,No
CUST103761,47.0,Female,2022-09-29,Two year,Fiber optic,Credit card,39,102.4,4143.08,7,1,0,6.0,17.0,Mumbai,No
CUST100576,54.0,Female,2023-05-13,Two year,Fiber optic,Electronic check,32,56.41,1806.55,3,1,2,,14.0,Pune,No
CUST102091,46.0,Female,2021-01-17,Two year,DSL,Credit card,59,31.48,1769.15,3,3,0,8.0,7.0,Chennai,No
CUST104458,31.0,Male,2024-08-02,Month-to-month,DSL,Electronic check,17,48.48,838.75,2,4,0,8.0,11.0,Delhi,No
CUST101180,22.0,Male,2025-04-01,One year,Fiber optic,Electronic check,9,59.04,485.31,2,1,1,5.0,8.0,Chennai,No
CUST100888,18.0,Female,2022-05-11,One year,No internet,Bank transfer,44,60.39,2539.49,3,1,0,7.0,16.0,Pune,No
CUST101744,46.0,Male,2023-08-18,One year,No internet,Electronic check,28,46.3,1461.28,3,0,1,6.0,9.0,Hyderabad,No
CUST101773,58.0,Male,2024-03-11,One year,Fiber optic,Credit card,22,71.94,1992.58,4,3,0,8.0,16.0,Mumbai,No
CUST104698,51.0,MALE,2021-10-26,Two year,DSL,Electronic check,50,30.89,1531.35,2,5,0,7.0,,Chennai,No
CUST100817,41.0,Female,2023-07-06,Month-to-month,Fiber optic,Credit card,30,,2420.95,5,3,3,7.0,26.0,Chennai,No
CUST103322,40.0,Male,2025-09-18,One year,DSL,Electronic check,3,45.21,125.35,3,4,0,5.0,18.0,Chennai,No
CUST101905,24.0,Female,2022-08-12,Two year,Fiber optic,Electronic check,41,78.85,3184.09,8,2,1,8.0,23.0,Pune,No
CUST100208,27.0,Male,2023-03-16,Month-to-month,Fiber optic,Electronic check,34,62.8,2131.31,4,2,1,9.0,19.0,Hyderabad,No
CUST100293,18.0,Female,2022-06-09,Month-to-month,Fiber optic,Bank transfer,43,76.5,3300.73,3,2,0,7.0,5.0,Bengaluru,No
CUST101119,26.0,Female,2023-06-17,Month-to-month,DSL,Bank transfer,31,73.33,2381.86,8,0,1,7.0,9.0,Bengaluru,No
CUST102303,33.0,Female,2025-09-22,Month-to-month,Fiber optic,Bank transfer,3,66.69,187.35,4,1,2,7.0,6.0,Chennai,No
CUST102078,18.0,Female,2024-10-06,Month-to-month,DSL,Bank transfer,15,49.8,648.02,4,0,0,8.0,73.0,Bengaluru,No
CUST101264,37.0,Female,2023-09-20,One year,DSL, electronic check ,27,44.28,1135.11,4,1,0,8.0,8.0,Bengaluru,No
CUST100990,48.0,Male,2022-02-10,Month-to-month,DSL,Electronic check,47,69.46,3280.01,6,0,2,7.0,15.0,Mumbai,No
CUST102304,42.0,Male,2021-03-30,One year,DSL,Bank transfer,57,58.34,3412.88,4,2,3,6.0,14.0,Chennai,No
CUST104219,33.0,Male,2023-06-20,Month-to-month,DSL,Electronic check,30,57.12,1689.75,4,3,2,,12.0,Delhi,No
CUST101545,35.0,Female,2023-04-15,One year,DSL,Mailed check,33,51.77,1615.35,4,1,3,5.0,11.0,Delhi,No
CUST100353,48.0,Female,2023-02-03,Month-to-month,No internet,Mailed check,35,63.37,2379.99,6,1,1,4.0,3.0,Mumbai,No
CUST101897,43.0,Male,2022-11-27,Month-to-month,No internet,Bank transfer,37,73.95,2864.99,5,0,1,6.0,1.0,Bengaluru,No
CUST104778,37.0,Female,2025-08-26,Month-to-month,Fiber optic,Mailed check,4,84.32,358.67,5,2,2,5.0,11.0,Delhi,Yes
CUST103084,32.0,Male,2025-04-06,Month-to-month,DSL,Mailed check,9,58.67,513.82,4,0,1,8.0,2.0,Delhi,No
CUST104279,26.0,Female,2023-01-22,Month-to-month,Fiber optic,Credit card,35,75.25,2705.8,4,3,0,8.0,27.0,Pune,No
CUST104066,28.0,Female,2024-02-29,Month-to-month,DSL,Mailed check,22,39.04,812.74,4,2,2,5.0,29.0,Bengaluru,No
CUST101228,,Female,2023-05-10,Month-to-month,Fiber optic,Electronic check,32,57.41,2203.86,2,3,1,6.0,25.0,Chennai,No
CUST100259,22.0,Male,2024-11-23,Month-to-month,Fiber optic,Credit card,13,68.61,811.71,3,2,0,7.0,23.0,Pune,No
CUST101554,21.0,Male,2023-03-13,Month-to-month,Fiber optic,Electronic check,34,56.5,1897.51,1,2,0,8.0,21.0,Mumbai,No
CUST101818,44.0,Male,2022-02-20,One year,Fiber optic,Electronic check,46,57.32,2179.42,3,3,0,5.0,67.0,Mumbai,No
CUST104763,57.0,Male,2022-03-13,Month-to-month,No internet,Bank transfer,46,73.68,3459.23,8,0,0,6.0,12.0,Bengaluru,No
CUST104939,27.0,Female,2024-02-27,Month-to-month,DSL,Electronic check,22,28.89,551.71,1,1,2,8.0,8.0,Mumbai,No
CUST102577,26.0,Male,2021-12-05,Month-to-month,DSL,Electronic check,49,44.68,2335.28,4,1,1,8.0,9.0,Hyderabad,No
CUST100052,21.0,Male,2021-06-06,One year,Fiber optic,Bank transfer,55,74.85,4033.0,4,0,1,6.0,44.0,Bengaluru,No
CUST102226,40.0,Male,2023-09-06,Month-to-month,DSL,Electronic check,28,64.28,1863.41,4,1,1,7.0,14.0,Bengaluru,No
CUST101886,25.0,Male,2022-10-19,Month-to-month,DSL,Electronic check,38,44.74,1805.56,5,0,3,8.0,5.0,Bengaluru,No
CUST102223,28.0,Male,2021-04-08,Month-to-month,No internet,Bank transfer,57,34.13,1792.09,2,2,2,4.0,16.0,Mumbai,No
CUST102440,39.0,Male,2022-05-09,Two year,Fiber optic,Mailed check,44,60.11,2918.58,2,0,1,8.0,9.0,Pune,No
CUST102827,61.0,Male,2021-07-10,Two year,DSL,Electronic check,54,73.15,3980.47,6,2,2,6.0,15.0,Mumbai,No
CUST102985,33.0,Male,2024-10-31,Month-to-month,Fiber optic,Bank transfer,14,67.62,1044.91,3,0,1,9.0,23.0,Chennai,No
CUST101479,58.0,Male,2022-12-05,Month-to-month,Fiber optic,Electronic check,37,67.11,2115.05,4,7,2,4.0,39.0,Delhi,Yes
CUST101033,44.0,Male,2025-05-27,Month-to-month,No internet,Bank transfer,7,67.48,465.81,5,1,1,5.0,16.0,Mumbai,No
CUST101097,44.0,Male,2021-07-04,One year,Fiber optic,Electronic check,54,70.33,4401.31,6,1,2,8.0,26.0,Chennai,No
CUST101469,18.0,Male,2022-05-07,Month-to-month,DSL,Electronic check,44,35.6,1555.11,3,2,0,7.0,57.0,Pune,Yes
CUST100543,36.0,Male,2023-11-04,Month-to-month,Fiber optic,Electronic check,26,84.75,2361.11,5,2,2,6.0,11.0,Bengaluru,No
CUST101046,32.0,Male,2023-09-28,Two year,No internet,Bank transfer,27,80.7,2496.0,8,4,2,6.0,13.0,Pune,No
CUST102623,41.0,Female,2024-07-21,Two year,DSL,Electronic check,17,78.83,1506.24,7,3,2,6.0,12.0,Mumbai,No
CUST101632,40.0,Female,2024-02-02,Month-to-month,Fiber optic,Credit card,23,53.59,1135.17,2,0,1,7.0,36.0,Pune,No
CUST100030,64.0,Male,2022-07-18,One year,DSL,Electronic check,41,23.9,969.86,2,1,1,6.0,12.0,Pune,No
CUST100725,56.0,Female,2024-03-08,One year,DSL,Electronic check,22,71.34,1619.98,5,2,0,8.0,9.0,Delhi,No
CUST104122,26.0,Male,2024-03-24,One year,DSL,Credit card,21,66.23,1313.65,6,1,1,8.0,9.0,Chennai,No
CUST104462,51.0,Female,2021-11-11,Two year,Fiber optic,Electronic check,50,62.77,3017.69,3,1,2,6.0,62.0,Delhi,No
CUST103955,18.0,Female,2025-04-08,Month-to-month,DSL,Credit card,9,66.84,671.77,6,2,0,6.0,31.0,Delhi,No
CUST101426,48.0,Female,2024-01-06,Two year,Fiber optic,Electronic check,24,450.0,2555.78,8,1,2,6.0,4.0,Bengaluru,No
CUST102531,45.0,Female,2021-09-10,Two year,No internet,Credit card,52,66.67,3119.85,5,2,1,7.0,14.0,Mumbai,No
CUST100436,32.0,Male,2022-04-29,One year,Fiber optic,Credit card,44,77.84,3718.73,4,2,2,5.0,32.0,Chennai,No
CUST104576,27.0,Male,2024-01-15,Month-to-month,Fiber optic,Credit card,24,110.0,2805.17,8,2,1,6.0,14.0,Chennai,No
CUST100912,45.0,Male,2022-12-10,Two year,No internet,Bank transfer,37,55.86,2263.87,3,1,0,8.0,43.0,Hyderabad,No
CUST104244,41.0,Male,2025-02-15,Month-to-month,Fiber optic,Bank transfer,11,79.78,903.38,6,1,2,5.0,5.0,Hyderabad,Yes
CUST104505,57.0,Male,2021-01-22,Month-to-month,Fiber optic,Bank transfer,59,67.51,4290.17,4,1,1,8.0,11.0,Delhi,No
CUST104535,42.0,Male,2024-09-13,Month-to-month,Fiber optic,Bank transfer,16,70.33,960.2,5,1,0,8.0,47.0,Delhi,No
CUST104072,36.0,Male,2021-03-14,Month-to-month,No internet,Bank transfer,58,71.4,3971.41,6,2,0,6.0,13.0,Chennai,No
CUST102318,65.0,Female,2024-09-20,Month-to-month,Fiber optic,Credit card,15,58.89,1054.16,3,1,0,6.0,13.0,Chennai,No
CUST103172,50.0,Male,2023-12-16,Month-to-month,DSL,Electronic check,25,57.77,1269.76,4,0,1,7.0,7.0,Bengaluru,No
CUST101238,45.0,Male,2024-02-08,Two year,DSL,Mailed check,23,50.17,1059.58,4,0,1,10.0,22.0,Chennai,No
CUST100903,57.0,Female,2023-02-01,Month-to-month,DSL,Mailed check,35,26.25,808.24,3,1,3,6.0,15.0,Delhi,No
CUST101815,32.0,Female,2023-06-08,Month-to-month,DSL,Credit card,31,33.85,1000.08,2,1,1,8.0,11.0,Chennai,No
CUST103187,29.0,Male,2025-02-25,Month-to-month,Fiber optic,Credit card,10,86.05,838.32,4,1,0,8.0,27.0,Pune,No
CUST101541,48.0,Male,2022-03-12,Two year,Fiber optic,Electronic check,46,75.5,3584.22,5,3,1,6.0,16.0,Chennai,No
CUST100507,43.0,Male,2024-07-30,One year,No internet,Electronic check,17,59.75,1071.04,4,1,1,7.0,90.0,Delhi,Yes
CUST104359,61.0,Female,2021-10-05,One year,DSL,Electronic check,51,63.76,3501.09,3,1,3,8.0,33.0,Mumbai,No
CUST100183,51.0,Male,2021-01-05,One year,Fiber optic,Electronic check,60,64.32,4132.4,5,0,0,8.0,,Pune,No
CUST102767,59.0,Female,2025-05-14,One year,Fiber optic,Bank transfer,8,72.95,595.2,4,2,3,7.0,12.0,Mumbai,No
CUST101497,24.0,MALE,2025-10-18,One year,DSL,Credit card,2,70.44,122.61,6,3,2,7.0,31.0,Mumbai,No
CUST101871,31.0,Female,2022-01-24,Two year,Fiber optic,Credit card,47,74.97,3553.88,3,1,1,8.0,4.0,Delhi,No
CUST100321,36.0,Female,2025-02-28,One year,Fiber optic,Electronic check,10,72.69,717.51,2,1,0,8.0,21.0,Pune,No
CUST104690,51.0,Male,2022-09-11,Month-to-month,No internet,Electronic check,40,73.44,2699.09,7,2,1,6.0,13.0,Mumbai,No
CUST104836,18.0,Male,2022-06-08,One year,Fiber optic,Bank transfer,43,44.48,1711.2,1,2,3,7.0,8.0,Hyderabad,No
CUST104002,41.0,Male,2022-06-13,One year,No internet,Bank transfer,43,75.77,3627.09,6,1,1,8.0,24.0,,No
CUST104575,42.0,Male,2024-03-14,One year,DSL,Credit card,22,47.94,1023.38,3,1,4,5.0,,Bengaluru,Yes
CUST103810,41.0,Male,2024-09-07,Month-to-month,No internet,Mailed check,16,32.69,567.3,2,2,0,6.0,24.0,Pune,No
CUST102354,24.0,Female,2025-10-30,One year,Fiber optic,Mailed check,2,51.47,98.51,3,3,1,6.0,11.0,Delhi,No
CUST104008,28.0,Female,2021-11-29,Month-to-month,Fiber optic,Mailed check,49,51.82,2491.21,2,1,1,7.0,10.0,Hyderabad,No
CUST104460,43.0,Male,2025-02-09,Month-to-month,Fiber optic,Credit card,11,87.11,1091.54,6,7,1,3.0,25.0,Delhi,Yes
CUST101146,44.0,Female,2021-05-28,Month-to-month,No internet,Electronic check,55,18.92,896.86,2,2,1,6.0,18.0,Hyderabad,No
CUST103049,55.0,Female,2021-11-23,One year,DSL,Electronic check,49,62.58,3310.23,6,1,4,8.0,24.0,Hyderabad,No
CUST100044,39.0,Female,2025-05-14,Month-to-month,Fiber optic,Mailed check,8,105.8,752.82,8,1,0,,16.0,Chennai,Yes
CUST102073,35.0,Female,2025-04-27,One year,DSL,Credit card,8,58.73,422.47,5,1,2,7.0,10.0,Hyderabad,No
CUST103873,23.0,Male,2025-06-24,Month-to-month,Fiber optic,Mailed check,6,57.98,358.72,2,2,1,4.0,7.0,Hyderabad,Yes
CUST101867,46.0,MALE,2022-07-26,Month-to-month,Fiber optic,Mailed check,41,81.91,2424.91,6,3,2,5.0,24.0,Delhi,No
CUST101378,41.0,Female,2024-04-04,Month-to-month,DSL,Credit card,21,56.21,1127.6,5,0,1,9.0,44.0,Hyderabad,No
CUST104470,42.0,Male,2023-04-30,Two year,No internet,Credit card,32,59.85,1773.88,7,2,4,5.0,20.0,Bengaluru,No
CUST104012,46.0,Female,2021-09-24,Month-to-month,DSL,Mailed check,51,62.18,3088.6,6,2,2,6.0,21.0,Pune,No
CUST100413,47.0,Female,2021-12-14,Month-to-month,Fiber optic,Credit card,49,42.13,2021.22,2,3,2,6.0,21.0,Pune,No
CUST102187,32.0,MALE,2021-10-08,One year,Fiber optic,Electronic check,51,73.62,4022.12,4,2,0,5.0,16.0,Delhi,No
CUST101407,46.0,Female,2022-05-23,One year,Fiber optic,Credit card,43,85.77,4047.2,4,2,1,7.0,14.0,Hyderabad,No
CUST104309,18.0,Male,2023-03-13,Two year,Fiber optic,Credit card,34,58.45,2127.53,3,3,2,8.0,42.0,Hyderabad,No
CUST100801,25.0,Female,2024-09-10,Two year,DSL,Bank transfer,16,39.6,683.32,3,2,2,7.0,13.0,Chennai,No
CUST101288,62.0,Male,2021-07-26,Month-to-month,DSL,Mailed check,53,25.83,1476.15,1,0,1,6.0,33.0,Pune,No
CUST103779,18.0,Male,2025-09-16,Two year,DSL,Bank transfer,4,73.03,298.77,5,1,0,7.0,47.0,Mumbai,No
CUST104222,75.0,Male,2023-12-24,One year,DSL,Bank transfer,24,42.7,1024.7,3,0,0,8.0,6.0,Delhi,No
CUST102063,43.0,Male,2022-02-19,Month-to-month,Fiber optic,Credit card,46,93.89,3956.36,7,2,0,4.0,19.0,Bengaluru,No
CUST102451,33.0,Male,2024-08-17,Month-to-month,Fiber optic,Electronic check,16,48.38,669.82,2,0,1,8.0,13.0,Hyderabad,No
CUST100256,43.0,Female,2024-02-01,Month-to-month,No internet,Electronic check,23,44.24,1107.5,3,1,1,9.0,6.0,Chennai,No
CUST101870,48.0,Male,2021-10-13,One year,DSL,Electronic check,51,18.0,884.24,3,2,1,6.0,5.0,Hyderabad,No
CUST101729,38.0,,2022-02-03,Month-to-month,Fiber optic,Bank transfer,47,73.78,3412.91,4,1,1,8.0,10.0,Pune,No
CUST101151,50.0,Female,2023-04-26,One year,Fiber optic,Credit card,32,60.71,1827.45,4,2,1,5.0,14.0,Mumbai,No
CUST104073,55.0,MALE,2024-07-11,Two year,DSL,Bank transfer,18,37.66,729.44,3,3,0,6.0,38.0,Mumbai,No
CUST100647,18.0,Male,2023-09-08,Month-to-month,Fiber optic,Credit card,28,62.96,1685.33,4,4,1,3.0,23.0,Pune,Yes
CUST102949,52.0,Male,2022-05-08,Month-to-month,DSL,Bank transfer,44,81.04,3171.67,6,2,1,7.0,20.0,Chennai,No
CUST101743,22.0,Female,2023-10-07,Month-to-month,Fiber optic,Credit card,27,57.99,1318.8,5,3,3,7.0,9.0,Chennai,No
CUST104862,46.0,Female,2025-10-16,One year,DSL,Electronic check,3,75.01,213.15,5,0,0,7.0,14.0,Chennai,No
CUST104372,24.0,Female,2021-01-24,One year,Fiber optic,Bank transfer,59,77.36,4063.06,3,0,2,7.0,3.0,Mumbai,Yes
CUST101315,60.0,Male,2024-09-01,Two year,Fiber optic,Bank transfer,16,37.17,546.63,2,2,2,6.0,14.0,Bengaluru,No
CUST101088,46.0,Female,2025-09-09,Month-to-month,DSL, electronic check ,4,61.24,208.57,5,2,0,7.0,24.0,,No
CUST102316,35.0,Male,2025-04-02,Month-to-month,Fiber optic,Bank transfer,9,75.91,685.27,4,2,2,7.0,6.0,Chennai,No
CUST102499,53.0,Male,2021-11-04,Month-to-month,No internet,Electronic check,50,29.47,1481.92,2,2,0,7.0,18.0,Pune,No
CUST101741,56.0,,2024-07-11,Two year,DSL,Bank transfer,18,41.26,605.91,2,2,0,8.0,9.0,Delhi,Yes
CUST101350,35.0,Female,2024-11-15,Month-to-month,Fiber optic,Electronic check,14,69.83,942.28,4,3,0,7.0,14.0,Delhi,No
CUST102534,36.0,Female,2024-05-05,One year,DSL,Electronic check,20,47.24,805.86,3,2,3,5.0,29.0,Bengaluru,No
CUST100112,31.0,Male,2023-07-27,Two year,Fiber optic,Credit card,29,67.85,1941.77,4,0,0,9.0,3.0,Delhi,No
CUST103176,48.0,Male,2024-11-05,One year,Fiber optic,Mailed check,14,34.08,484.99,1,2,1,10.0,47.0,Pune,No
CUST100263,31.0,Male,2025-06-27,Two year,Fiber optic,Electronic check,6,56.19,322.26,3,0,2,6.0,11.0,Chennai,No
CUST101393,44.0,,2024-08-01,One year,Fiber optic,Credit card,17,76.19,1294.64,3,2,4,6.0,16.0,Mumbai,No
CUST101924,37.0,Female,2024-02-22,One year,No internet,Bank transfer,22,34.34,667.54,3,3,1,6.0,10.0,Hyderabad,No
CUST101186,34.0,Female,2022-09-07,Month-to-month,Fiber optic,Credit card,40,58.22,2137.94,2,1,1,7.0,24.0,Chennai,Yes
CUST102721,53.0,Male,2024-01-29,Month-to-month,No internet,Electronic check,23,50.54,1052.88,4,1,1,8.0,25.0,Mumbai,No
CUST100056,35.0,Male,2024-07-27,One year,DSL,Credit card,17,36.97,698.11,3,2,1,5.0,21.0,Pune,No
CUST101309,34.0,Male,2022-08-27,Two year,No internet,Bank transfer,40,34.33,1329.0,2,1,1,10.0,3.0,Mumbai,No
CUST100695,29.0,Male,2023-04-23,Month-to-month,Fiber optic,Electronic check,32,75.3,2526.18,4,2,0,6.0,27.0,Chennai,No
CUST104225,43.0,Male,2021-05-15,Month-to-month,Fiber optic,Electronic check,56,82.3,4805.25,5,2,0,7.0,23.0,Delhi,No
CUST102011,59.0,Male,2022-09-30,Two year,Fiber optic,Credit card,39,78.9,2939.13,5,1,1,6.0,7.0,Pune,No
CUST101767,48.0,Female,2024-08-28,Month-to-month,Fiber optic,Electronic check,16,63.88,929.73,3,1,1,8.0,29.0,Pune,No
CUST102426,63.0,Male,2021-10-27,Month-to-month,Fiber optic,Credit card,50,74.9,3216.67,5,1,0,,12.0,Mumbai,No
CUST101879,18.0,Female,2023-01-17,Month-to-month,No internet,Bank transfer,35,44.69,1502.13,3,4,2,6.0,34.0,Chennai,No
CUST100319,24.0,Male,2024-04-23,One year,DSL,Electronic check,20,39.44,676.44,2,2,0,8.0,17.0,Hyderabad,No
CUST102317,43.0,Male,2022-07-06,One year,Fiber optic,Bank transfer,42,65.8,3142.41,4,1,2,8.0,10.0,Pune,No
CUST101589,33.0,Male,2025-10-02,One year,DSL,Credit card,3,56.56,181.68,4,0,0,9.0,27.0,Hyderabad,No
CUST100682,53.0,Female,2021-09-05,Two year,DSL,Electronic check,52,41.36,2066.91,3,1,1,9.0,20.0,Pune,No
CUST102346,36.0,Male,2025-11-08,Month-to-month,Fiber optic,Mailed check,2,58.91,115.28,4,2,1,9.0,29.0,Hyderabad,No
CUST103258,27.0,Male,2021-01-11,One year,Fiber optic,Bank transfer,60,80.3,5353.02,6,1,0,7.0,14.0,Delhi,No
CUST100479,69.0,Female,2025-01-21,Month-to-month,Fiber optic,Electronic check,11,100.82,1052.87,6,3,1,8.0,8.0,Pune,Yes
CUST103555,35.0,Female,2022-11-21,One year,Fiber optic,Bank transfer,37,95.89,3602.96,7,3,3,6.0,23.0,Bengaluru,No
CUST102894,30.0,Male,2021-10-16,Month-to-month,Fiber optic,Electronic check,51,87.47,3871.23,5,0,1,9.0,8.0,Hyderabad,No
CUST100286,41.0,Male,2025-02-15,One year,DSL,Credit card,11,49.7,600.62,3,0,0,7.0,8.0,Hyderabad,No
CUST101934,22.0,Male,2023-07-09,One year,Fiber optic,Bank transfer,30,89.32,2680.33,7,0,3,7.0,2.0,Bengaluru,No
CUST102153,25.0,Female,2021-11-11,Two year,Fiber optic,Bank transfer,50,71.77,3249.72,5,1,0,8.0,20.0,Delhi,No
CUST103245,42.0,Male,2022-06-07,Month-to-month,Fiber optic,Credit card,43,107.89,4789.92,7,1,3,6.0,24.0,Hyderabad,Yes
CUST102535,51.0,Female,2021-10-30,Month-to-month,Fiber optic,Electronic check,50,71.84,3188.02,4,1,0,7.0,8.0,Delhi,No
CUST101756,59.0,Male,2021-10-20,One year,No internet,Bank transfer,50,28.44,1681.29,2,0,2,8.0,9.0,Bengaluru,No
CUST103882,42.0,Male,2022-02-08,One year,DSL,Electronic check,47,65.34,3380.96,6,0,1,8.0,1.0,Chennai,No
CUST101598,57.0,Male,2022-03-20,Month-to-month,Fiber optic,Credit card,45,71.77,3248.06,5,1,0,6.0,26.0,Bengaluru,No
CUST103107,40.0,Female,2021-01-10,Two year,No internet,Bank transfer,60,44.68,2936.92,2,0,0,6.0,9.0,Mumbai,No
CUST102111,44.0,Male,2023-02-05,Month-to-month,Fiber optic,Electronic check,35,60.41,2032.72,2,1,2,6.0,9.0,Hyderabad,No
CUST100736,47.0,Female,2022-03-09,Month-to-month,Fiber optic,Credit card,46,76.4,3414.99,5,2,4,6.0,21.0,Delhi,Yes
CUST102374,34.0,Female,2023-10-31,Two year,DSL,,26,53.05,1553.41,4,2,1,9.0,7.0,Hyderabad,No
CUST100336,30.0,Female,2023-08-10,Month-to-month,No internet,Electronic check,29,27.84,727.82,3,1,0,7.0,35.0,Bengaluru,No
CUST102416,29.0,Female,2025-06-21,Month-to-month,Fiber optic,Bank transfer,6,53.39,316.95,2,2,0,8.0,48.0,Bengaluru,No
CUST102810,30.0,Female,2025-02-19,One year,No internet,Electronic check,10,74.91,744.87,6,3,2,8.0,14.0,Delhi,No
CUST103944,53.0,Female,2022-04-15,One year,DSL,Electronic check,45,73.69,3629.97,4,2,0,6.0,17.0,Mumbai,No
CUST104427,21.0,Female,2021-06-07,Month-to-month,DSL,Mailed check,55,41.25,2340.86,4,2,3,4.0,23.0,Mumbai,No
CUST101071,25.0,Male,2024-06-10,Month-to-month,DSL,Credit card,19,35.43,669.83,2,3,4,5.0,6.0,Hyderabad,No
CUST102321,53.0,Female,2023-12-24,One year,Fiber optic,Electronic check,24,90.93,1950.02,6,3,1,7.0,25.0,Mumbai,No
CUST102351,45.0,Male,2024-08-05,Month-to-month,No internet,Mailed check,17,27.43,512.33,4,1,3,7.0,40.0,Bengaluru,No
CUST103806,28.0,Female,2024-04-14,Month-to-month,DSL,Electronic check,21,45.53,962.1,2,2,0,5.0,,Delhi,Yes
CUST102018,45.0,Male,2025-08-20,Two year,DSL,Electronic check,4,42.81,173.48,5,0,0,8.0,1.0,Bengaluru,No
CUST104135,31.0,Female,2021-09-23,Month-to-month,No internet,Electronic check,51,65.84,3674.76,7,2,0,7.0,13.0,Hyderabad,Yes
CUST103977,35.0,Female,2021-02-01,Two year,DSL,Mailed check,59,46.74,2992.5,3,2,1,9.0,23.0,Pune,No
CUST103412,40.0,Female,2024-04-16,Month-to-month,DSL,Credit card,21,58.4,1194.74,3,3,1,7.0,77.0,Delhi,Yes
CUST101488,42.0,Male,2024-07-08,One year,Fiber optic,Electronic check,18,98.85,1916.08,6,2,1,7.0,13.0,Delhi,No
CUST100498,18.0,Male,2024-02-27,One year,DSL,Electronic check,22,57.66,1357.87,4,4,2,3.0,51.0,Delhi,No
CUST104367,36.0,Female,2024-04-18,One year,DSL,Bank transfer,20,88.57,1726.69,6,3,2,9.0,15.0,Pune,No
CUST102002,43.0,Female,2022-08-01,One year,Fiber optic,Credit card,41,62.19,2851.11,2,3,2,7.0,39.0,Pune,No
CUST102592,44.0,Male,2024-02-07,One year,No internet,Electronic check,23,62.25,1411.33,5,4,0,6.0,20.0,Bengaluru,No
CUST104656,28.0,Female,2025-04-25,Month-to-month,DSL,Electronic check,8,53.95,439.91,4,1,2,8.0,19.0,Chennai,No
CUST102962,42.0,Female,2025-06-16,Month-to-month,Fiber optic,Electronic check,7,51.71,298.3,2,1,1,7.0,18.0,Hyderabad,No
CUST104030,23.0,Male,2024-08-01,One year,DSL,Electronic check,17,39.29,701.51,2,0,3,8.0,30.0,Bengaluru,No
CUST104307,63.0,Female,2024-08-16,Month-to-month,DSL,Mailed check,17,69.18,1071.19,7,0,0,8.0,17.0,Pune,No
CUST101610,41.0,Female,2022-11-18,Month-to-month,DSL,Credit card,37,62.02,2442.86,3,1,3,5.0,20.0,Chennai,No
CUST103532,54.0,Male,2024-12-27,Month-to-month,Fiber optic,Bank transfer,12,91.43,999.41,5,0,2,7.0,11.0,Mumbai,No
CUST102309,41.0,Female,2022-09-28,Month-to-month,No internet,Mailed check,39,43.99,1620.47,3,2,3,5.0,13.0,Delhi,No
CUST102867,56.0,Female,2024-06-20,Month-to-month,DSL,Electronic check,18,88.34,1791.83,8,3,1,5.0,16.0,Hyderabad,No
CUST101022,43.0,Female,2024-11-16,Month-to-month,Fiber optic,Electronic check,14,61.22,946.7,4,2,0,6.0,12.0,Bengaluru,Yes
CUST102313,39.0,Male,2021-08-16,Two year,DSL,Mailed check,53,30.37,1735.39,3,0,1,7.0,7.0,Pune,No
CUST104957,18.0,Female,2022-12-08,One year,Fiber optic, electronic check ,37,63.16,2430.41,4,4,2,4.0,23.0,Chennai,No
CUST102034,39.0,Female,2022-10-15,Month-to-month,DSL,Credit card,39,40.28,1308.61,3,2,2,5.0,9.0,Hyderabad,No
CUST103106,47.0,Male,2023-05-08,One year,Fiber optic,Credit card,32,77.9,2452.17,4,2,2,,6.0,Pune,No
CUST103331,38.0,Male,2024-02-12,One year,No internet,Bank transfer,23,80.63,2065.21,6,2,2,5.0,14.0,Pune,No
CUST100665,18.0,Female,2021-12-22,Two year,Fiber optic,Electronic check,48,60.26,2828.21,4,3,1,10.0,20.0,Bengaluru,No
CUST103984,28.0,Female,2022-06-03,Month-to-month,DSL,Bank transfer,43,44.48,1939.01,3,1,0,8.0,7.0,Pune,No
CUST102980,37.0,Male,2022-05-21,Month-to-month,No internet,Electronic check,43,18.0,821.6,2,2,1,7.0,19.0,Pune,No
CUST101945,18.0,Female,2022-11-06,One year,No internet,Credit card,38,80.35,3141.73,7,1,0,7.0,18.0,Hyderabad,No
CUST104288,36.0,Female,2025-04-16,One year,Fiber optic,Bank transfer,9,102.01,931.84,7,1,1,9.0,19.0,Delhi,No
CUST102195,18.0,Female,2023-08-01,One year,Fiber optic,Credit card,29,52.07,1435.15,2,1,2,5.0,,Delhi,No
CUST101017,35.0,Male,2023-12-30,Two year,DSL,Credit card,24,57.64,1492.77,3,2,1,9.0,16.0,Pune,No
CUST100557,26.0,Female,2024-12-19,Month-to-month,DSL,Mailed check,12,74.96,856.82,8,0,1,10.0,13.0,Delhi,No
CUST103264,32.0,Male,2025-10-28,One year,Fiber optic,Electronic check,2,99.56,195.58,8,2,1,5.0,29.0,Mumbai,Yes
CUST101207,27.0,Male,2025-11-11,Month-to-month,DSL,Credit card,2,46.87,97.33,4,1,0,9.0,20.0,Hyderabad,No
CUST104431,18.0,Female,2021-06-17,One year,Fiber optic,Electronic check,55,72.37,3904.26,5,1,1,8.0,9.0,Mumbai,No
CUST102694,55.0,Male,2021-12-14,Month-to-month,Fiber optic,Credit card,49,83.62,4224.24,6,1,0,8.0,7.0,Delhi,No
CUST103299,40.0,Male,2022-11-10,Month-to-month,DSL,Credit card,38,18.0,654.74,1,0,2,8.0,11.0,Pune,No
CUST101510,39.0,Male,2021-04-02,Two year,DSL,Electronic check,57,35.86,2198.2,2,1,1,7.0,11.0,Delhi,Yes
CUST101777,41.0,Female,2025-05-11,Month-to-month,No internet,Bank transfer,8,65.57,578.32,4,2,1,7.0,24.0,Delhi,No
CUST100245,23.0,Male,2022-08-31,Month-to-month,Fiber optic,Bank transfer,40,53.69,2055.45,3,2,1,6.0,28.0,Pune,No
CUST101163,20.0,,2021-09-14,Two year,Fiber optic,Credit card,52,49.68,2447.93,2,1,1,7.0,3.0,Bengaluru,No
CUST102369,47.0,Female,2023-11-06,Two year,DSL,Mailed check,26,44.09,999.4,3,0,0,8.0,12.0,Chennai,No
CUST100266,40.0,Male,2023-01-19,Month-to-month,DSL,Electronic check,35,38.42,1270.86,3,4,0,7.0,32.0,Chennai,No
CUST104795,27.0,Female,2021-07-06,Month-to-month,No internet,Credit card,54,70.61,3758.58,7,1,1,7.0,9.0,Mumbai,No
CUST101114,39.0,Male,2023-12-25,One year,Fiber optic,Bank transfer,24,56.09,1323.72,4,0,0,9.0,12.0,,No
CUST100063,45.0,Male,2021-03-21,Month-to-month,DSL,Credit card,57,47.18,3016.89,4,1,2,5.0,24.0,Bengaluru,No
CUST102629,37.0,Female,2023-08-30,One year,DSL,Mailed check,28,31.99,835.73,1,3,1,4.0,56.0,Mumbai,No
CUST104591,57.0,Female,2025-06-29,Month-to-month,Fiber optic,,6,63.41,357.63,3,1,0,8.0,21.0,Chennai,No
CUST102796,45.0,Male,2023-09-29,One year,No internet,Credit card,27,44.88,1093.57,2,1,1,5.0,27.0,Pune,No
CUST103053,37.0,Male,2022-09-22,Month-to-month,DSL,Electronic check,39,60.06,2498.17,5,1,0,7.0,18.0,Pune,No
CUST103119,23.0,Male,2022-12-29,One year,DSL,Electronic check,36,62.84,2383.07,4,0,2,8.0,3.0,Chennai,No
CUST101909,43.0,Male,2022-07-22,Month-to-month,Fiber optic,Credit card,41,55.14,2382.12,2,0,2,7.0,9.0,Delhi,No
CUST102855,57.0,Female,2022-05-13,Month-to-month,No internet,Electronic check,44,18.0,915.73,1,1,0,8.0,13.0,Delhi,No
CUST102883,52.0,Female,2023-03-06,Month-to-month,DSL,Credit card,34,64.42,2300.66,4,1,0,6.0,17.0,Bengaluru,No
CUST103819,34.0,Male,2021-12-17,Month-to-month,Fiber optic,Electronic check,48,62.43,2524.14,4,1,0,,22.0,Chennai,No
CUST103471,34.0,Female,2022-02-06,Month-to-month,DSL,Mailed check,47,48.81,2423.09,2,1,1,10.0,8.0,Hyderabad,No
CUST101237,45.0,Male,2022-11-13,Month-to-month,Fiber optic,Bank transfer,38,84.16,3376.14,3,3,2,7.0,29.0,Chennai,No
CUST100103,47.0,Male,2025-05-17,Month-to-month,Fiber optic,Mailed check,8,62.33,524.63,2,1,0,7.0,27.0,Delhi,No
CUST103880,32.0,Male,2021-03-23,Month-to-month,Fiber optic,Credit card,57,77.18,3951.36,6,1,2,7.0,9.0,Bengaluru,No
CUST100272,37.0,,2022-03-23,Month-to-month,Fiber optic,Credit card,45,46.78,2089.28,2,2,1,5.0,24.0,Mumbai,No
CUST100508,31.0,Male,2025-05-23,Month-to-month,DSL,Electronic check,7,36.78,233.68,2,3,0,9.0,29.0,Pune,No
CUST103759,18.0,Female,2023-07-22,Two year,DSL,Credit card,29,73.68,2158.57,7,2,1,5.0,7.0,Pune,No
CUST104958,45.0,Female,2022-07-18,Month-to-month,DSL,Bank transfer,41,43.93,1587.16,4,1,2,7.0,3.0,Pune,No
CUST103738,30.0,Male,2024-12-24,Two year,Fiber optic,Bank transfer,12,90.11,1253.46,7,1,2,7.0,16.0,Pune,No
CUST100865,48.0,Male,2021-02-26,Month-to-month,No internet,Electronic check,58,56.69,3018.03,4,2,2,6.0,27.0,Chennai,No
CUST102465,29.0,Male,2021-09-21,Month-to-month,No internet,Electronic check,51,32.44,1842.95,4,3,3,5.0,14.0,Mumbai,No
CUST100908,39.0,Male,2023-09-27,One year,Fiber optic,Credit card,27,89.0,2237.08,6,0,3,9.0,5.0,Bengaluru,No
CUST102142,70.0,Male,2024-11-03,Month-to-month,No internet,Bank transfer,14,41.26,571.12,3,2,1,7.0,13.0,Bengaluru,No
CUST104216,53.0,Female,2024-03-06,Month-to-month,No internet,Mailed check,22,50.94,1147.71,6,2,2,7.0,32.0,Mumbai,No
CUST103948,37.0,Male,2022-01-05,Month-to-month,No internet,Electronic check,48,42.22,2187.51,4,3,0,6.0,17.0,Delhi,No
CUST101627,57.0,Male,2022-12-02,Month-to-month,DSL,Credit card,37,48.17,1679.68,4,0,2,8.0,,Bengaluru,No
CUST102990,46.0,Male,2025-06-21,Month-to-month,No internet,Credit card,6,51.82,282.72,4,3,2,5.0,9.0,Hyderabad,No
CUST101522,35.0,Male,2025-05-01,One year,DSL,Electronic check,8,105.42,842.06,7,1,0,8.0,8.0,Chennai,No
CUST100835,27.0,Female,2023-07-23,Month-to-month,DSL,Credit card,29,82.06,2473.56,8,0,0,9.0,11.0,Delhi,Yes
CUST100358,28.0,Female,2025-01-07,One year,Fiber optic,Electronic check,12,52.43,603.62,3,1,3,6.0,5.0,Delhi,No
CUST100138,62.0,Male,2021-07-24,Month-to-month,Fiber optic,Credit card,53,56.72,3152.36,4,2,1,5.0,9.0,Delhi,No
CUST100299,42.0,Male,2024-06-07,One year,Fiber optic,Mailed check,19,51.76,978.5,2,5,1,3.0,12.0,Hyderabad,No
CUST101556,29.0,Female,2025-09-02,One year,Fiber optic,Bank transfer,4,68.64,298.86,4,0,2,9.0,14.0,Bengaluru,No
CUST101003,46.0,Male,2025-06-22,Month-to-month,Fiber optic,Credit card,6,56.4,377.89,3,1,0,9.0,33.0,Delhi,No
CUST100382,19.0,Female,2024-01-29,Month-to-month,Fiber optic,Electronic check,23,102.93,2269.77,8,0,0,7.0,14.0,Mumbai,No
CUST100941,49.0,Male,2024-12-25,One year,Fiber optic,Credit card,12,107.46,1318.9,7,2,3,6.0,56.0,Hyderabad,No
CUST104821,30.0,Female,2023-10-04,One year,DSL,Electronic check,27,57.16,1755.19,4,1,0,8.0,11.0,Bengaluru,No
CUST103919,43.0,Male,2025-06-12,Two year,DSL,Bank transfer,7,30.66,217.76,1,2,1,8.0,18.0,Bengaluru,No
CUST100761,46.0,Female,2021-04-05,Month-to-month,Fiber optic,Electronic check,57,68.67,4052.33,4,1,0,9.0,,Chennai,No
CUST101746,31.0,Male,2023-01-16,Two year,No internet,Bank transfer,36,60.67,2230.73,4,2,1,8.0,13.0,Pune,No
CUST101919,20.0,Female,2024-03-29,One year,Fiber optic,Electronic check,21,53.04,1123.74,3,2,1,8.0,14.0,Bengaluru,No
CUST102585,50.0,Male,2023-09-27,One year,No internet,Credit card,27,76.95,2220.66,8,5,0,,48.0,Delhi,No
CUST102114,44.0,Female,2022-01-12,Month-to-month,DSL,Credit card,48,41.82,2207.33,3,2,4,6.0,5.0,Bengaluru,No
CUST102227,45.0,Male,2024-08-25,Month-to-month,DSL,Mailed check,16,41.53,577.76,4,2,1,8.0,16.0,Hyderabad,No
CUST100898,44.0,Female,2023-04-13,One year,Fiber optic,Credit card,33,71.16,2473.99,2,3,0,8.0,18.0,Pune,No
CUST104052,43.0,Male,2024-07-15,Month-to-month,Fiber optic,Bank transfer,18,85.4,1551.55,6,3,2,6.0,20.0,Pune,No
CUST103655,42.0,Male,2023-07-31,Month-to-month,Fiber optic,Credit card,29,43.29,1377.3,1,1,0,8.0,13.0,Chennai,No
CUST101402,36.0,Male,2021-11-14,Month-to-month,DSL,Electronic check,50,68.11,3392.3,7,1,3,5.0,43.0,Bengaluru,Yes
CUST102245,31.0,Male,2024-03-07,Month-to-month,No internet,Electronic check,22,61.46,1397.45,5,1,0,8.0,7.0,Pune,No
CUST103835,41.0,Female,2024-07-24,One year,DSL,Bank transfer,17,52.45,999.3,5,1,2,6.0,8.0,Bengaluru,No
CUST104409,18.0,Female,2021-11-22,One year,DSL, electronic check ,49,78.04,3945.2,8,4,1,7.0,26.0,Delhi,Yes
CUST103666,38.0,Female,2022-04-14,Month-to-month,DSL,Electronic check,45,66.33,2608.1,5,2,2,,19.0,Hyderabad,No
CUST101512,49.0,Female,2024-10-12,One year,DSL,Electronic check,15,56.91,961.46,4,2,0,7.0,8.0,Chennai,No
CUST101188,45.0,Female,2024-06-02,Two year,DSL,Mailed check,19,39.59,759.99,2,0,2,5.0,26.0,Pune,Yes
CUST104376,20.0,Male,2024-02-17,One year,Fiber optic,Bank transfer,22,73.42,1633.9,4,2,2,6.0,9.0,Delhi,Yes
CUST103552,50.0,Male,2024-06-15,Month-to-month,No internet,Bank transfer,19,75.5,1467.89,7,0,0,8.0,21.0,Bengaluru,No
CUST103928,21.0,Male,2021-10-29,Month-to-month,DSL,Bank transfer,50,70.79,3253.38,6,2,2,6.0,16.0,Hyderabad,No
CUST103483,54.0,Female,2025-02-16,One year,DSL,Electronic check,10,62.38,618.53,5,1,0,5.0,9.0,Pune,No
CUST100108,48.0,Male,2024-08-16,One year,Fiber optic,Bank transfer,17,78.31,1252.0,4,0,0,8.0,17.0,Chennai,No
CUST103802,35.0,Male,2023-12-19,Month-to-month,DSL,Electronic check,24,62.51,1432.86,5,1,2,5.0,26.0,Delhi,Yes
CUST102339,48.0,Male,2025-02-11,Month-to-month,DSL,Electronic check,11,59.96,698.16,6,3,3,5.0,31.0,Delhi,No
CUST101902,45.0,Male,2021-08-06,One year,DSL,Mailed check,53,61.61,3158.23,5,3,0,7.0,17.0,Chennai,No
CUST100058,28.0,Female,2021-01-28,One year,DSL,Bank transfer,59,29.73,1950.93,2,0,1,7.0,,Hyderabad,No
CUST100076,33.0,Male,2025-06-20,One year,DSL,Electronic check,6,62.87,412.38,5,1,2,6.0,34.0,Mumbai,Yes
CUST100796,50.0,Female,2023-03-27,Month-to-month,DSL,Credit card,33,72.89,2143.64,6,0,1,7.0,17.0,Bengaluru,No
CUST100368,40.0,Female,2023-03-02,Month-to-month,No internet,Electronic check,34,,1294.04,2,2,2,4.0,22.0,Bengaluru,No
CUST104930,46.0,Male,2023-01-16,Month-to-month,DSL,Electronic check,36,72.94,2493.36,4,2,1,8.0,22.0,Chennai,No
CUST100785,41.0,Female,2023-01-04,Month-to-month,Fiber optic,Bank transfer,36,103.17,3194.61,8,1,0,6.0,4.0,Hyderabad,No
CUST104354,26.0,Female,2023-01-10,Month-to-month,DSL,Bank transfer,36,37.2,1206.78,3,4,2,6.0,26.0,Hyderabad,No
CUST103848,48.0,Female,2021-06-01,Month-to-month,Fiber optic,Bank transfer,55,66.25,3627.61,3,1,2,7.0,,Chennai,No
CUST102344,48.0,Male,2024-04-09,One year,DSL,Bank transfer,21,39.16,906.25,3,3,1,6.0,18.0,Bengaluru,No
CUST102052,52.0,Female,2024-07-23,Month-to-month,Fiber optic,Mailed check,17,72.69,1175.12,5,1,1,,9.0,Mumbai,Yes
CUST104211,42.0,Male,2021-01-24,Month-to-month,DSL,Electronic check,59,71.48,4452.76,5,2,0,9.0,12.0,Mumbai,No
CUST104866,27.0,Female,2023-04-24,Month-to-month,DSL,Credit card,32,65.7,2211.01,5,2,1,8.0,16.0,Pune,No
CUST102609,22.0,Female,2024-06-01,One year,Fiber optic,Mailed check,19,80.95,1465.54,6,1,2,4.0,12.0,Mumbai,No
CUST101744,46.0,Male,2023-08-18,One year,No internet,Electronic check,28,46.3,1461.28,3,0,1,6.0,9.0,Hyderabad,No
CUST100121,40.0,Male,2024-01-03,Month-to-month,Fiber optic,Mailed check,24,97.92,2597.52,5,1,0,10.0,15.0,Mumbai,No
CUST103544,35.0,Female,2023-09-07,Month-to-month,Fiber optic,Mailed check,28,73.5,1889.97,4,1,1,5.0,16.0,Bengaluru,No
CUST104133,37.0,Female,2021-11-10,One year,DSL,Electronic check,50,35.64,1489.62,3,4,1,,21.0,Mumbai,No
CUST103692,,Female,2025-06-10,Two year,Fiber optic,Electronic check,7,88.41,609.09,6,0,4,6.0,9.0,Hyderabad,No
CUST100910,29.0,Male,2023-01-14,Month-to-month,No internet,Mailed check,36,29.71,952.93,3,2,2,6.0,31.0,Pune,No
CUST100124,48.0,Female,2022-05-22,Month-to-month,DSL,Credit card,43,35.62,1574.15,3,4,2,6.0,17.0,Hyderabad,Yes
CUST104313,41.0,Female,2024-04-10,One year,Fiber optic,Electronic check,21,93.85,1950.02,6,2,0,6.0,12.0,Bengaluru,No
CUST101586,18.0,Female,2025-07-16,Two year,DSL,Bank transfer,6,30.6,154.33,3,1,2,6.0,3.0,Mumbai,No
CUST101257,38.0,Male,2021-10-15,One year,DSL,Credit card,51,38.72,1754.96,2,5,0,4.0,24.0,Chennai,No
CUST103702,29.0,Female,2024-03-11,One year,Fiber optic,Electronic check,22,81.48,1833.19,4,1,1,7.0,14.0,,No
CUST103528,20.0,Female,2025-05-16,Month-to-month,Fiber optic,Mailed check,8,55.05,457.25,4,4,0,7.0,13.0,Pune,No
CUST103429,48.0,Female,2025-03-31,One year,DSL,Electronic check,9,62.52,540.33,3,0,1,7.0,21.0,Pune,No
CUST101178,42.0,Female,2021-12-18,One year,Fiber optic,Electronic check,48,73.3,3415.74,6,3,1,9.0,16.0,Mumbai,No
CUST102758,47.0,Female,2024-10-13,Two year,Fiber optic,Electronic check,15,77.71,1007.47,5,4,1,5.0,8.0,Chennai,No
CUST104490,59.0,Female,2022-10-02,One year,DSL,Bank transfer,39,81.5,3253.7,6,0,2,7.0,4.0,Bengaluru,No
CUST102366,51.0,Male,2021-11-01,Month-to-month,DSL,Bank transfer,50,28.29,1151.72,2,3,3,6.0,11.0,Bengaluru,No
CUST102131,66.0,Female,2025-08-20,Month-to-month,Fiber optic,Bank transfer,4,66.58,284.9,4,3,1,6.0,15.0,Chennai,No
CUST100442,42.0,Male,2024-10-12,Two year,Fiber optic,Bank transfer,15,119.93,1967.73,8,2,0,8.0,29.0,Hyderabad,No
CUST104530,49.0,Female,2022-10-21,Month-to-month,DSL,Bank transfer,38,48.07,1822.59,5,0,2,8.0,33.0,Delhi,No
CUST104173,29.0,Male,2022-08-13,One year,Fiber optic,Electronic check,41,42.62,1533.02,3,4,0,6.0,64.0,Pune,No
CUST100925,61.0,Male,2023-04-25,Two year,Fiber optic,Electronic check,32,60.24,2021.12,2,1,0,6.0,6.0,Bengaluru,No
CUST104984,21.0,Male,2024-09-19,Month-to-month,DSL,Electronic check,15,47.08,742.77,3,1,1,6.0,18.0,Pune,Yes
CUST102173,23.0,Female,2024-03-07,Month-to-month,DSL,Mailed check,22,41.89,832.14,2,4,2,5.0,17.0,,No
CUST104794,52.0,Male,2023-06-12,Month-to-month,DSL,Mailed check,31,39.54,1341.01,2,0,0,8.0,32.0,Hyderabad,No
CUST101411,65.0,Female,2024-05-28,Month-to-month,DSL,Bank transfer,19,41.27,853.56,2,0,2,7.0,26.0,Chennai,No
CUST104299,36.0,Male,2025-04-14,Month-to-month,Fiber optic,Credit card,9,62.59,672.09,3,2,0,8.0,14.0,Delhi,Yes
CUST104214,37.0,Female,2022-10-15,Month-to-month,DSL,Electronic check,39,40.77,1358.8,2,3,1,5.0,40.0,Bengaluru,No
CUST101509,40.0,Female,2023-10-11,Two year,Fiber optic,Mailed check,27,58.06,1541.72,2,1,1,7.0,7.0,Bengaluru,No
CUST101227,31.0,Male,2022-04-10,Two year,No internet,Credit card,45,43.7,1726.35,4,2,1,8.0,18.0,Bengaluru,No
CUST103650,55.0,Female,2022-11-11,Two year,No internet,Credit card,38,23.54,773.16,1,0,0,6.0,6.0,Bengaluru,No
CUST104522,36.0,Male,2021-03-03,Month-to-month,Fiber optic,Credit card,58,34.91,1825.28,3,1,0,10.0,27.0,Chennai,No
CUST103560,47.0,Female,2024-06-16,One year,Fiber optic,Electronic check,19,79.2,1486.54,5,0,1,8.0,27.0,Hyderabad,No
CUST102177,44.0,Female,2021-08-20,One year,DSL,Electronic check,52,74.32,3770.81,5,1,1,6.0,14.0,Bengaluru,No
CUST104432,44.0,Male,2025-04-29,Month-to-month,Fiber optic,Bank transfer,8,69.98,561.28,4,2,1,8.0,23.0,Delhi,No
CUST100324,60.0,Male,2024-06-24,Month-to-month,DSL,Credit card,18,44.74,780.11,3,3,0,7.0,7.0,Hyderabad,No
CUST104015,37.0,Male,2021-05-30,Two year,Fiber optic,Bank transfer,55,63.84,3365.76,4,0,0,7.0,6.0,Mumbai,No
CUST104347,18.0,Female,2024-03-25,Month-to-month,Fiber optic,Electronic check,21,78.43,1430.38,4,1,1,9.0,35.0,Bengaluru,No
CUST103910,54.0,Female,2023-12-05,Month-to-month,Fiber optic,Electronic check,25,65.77,1537.14,5,4,1,5.0,49.0,Chennai,Yes
CUST104654,40.0,Male,2023-08-09,One year,No internet,,29,49.17,1440.85,3,1,2,4.0,19.0,Pune,No
CUST103077,18.0,Male,2025-11-25,One year,No internet,Bank transfer,1,63.47,62.49,5,2,0,,29.0,Mumbai,No
CUST101498,47.0,Male,2023-09-09,Month-to-month,Fiber optic,Bank transfer,28,92.22,2642.31,7,3,1,8.0,9.0,Pune,No
CUST101502,54.0,Male,2024-02-09,Month-to-month,Fiber optic,Mailed check,23,69.71,1556.41,5,1,2,8.0,12.0,Bengaluru,Yes
CUST101006,46.0,Male,2025-11-12,Month-to-month,Fiber optic,Electronic check,2,57.82,112.31,2,1,0,8.0,19.0,Chennai,No
CUST102222,39.0,Male,2023-09-28,One year,DSL,Credit card,27,47.97,1416.52,3,3,0,6.0,12.0,Hyderabad,No
CUST102755,24.0,Female,2023-08-19,Two year,No internet,Electronic check,28,50.06,1310.91,2,1,5,5.0,12.0,Hyderabad,No
CUST103634,36.0,Male,2023-05-26,Month-to-month,Fiber optic,Electronic check,31,67.02,2216.63,4,0,0,7.0,8.0,Chennai,No
CUST101467,22.0,Female,2025-06-01,Month-to-month,Fiber optic,Electronic check,7,61.65,430.47,4,1,1,9.0,20.0,Delhi,Yes
CUST101225,44.0,Female,2025-11-08,One year,No internet,Electronic check,2,41.63,89.44,4,2,1,8.0,9.0,Mumbai,No
CUST102025,20.0,Male,2025-10-21,Month-to-month,No internet,Electronic check,2,47.47,85.36,2,3,1,7.0,12.0,Mumbai,Yes
CUST103624,37.0,Male,2023-05-04,Month-to-month,DSL,Electronic check,32,66.06,1824.13,6,1,1,7.0,21.0,Bengaluru,No
CUST104252,44.0,Female,2023-08-11,Two year,DSL,Credit card,29,47.71,1248.14,4,2,2,6.0,8.0,Mumbai,No
CUST101216,18.0,Male,2021-08-12,Month-to-month,DSL,Bank transfer,53,48.08,2547.23,3,1,1,7.0,25.0,Hyderabad,No
CUST104884,43.0,Male,2021-11-12,One year,DSL,Mailed check,50,70.96,3341.82,6,0,1,7.0,22.0,Pune,No
CUST104616,18.0,Male,2023-12-16,Month-to-month,Fiber optic,Electronic check,25,89.92,2381.45,6,2,1,7.0,13.0,Hyderabad,No
CUST100420,39.0,Female,2021-04-14,Month-to-month,No internet,Credit card,57,67.32,3545.1,4,2,2,5.0,13.0,Bengaluru,No
CUST103721,46.0,Male,2022-02-25,Month-to-month,No internet,Electronic check,46,34.13,1640.0,2,2,1,5.0,23.0,Chennai,No
CUST100006,40.0,Male,2022-11-11,Month-to-month,No internet,Credit card,38,80.19,,5,3,1,6.0,12.0,Delhi,No
CUST100932,52.0,Male,2021-08-22,Two year,DSL,Credit card,52,70.86,3855.64,6,0,1,7.0,9.0,Mumbai,No
CUST101691,19.0,Male,2023-07-13,One year,DSL,Credit card,30,48.1,1264.01,3,2,2,7.0,23.0,Bengaluru,No
CUST100439,43.0,Female,2024-10-21,Month-to-month,DSL,Credit card,14,31.41,471.58,3,2,0,7.0,15.0,Chennai,No
CUST101313,43.0,Female,2023-05-08,One year,DSL,Credit card,32,26.15,856.72,2,1,1,9.0,20.0,Hyderabad,No
CUST100678,43.0,Male,2025-08-04,One year,Fiber optic,Mailed check,5,61.82,320.85,1,1,1,7.0,23.0,Mumbai,No
CUST104273,60.0,Female,2021-01-08,Month-to-month,No internet,Mailed check,60,55.28,3282.79,4,0,0,8.0,15.0,Pune,No
CUST104634,42.0,Male,2024-12-18,Month-to-month,No internet,Bank transfer,12,44.18,586.91,3,0,2,7.0,6.0,Pune,Yes
CUST101864,41.0,Female,2022-11-12,One year,No internet,,38,53.44,2037.5,4,1,0,10.0,15.0,Hyderabad,No
CUST102298,32.0,Male,2022-08-03,Month-to-month,No internet,Electronic check,41,57.62,2252.81,5,3,1,7.0,18.0,Mumbai,No
CUST104657,39.0,Female,2023-03-21,Month-to-month,Fiber optic,Electronic check,33,64.55,2249.16,5,0,0,10.0,8.0,Hyderabad,No
CUST104392,25.0,Female,2024-10-04,One year,Fiber optic,Bank transfer,15,74.85,1186.84,3,1,0,10.0,11.0,Delhi,No
CUST102552,33.0,Male,2022-05-13,Two year,Fiber optic,,44,48.63,2011.02,1,4,3,5.0,9.0,Hyderabad,No
CUST102471,33.0,,2023-07-23,Month-to-month,DSL,Credit card,29,54.93,1757.11,5,1,2,7.0,16.0,Mumbai,No
CUST104806,62.0,Male,2022-05-22,Month-to-month,No internet,Electronic check,43,58.91,2543.13,4,2,1,6.0,16.0,Mumbai,No
CUST103346,41.0,Male,2021-04-12,Month-to-month,Fiber optic,Credit card,57,67.9,3499.26,3,1,1,7.0,4.0,Hyderabad,No
CUST104267,42.0,Male,2021-04-05,Month-to-month,Fiber optic,Credit card,57,109.63,6146.94,8,1,2,8.0,11.0,Mumbai,No
CUST104625,43.0,Female,2025-10-20,Month-to-month,Fiber optic,Electronic check,2,102.97,207.26,8,2,1,8.0,25.0,Hyderabad,Yes
CUST102678,18.0,Male,2021-07-01,Two year,Fiber optic,Credit card,54,41.43,2357.42,2,2,0,8.0,11.0,Hyderabad,No
CUST100194,25.0,Male,2022-04-24,Month-to-month,DSL,Credit card,44,65.01,2917.91,3,1,5,5.0,10.0,Chennai,No
CUST101474,36.0,Male,2025-01-14,Month-to-month,DSL,Mailed check,12,66.74,813.23,5,3,1,6.0,,Delhi,No
CUST102509,34.0,Male,2021-04-28,One year,Fiber optic,Electronic check,56,65.06,3166.8,3,0,2,9.0,18.0,Pune,No
CUST101211,32.0,Male,2024-07-19,Month-to-month,DSL,Electronic check,17,48.93,799.27,2,2,1,5.0,19.0,Pune,No
CUST104246,41.0,Female,2022-05-10,One year,DSL,Credit card,44,42.62,1774.76,4,1,0,6.0,5.0,Delhi,No
CUST101657,18.0,Male,2022-01-14,One year,DSL,Mailed check,48,53.75,2402.16,4,2,0,7.0,16.0,Hyderabad,No
CUST104321,39.0,Female,2025-09-08,Month-to-month,Fiber optic,Electronic check,4,70.6,273.63,3,0,2,7.0,15.0,Mumbai,Yes
CUST103248,48.0,Male,2021-12-26,Two year,No internet,Credit card,48,50.34,2500.05,4,1,1,8.0,31.0,Chennai,No
CUST102743,18.0,Female,2021-02-20,One year,Fiber optic,Credit card,58,76.97,4787.69,5,0,0,6.0,18.0,Hyderabad,No
CUST103091,30.0,Female,2024-06-17,Month-to-month,Fiber optic,Credit card,18,55.25,975.13,3,3,0,5.0,18.0,Chennai,No
CUST101891,29.0,Male,2025-06-06,One year,Fiber optic,Mailed check,7,90.13,658.63,6,2,0,7.0,14.0,Delhi,Yes
CUST102559,56.0,Female,2024-11-16,Month-to-month,Fiber optic,Credit card,14,81.67,1189.56,4,1,0,9.0,33.0,Pune,No
CUST101130,27.0,Male,2022-01-04,Month-to-month,DSL,Electronic check,48,52.22,2455.35,4,3,0,7.0,25.0,Hyderabad,No
CUST101461,29.0,Female,2023-01-27,Month-to-month,DSL,Credit card,35,38.7,1425.67,4,1,1,5.0,6.0,Chennai,No
CUST100276,29.0,Male,2024-11-01,One year,Fiber optic,Electronic check,14,62.19,928.71,2,1,0,9.0,20.0,Bengaluru,No
CUST104552,30.0,Female,2023-09-08,Month-to-month,Fiber optic,Electronic check,28,64.27,1762.94,4,1,3,9.0,8.0,Pune,No
CUST102252,46.0,Female,2025-03-18,One year,Fiber optic,Credit card,9,82.51,683.69,5,3,3,7.0,37.0,,No
CUST104960,30.0,Male,2025-09-14,Two year,No internet,Credit card,4,49.88,185.87,4,1,0,7.0,15.0,Pune,No
CUST104742,37.0,Female,2024-01-29,Month-to-month,DSL,Bank transfer,23,39.44,928.06,2,3,2,5.0,8.0,Chennai,No
CUST101302,45.0,Female,2021-11-29,Two year,Fiber optic,Credit card,49,80.3,4152.48,3,3,2,7.0,37.0,Mumbai,No
CUST104500,20.0,Female,2024-09-18,Month-to-month,No internet,Bank transfer,15,27.18,453.48,1,0,0,8.0,7.0,Mumbai,No
CUST100222,40.0,Female,2023-02-01,Month-to-month,DSL,Bank transfer,35,31.07,1120.51,3,1,2,7.0,40.0,Chennai,No
CUST104664,68.0,Female,2023-01-24,Month-to-month,Fiber optic,Credit card,35,85.27,3321.73,4,1,0,8.0,27.0,Hyderabad,Yes
CUST104192,45.0,Female,2023-06-14,One year,DSL,Electronic check,31,18.0,476.6,1,3,3,8.0,13.0,Mumbai,No
CUST100573,27.0,Female,2024-04-24,Month-to-month,Fiber optic,Electronic check,20,47.49,938.25,3,1,1,7.0,42.0,Hyderabad,No
CUST101236,38.0,Female,2024-04-12,Month-to-month,No internet,Credit card,21,51.43,895.84,4,2,6,3.0,20.0,Hyderabad,Yes
CUST103592,60.0,Female,2024-02-03,Month-to-month,Fiber optic,Credit card,23,57.94,1328.81,3,0,1,7.0,3.0,Bengaluru,No
CUST104502,22.0,Female,2024-07-29,Two year,Fiber optic,Electronic check,17,65.79,1151.55,5,1,3,6.0,8.0,Mumbai,No
CUST104883,35.0,Male,2024-09-05,Month-to-month,Fiber optic,Credit card,16,57.91,755.06,2,1,3,5.0,9.0,Hyderabad,No
CUST101334,43.0,Female,2021-05-06,One year,DSL,Electronic check,56,35.56,1801.39,2,0,0,9.0,4.0,Delhi,No
CUST104684,30.0,Female,2025-04-14,Two year,Fiber optic,Credit card,9,114.28,1055.29,8,0,1,7.0,9.0,Delhi,No
CUST100418,37.0,Male,2024-09-28,Two year,DSL,Credit card,15,47.56,672.56,3,2,1,7.0,8.0,Mumbai,No
CUST100267,42.0,Male,2024-05-29,Two year,DSL,Bank transfer,19,43.8,716.28,5,1,2,7.0,6.0,Chennai,No
CUST101104,25.0,Male,2021-05-15,Two year,DSL,Electronic check,56,54.96,3147.73,4,1,2,9.0,7.0,Mumbai,No
CUST100257,33.0,Male,2025-08-03,One year,Fiber optic,Mailed check,5,84.37,387.56,6,0,4,7.0,5.0,Pune,No
CUST100295,40.0,Male,2024-11-23,Month-to-month,DSL,Mailed check,13,31.22,404.62,2,2,2,6.0,21.0,Mumbai,No
CUST102692,37.0,Male,2024-10-10,One year,Fiber optic,Electronic check,15,63.38,993.33,3,3,0,5.0,15.0,Pune,No
CUST100386,43.0,Male,2022-03-26,Month-to-month,Fiber optic,Credit card,45,64.57,2549.85,3,0,2,8.0,11.0,Delhi,No
CUST103353,28.0,Male,2022-09-05,Month-to-month,No internet,Electronic check,40,39.59,1736.89,2,2,2,8.0,17.0,Delhi,No
CUST103133,31.0,Female,2022-04-29,Month-to-month,DSL,Bank transfer,44,59.45,2625.35,3,2,1,6.0,23.0,Hyderabad,No
CUST104386,35.0,Male,2023-09-24,Month-to-month,No internet,Credit card,27,49.93,1449.45,4,3,0,7.0,20.0,Bengaluru,No
CUST102277,61.0,Female,2022-04-30,Month-to-month,Fiber optic,Credit card,44,52.83,2221.23,2,0,3,4.0,9.0,Mumbai,No
CUST104358,33.0,Female,2023-08-23,Two year,Fiber optic,Credit card,28,56.16,1596.32,3,2,2,8.0,20.0,Bengaluru,No
CUST103563,36.0,Male,2023-04-03,Month-to-month,DSL,Electronic check,33,67.08,2138.35,7,0,4,7.0,20.0,Delhi,Yes
CUST102700,48.0,Female,2024-05-18,One year,No internet,Mailed check,19,45.31,790.69,5,2,1,9.0,6.0,Chennai,No
CUST104407,41.0,Female,2022-12-16,One year,DSL,Credit card,37,33.47,1244.99,3,1,2,8.0,9.0,Bengaluru,No
CUST101563,24.0,Male,2022-12-27,Two year,No internet,Electronic check,36,57.84,2354.71,3,3,2,6.0,18.0,Mumbai,No
CUST102807,18.0,Male,2025-06-06,Month-to-month,DSL,,7,52.0,416.01,4,0,1,9.0,28.0,Delhi,No
CUST101400,52.0,Male,2025-11-12,Month-to-month,Fiber optic,,2,74.7,161.82,6,1,1,,38.0,Delhi,No
CUST100712,26.0,Female,2023-03-17,Month-to-month,No internet,Credit card,34,59.03,2109.29,6,2,3,6.0,48.0,Mumbai,No
CUST102380,35.0,Female,2021-03-26,Month-to-month,No internet,Mailed check,57,35.94,2263.3,3,2,3,6.0,15.0,Chennai,No
CUST102829,,Female,2022-03-12,Month-to-month,DSL,Electronic check,46,43.42,2086.2,4,1,0,9.0,15.0,Bengaluru,No
CUST100209,34.0,Female,2024-07-27,Month-to-month,DSL,Bank transfer,17,21.97,299.02,3,1,0,9.0,17.0,Bengaluru,No
CUST103995,30.0,Male,2021-05-09,One year,Fiber optic,Credit card,56,61.77,3317.46,3,2,0,8.0,16.0,Pune,No
CUST101289,48.0,Male,2022-06-14,One year,Fiber optic,,43,82.8,3797.24,6,3,1,6.0,34.0,Delhi,No
CUST104266,28.0,Female,2022-01-26,Two year,DSL,Bank transfer,47,57.79,2604.12,5,1,0,9.0,32.0,Pune,No
CUST102029,32.0,Female,2025-08-01,One year,Fiber optic,Mailed check,5,79.9,358.1,4,1,1,10.0,5.0,Chennai,No
CUST100449,43.0,Male,2025-02-17,One year,DSL,Bank transfer,10,38.77,344.14,3,3,1,5.0,58.0,Bengaluru,Yes
CUST104702,18.0,Male,2024-06-24,Month-to-month,Fiber optic,Mailed check,18,55.04,906.7,2,3,2,4.0,8.0,Chennai,No
CUST103527,22.0,Male,2022-07-20,Month-to-month,DSL,Bank transfer,41,52.71,2697.89,4,1,2,6.0,6.0,Mumbai,No
CUST101820,18.0,Male,2023-02-11,One year,Fiber optic,Electronic check,35,53.92,1801.44,3,0,1,9.0,17.0,Mumbai,No
CUST100958,38.0,Female,2022-02-04,Month-to-month,Fiber optic,Credit card,47,85.73,4091.21,5,2,1,,23.0,Pune,No
CUST101793,34.0,Female,2022-12-28,Month-to-month,Fiber optic,Bank transfer,36,82.46,2386.47,4,2,2,5.0,17.0,Chennai,No
CUST102077,39.0,Female,2022-04-23,Month-to-month,Fiber optic,Electronic check,44,68.25,2845.11,3,2,0,8.0,25.0,Mumbai,No
CUST100654,45.0,Male,2022-02-16,Two year,Fiber optic,Electronic check,46,79.92,3580.43,4,2,1,8.0,19.0,Mumbai,No
CUST102438,50.0,Female,2023-05-04,Month-to-month,No internet,Electronic check,32,60.46,2014.94,5,1,1,8.0,10.0,Bengaluru,No
CUST103904,19.0,Female,2025-02-09,Month-to-month,DSL,Electronic check,11,38.19,421.03,2,0,0,6.0,15.0,Hyderabad,No
CUST103927,21.0,Female,2025-05-15,Month-to-month,Fiber optic,Electronic check,8,61.21,526.02,3,1,1,6.0,6.0,Hyderabad,No
CUST101760,24.0,Female,2023-10-31,Month-to-month,No internet,Electronic check,26,37.2,1066.19,4,2,2,5.0,8.0,Hyderabad,No
CUST102633,38.0,Male,2022-03-06,Month-to-month,Fiber optic,Electronic check,46,91.5,4446.83,7,1,1,6.0,26.0,Delhi,Yes
CUST102780,56.0,Female,2022-07-05,Month-to-month,DSL,Mailed check,42,32.05,1407.1,2,1,0,10.0,10.0,Delhi,No
CUST104640,56.0,Male,2022-08-08,Month-to-month,No internet,Electronic check,41,,2007.05,3,3,1,5.0,21.0,Delhi,Yes
CUST100411,18.0,Female,2022-03-01,Month-to-month,Fiber optic,Electronic check,46,58.68,2672.79,4,3,1,7.0,9.0,Chennai,No
CUST101774,51.0,,2024-11-06,Month-to-month,DSL,Credit card,14,43.42,485.34,4,0,3,8.0,29.0,Pune,No
CUST103593,43.0,Male,2024-04-16,One year,DSL,Credit card,21,59.41,923.24,5,0,3,9.0,13.0,Chennai,No
CUST102215,38.0,Female,2024-04-28,One year,No internet,Electronic check,20,64.13,1220.26,5,1,2,5.0,10.0,Hyderabad,No
CUST103509,26.0,Male,2022-11-10,Month-to-month,DSL,Electronic check,38,61.74,2607.94,5,3,1,7.0,12.0,Mumbai,No
CUST102664,33.0,Female,2022-08-14,Month-to-month,Fiber optic,Credit card,41,81.34,3081.49,4,1,6,6.0,21.0,Delhi,No
CUST104334,45.0,Male,2021-07-17,Month-to-month,DSL,Bank transfer,54,49.97,2840.41,3,3,1,6.0,40.0,Bengaluru,No
CUST104962,41.0,Female,2021-09-24,Month-to-month,DSL,Electronic check,51,32.24,1767.96,2,3,2,6.0,22.0,Pune,No
CUST103752,36.0,Female,2025-07-12,One year,Fiber optic,Mailed check,6,59.49,383.41,3,1,0,6.0,13.0,Pune,No
CUST102053,72.0,Male,2021-03-28,Two year,DSL,Electronic check,57,62.25,3774.0,7,4,2,5.0,24.0,Chennai,No
CUST102704,41.0,Male,2021-01-22,Month-to-month,DSL,Bank transfer,59,52.77,3213.44,4,2,3,5.0,28.0,Pune,No
CUST103606,18.0,Male,2025-05-12,Two year,Fiber optic,Electronic check,8,75.63,721.88,5,1,2,5.0,11.0,Bengaluru,Yes
CUST103400,43.0,Male,2021-03-28,One year,No internet,Electronic check,57,57.36,3774.51,6,2,2,7.0,11.0,Pune,No
CUST103413,34.0,,2021-11-24,Month-to-month,DSL,Credit card,49,53.4,2802.11,3,3,0,7.0,15.0,Pune,No
CUST102554,43.0,Female,2023-03-14,Two year,No internet,Credit card,34,36.52,1225.42,3,4,1,5.0,11.0,Chennai,No
CUST103618,42.0,Female,2023-01-06,Two year,No internet,Credit card,36,49.78,1889.34,3,4,2,5.0,29.0,Mumbai,No
CUST100430,26.0,Male,2023-08-14,Two year,Fiber optic,Mailed check,29,63.5,1957.53,3,1,1,9.0,10.0,Bengaluru,No
CUST102964,38.0,Female,2025-10-29,One year,Fiber optic,Mailed check,2,69.31,169.6,5,2,2,6.0,10.0,Delhi,No
CUST102067,38.0,Male,2021-12-27,One year,Fiber optic,Mailed check,48,94.48,3984.13,7,3,0,7.0,12.0,Mumbai,No
CUST101366,24.0,Female,2023-01-02,Two year,Fiber optic,Electronic check,36,69.58,2334.09,4,1,1,9.0,24.0,Hyderabad,No
CUST103150,41.0,Male,2025-11-15,Month-to-month,Fiber optic,Bank transfer,2,110.67,223.42,6,2,3,5.0,6.0,Delhi,Yes
CUST102892,37.0,Male,2024-07-08,Month-to-month,Fiber optic,Electronic check,18,111.33,2055.11,8,1,2,6.0,28.0,Pune,No
CUST101176,29.0,Female,2023-03-25,Month-to-month,Fiber optic,Credit card,33,61.95,1930.03,3,1,0,5.0,11.0,Chennai,No
CUST103378,26.0,Male,2023-08-28,Month-to-month,Fiber optic,Electronic check,28,87.19,2647.44,5,0,1,7.0,23.0,Pune,No
CUST101476,63.0,Male,2021-08-31,Month-to-month,DSL,Credit card,52,,2486.72,5,1,0,10.0,27.0,Delhi,No
CUST103196,22.0,Female,2023-08-13,Month-to-month,No internet,Bank transfer,29,52.16,1560.94,3,3,1,5.0,14.0,Pune,No
CUST103899,42.0,Male,2024-06-23,Two year,No internet,Bank transfer,18,59.87,972.14,3,2,2,4.0,11.0,Bengaluru,No
CUST100102,34.0,Male,2025-02-05,Two year,Fiber optic,Credit card,11,51.09,494.21,3,3,3,4.0,36.0,Hyderabad,Yes
CUST101961,30.0,Female,2021-06-19,Month-to-month,Fiber optic,Bank transfer,54,66.18,3811.34,5,3,2,7.0,24.0,Pune,No
CUST102653,28.0,Female,2022-04-06,One year,DSL,Electronic check,45,55.82,2757.75,4,1,1,7.0,16.0,Hyderabad,No
CUST101263,33.0,Male,2024-05-10,Month-to-month,Fiber optic,Bank transfer,20,97.82,1822.01,7,3,5,4.0,11.0,Hyderabad,Yes
CUST102922,23.0,Male,2025-11-08,Month-to-month,DSL,Electronic check,2,59.79,145.81,5,5,0,6.0,15.0,Hyderabad,No
CUST103181,20.0,Male,2021-04-08,Month-to-month,No internet,Mailed check,57,31.54,1786.88,3,2,0,7.0,17.0,Chennai,No
CUST102402,41.0,Male,2025-05-24,One year,Fiber optic,Electronic check,7,65.09,480.06,3,1,1,7.0,10.0,Delhi,No
CUST104761,72.0,Female,2021-05-25,Two year,Fiber optic,Bank transfer,55,49.98,2748.39,3,2,1,6.0,21.0,Hyderabad,No
CUST102778,44.0,Male,2025-01-27,Month-to-month,DSL,Credit card,11,43.07,456.41,3,2,1,5.0,38.0,Mumbai,Yes
CUST103897,59.0,Female,2024-03-14,Month-to-month,Fiber optic,Mailed check,22,72.88,1571.65,2,2,2,7.0,51.0,Hyderabad,Yes
CUST104068,37.0,Female,2024-02-22,One year,Fiber optic,Bank transfer,22,91.91,1892.46,6,1,2,8.0,47.0,Pune,No
CUST103014,50.0,Male,2021-10-08,Two year,DSL,Mailed check,51,92.1,4444.24,8,1,1,6.0,21.0,Mumbai,No
CUST101643,46.0,Male,2023-05-04,One year,Fiber optic,Mailed check,32,68.41,2341.16,5,1,0,6.0,5.0,Mumbai,No
CUST104528,30.0,Male,2023-06-23,Month-to-month,DSL,Credit card,30,21.55,634.87,1,4,0,5.0,44.0,Mumbai,No
CUST100000,42.0,Male,2023-07-30,One year,Fiber optic,Electronic check,29,61.81,1764.7,4,2,2,8.0,21.0,Mumbai,No
CUST101580,52.0,Female,2022-12-26,Two year,DSL,Credit card,36,46.87,1412.86,4,1,0,8.0,20.0,Bengaluru,No
CUST104445,25.0,Male,2025-05-04,Month-to-month,No internet,Bank transfer,8,42.13,340.81,4,1,1,7.0,13.0,Chennai,No
CUST104371,31.0,Female,2022-07-30,One year,DSL,Bank transfer,41,48.74,1950.9,4,1,1,5.0,13.0,Bengaluru,No
CUST101356,33.0,Male,2022-12-14,Two year,No internet,Electronic check,37,26.13,858.27,1,2,3,7.0,32.0,Chennai,No
CUST103437,39.0,Male,2021-01-29,One year,DSL,Mailed check,59,64.06,3866.29,5,4,1,,21.0,Chennai,No
CUST102110,43.0,Male,2024-12-03,Month-to-month,Fiber optic,Bank transfer,13,60.22,809.98,4,2,3,6.0,24.0,Chennai,Yes
CUST102264,44.0,Female,2024-11-08,One year,Fiber optic,Electronic check,14,79.03,1066.44,6,2,0,6.0,30.0,Bengaluru,No
CUST104065,43.0,Female,2023-08-02,Two year,DSL,Credit card,29,28.0,796.79,3,3,1,8.0,30.0,Chennai,No
CUST103832,36.0, female ,2022-06-14,Month-to-month,DSL,Electronic check,43,60.54,2792.75,5,2,3,7.0,6.0,Chennai,Yes
CUST100396,47.0,Male,2021-11-17,Month-to-month,Fiber optic,Credit card,49,77.46,3730.19,6,3,3,6.0,18.0,Hyderabad,No
CUST104114,28.0,Male,2024-11-03,Two year,DSL,Bank transfer,14,52.89,679.65,4,4,0,6.0,12.0,Chennai,No
CUST101064,30.0,Female,2023-08-03,Month-to-month,Fiber optic,Electronic check,29,67.01,2097.51,5,1,0,7.0,12.0,Bengaluru,No
CUST100794,18.0,Female,2022-04-03,Month-to-month,DSL,Electronic check,45,38.03,1543.16,4,1,2,7.0,25.0,Chennai,No
CUST102182,18.0,Male,2024-08-02,Month-to-month,DSL,Credit card,17,51.38,845.2,3,4,2,6.0,31.0,Chennai,No
CUST100818,41.0,Female,2021-08-28,Month-to-month,Fiber optic,Credit card,52,56.31,2937.17,3,2,1,6.0,22.0,Bengaluru,No
CUST101812,41.0,Female,2025-09-25,Two year,Fiber optic,Electronic check,3,36.4,112.51,2,0,1,8.0,33.0,Pune,No
CUST102587,55.0,Male,2025-09-01,Month-to-month,Fiber optic,Mailed check,4,70.26,265.71,3,3,0,6.0,14.0,Delhi,No
CUST101552,31.0,Male,2022-07-12,One year,Fiber optic,Electronic check,42,67.02,2802.74,4,0,1,9.0,6.0,Delhi,No
CUST103163,46.0,Male,2022-01-07,Month-to-month,DSL,Bank transfer,48,53.38,2640.61,4,2,1,7.0,9.0,Pune,No
CUST100816,33.0,Male,2024-06-01,Month-to-month,No internet,Credit card,19,63.12,1099.97,5,3,1,5.0,25.0,Pune,No
CUST101572,42.0,Female,2024-01-01,Two year,DSL,Mailed check,24,64.47,1562.85,6,3,0,6.0,25.0,Pune,No
CUST103008,35.0,Male,2021-12-14,Month-to-month,No internet,Credit card,49,77.16,3894.38,7,1,2,7.0,8.0,Delhi,No
CUST101800,38.0,Female,2023-01-08,One year,DSL,Mailed check,36,46.6,1578.56,3,5,1,5.0,18.0,Delhi,No
CUST104310,42.0,Male,2022-09-05,Month-to-month,DSL,Bank transfer,40,47.66,2016.75,3,0,0,7.0,9.0,Chennai,No
CUST100381,54.0,Male,2023-05-30,One year,No internet,Electronic check,31,51.75,1799.79,4,1,2,9.0,45.0,Bengaluru,No
CUST102915,61.0,Male,2024-04-10,Month-to-month,DSL,Credit card,21,41.69,847.91,3,1,1,6.0,12.0,Pune,No
CUST104009,52.0,Male,2025-01-14,Month-to-month,Fiber optic,Electronic check,12,61.03,659.81,4,1,3,7.0,20.0,Delhi,No
CUST104635,24.0,Female,2023-09-08,Month-to-month,DSL,Credit card,28,51.24,1300.33,4,2,1,5.0,20.0,Hyderabad,Yes
CUST103551,24.0,Female,2022-09-09,Month-to-month,Fiber optic,Mailed check,40,44.74,1923.55,2,0,0,6.0,24.0,Delhi,No
CUST102342,18.0,Female,2025-03-13,Two year,No internet,Credit card,10,47.14,522.23,1,6,0,4.0,23.0,Delhi,No
CUST101780,48.0,Female,2023-10-29,Month-to-month,No internet,Electronic check,26,65.15,1554.57,6,1,1,7.0,15.0,Mumbai,No
CUST102765,30.0,Male,2024-01-09,Month-to-month,No internet,Credit card,24,39.43,816.44,3,2,1,7.0,23.0,Chennai,No
CUST102478,47.0,Female,2025-04-19,Month-to-month,Fiber optic,Bank transfer,8,53.6,461.64,1,1,0,8.0,5.0,Delhi,No
CUST102364,68.0,Female,2024-12-25,One year,Fiber optic,Credit card,12,100.68,1151.64,8,1,0,9.0,7.0,Mumbai,No
CUST100864,30.0,Male,2021-06-16,Two year,Fiber optic,Credit card,55,46.04,2348.99,2,0,2,6.0,20.0,Mumbai,Yes
CUST103062,68.0,Male,2025-09-05,One year,DSL,Credit card,4,86.72,327.82,6,4,0,6.0,25.0,Bengaluru,No
CUST103208,50.0,Male,2024-09-16,Month-to-month,No internet,Bank transfer,16,68.26,1215.84,6,1,2,7.0,5.0,Bengaluru,No
CUST100554,37.0,Female,2023-12-31,Month-to-month,Fiber optic,Mailed check,24,69.54,1630.33,2,1,1,8.0,21.0,Delhi,No
CUST101159,21.0,Female,2024-10-07,Month-to-month,DSL,Bank transfer,15,86.46,1282.19,8,2,2,6.0,18.0,Hyderabad,No
CUST101213,29.0,Female,2024-01-07,One year,Fiber optic,Credit card,24,93.99,2407.71,6,1,0,7.0,47.0,Pune,No
CUST103658,27.0,Male,2024-09-22,Month-to-month,DSL,Electronic check,15,50.37,813.39,4,3,0,6.0,10.0,Hyderabad,No
CUST103648,54.0,Male,2022-11-09,Two year,Fiber optic,Electronic check,38,79.71,3294.91,4,1,0,9.0,8.0,Delhi,No
CUST100048,46.0,Male,2022-01-08,Two year,DSL,Credit card,48,76.63,3529.25,8,1,2,5.0,39.0,Mumbai,No
CUST102528,51.0,Female,2024-11-11,Two year,No internet,Electronic check,14,67.15,1027.63,7,2,2,7.0,12.0,Chennai,No
CUST100700,51.0,Female,2022-10-25,Month-to-month,DSL,Electronic check,38,63.53,2696.31,6,4,0,7.0,13.0,Mumbai,Yes
CUST100652,58.0,Female,2025-07-11,Month-to-month,Fiber optic,Bank transfer,6,76.41,452.78,5,3,0,5.0,10.0,Chennai,No
CUST103200,31.0,Female,2021-02-24,Month-to-month,Fiber optic,Credit card,58,80.56,4350.79,5,6,0,6.0,18.0,Bengaluru,No
CUST103545,30.0,Male,2024-12-07,One year,Fiber optic,Mailed check,13,57.78,752.75,3,1,2,7.0,29.0,Pune,No
CUST103427,44.0,Female,2022-04-26,Two year,Fiber optic,Credit card,44,76.9,3073.52,5,6,0,6.0,35.0,Chennai,No
CUST100748,34.0,Male,2024-11-07,One year,Fiber optic,Electronic check,14,76.17,1124.27,5,0,1,7.0,38.0,Delhi,No
CUST101455,37.0,Male,2024-12-09,Month-to-month,Fiber optic,Bank transfer,13,84.79,1067.27,6,3,2,5.0,22.0,Bengaluru,No
CUST104217,44.0,Female,2024-01-03,Month-to-month,DSL,Credit card,24,33.76,745.92,2,0,1,6.0,,Chennai,No
CUST102232,23.0,Female,2021-03-12,Month-to-month,DSL,Credit card,58,84.66,4374.35,7,4,0,7.0,23.0,Mumbai,No
CUST104338,38.0,Female,2022-11-02,Month-to-month,DSL,Bank transfer,38,76.51,2843.81,6,6,1,6.0,17.0,Mumbai,No
CUST100866,22.0,Male,2021-10-16,Month-to-month,Fiber optic,Bank transfer,51,72.23,3703.51,4,0,0,9.0,17.0,Chennai,No
CUST100752,26.0,Male,2022-02-23,One year,Fiber optic,Credit card,46,69.27,3180.71,7,0,0,5.0,14.0,Chennai,No
CUST101644,20.0,Female,2023-08-18,One year,No internet,Credit card,28,40.66,1046.0,5,3,2,7.0,41.0,Delhi,No
CUST100092,33.0,Female,2023-04-15,Month-to-month,DSL,Credit card,33,25.46,872.71,1,1,1,5.0,12.0,Chennai,No
CUST103662,33.0,Male,2022-09-06,Month-to-month,Fiber optic,Bank transfer,40,46.12,1583.23,3,1,0,8.0,16.0,Bengaluru,No
CUST103276,50.0,Female,2022-01-19,Month-to-month,DSL, electronic check ,47,59.56,3013.48,5,2,0,6.0,13.0,Chennai,No
CUST102463,24.0,Female,2021-03-14,Month-to-month,No internet,Bank transfer,58,57.83,3120.36,4,2,2,8.0,20.0,Chennai,No
CUST103739,32.0,Male,2025-07-16,Month-to-month,Fiber optic,Credit card,6,66.77,440.8,3,1,1,10.0,,Delhi,No
CUST101490,31.0,Male,2022-01-25,Month-to-month,Fiber optic,Electronic check,47,65.42,3511.85,3,2,2,6.0,34.0,Pune,No
CUST103318,52.0,Male,2024-10-10,Month-to-month,Fiber optic,Electronic check,15,97.09,1491.23,6,2,0,7.0,19.0,Bengaluru,No
CUST104336,40.0,Male,2024-05-01,Month-to-month,DSL,Credit card,20,55.55,1153.58,5,1,0,8.0,12.0,Pune,No
CUST100729,25.0,Female,2024-02-18,One year,Fiber optic,Bank transfer,22,90.6,1964.1,6,1,0,7.0,15.0,Chennai,No
CUST103973,58.0,Male,2021-07-06,Month-to-month,Fiber optic,Credit card,54,61.49,3496.95,4,4,1,4.0,23.0,Pune,No
CUST102505,49.0,MALE,2025-09-25,Two year,Fiber optic,Electronic check,3,100.09,297.39,8,0,0,9.0,15.0,Hyderabad,No
CUST104871,40.0,Male,2021-05-29,One year,DSL,Credit card,55,83.49,4467.04,5,0,1,9.0,4.0,Mumbai,No
CUST101936,38.0,Male,2023-03-13,Two year,No internet,Electronic check,34,38.96,1368.35,3,2,2,5.0,21.0,Mumbai,No
CUST101745,29.0,Female,2021-11-22,Two year,Fiber optic,Electronic check,49,44.55,2485.71,1,1,1,6.0,25.0,Bengaluru,No
CUST102519,18.0,Male,2024-03-13,One year,Fiber optic,Credit card,22,70.3,1549.25,4,0,0,5.0,25.0,Bengaluru,No
CUST103323,47.0,Female,2023-11-07,Month-to-month,No internet,Bank transfer,26,63.71,1503.48,6,3,1,3.0,25.0,Pune,No
CUST103539,28.0,Male,2023-05-26,Month-to-month,Fiber optic,Credit card,31,65.3,1933.62,5,1,0,5.0,23.0,Delhi,No
CUST101957,24.0,Male,2023-02-18,Month-to-month,Fiber optic,Electronic check,34,68.82,2315.11,3,4,1,7.0,10.0,Mumbai,No
CUST101110,56.0,Male,2021-08-03,Month-to-month,Fiber optic,Electronic check,53,74.05,3737.82,3,3,1,7.0,13.0,Delhi,No
CUST104700,48.0,Female,2023-08-27,One year,Fiber optic,Credit card,28,67.25,1754.9,5,1,1,9.0,23.0,Chennai,No
CUST104085,38.0,Female,2024-07-18,Month-to-month,DSL,Credit card,17,38.36,695.22,3,4,3,4.0,17.0,Delhi,Yes
CUST104494,42.0,Male,2022-01-12,One year,Fiber optic,Electronic check,48,99.56,4862.66,8,1,1,7.0,19.0,Mumbai,No
CUST104179,29.0,Female,2024-12-04,Month-to-month,DSL,Mailed check,13,57.28,812.36,5,5,0,6.0,21.0,Chennai,Yes
CUST100346,31.0,Male,2025-01-10,Month-to-month,DSL,Credit card,12,73.44,989.23,7,3,1,7.0,14.0,Chennai,Yes
CUST101185,21.0,Female,2021-11-13,Month-to-month,DSL,Bank transfer,50,26.4,1171.58,2,1,0,10.0,14.0,Pune,No
CUST104025,26.0,Male,2024-12-12,One year,DSL,Electronic check,13,81.15,1009.77,8,3,1,5.0,39.0,Mumbai,Yes
CUST104059,37.0,Male,2021-03-07,Month-to-month,Fiber optic,Mailed check,58,57.95,3658.1,3,1,1,7.0,14.0,Bengaluru,No
CUST101515,41.0,Male,2022-08-27,One year,No internet,Electronic check,40,44.24,1849.81,4,3,1,7.0,15.0,Bengaluru,No
CUST104693,29.0,Female,2021-07-29,Month-to-month,Fiber optic, electronic check ,53,64.46,3338.49,5,0,3,7.0,16.0,Chennai,No
CUST100578,35.0,Male,2024-09-20,Month-to-month,Fiber optic,Electronic check,15,90.2,1135.05,5,1,1,6.0,21.0,Delhi,No
CUST101964,29.0,Female,2025-05-29,Month-to-month,DSL,Mailed check,7,68.18,473.71,6,4,3,4.0,38.0,Delhi,Yes
CUST100075,46.0,Male,2022-07-27,One year,Fiber optic,Credit card,41,69.69,2739.64,5,2,3,7.0,12.0,Delhi,No
CUST101429,47.0,Female,2021-05-22,Month-to-month,Fiber optic,Electronic check,55,69.6,3915.81,5,2,0,,8.0,Pune,No
CUST103799,37.0,Male,2022-05-14,Two year,No internet,Electronic check,44,83.77,3883.1,6,2,0,6.0,26.0,Pune,No
CUST104453,43.0,Male,2021-10-08,Month-to-month,DSL,Mailed check,51,53.89,2390.59,4,3,1,8.0,19.0,,No
CUST104910,29.0,Female,2024-07-01,One year,DSL,Electronic check,18,32.57,619.99,1,2,0,7.0,7.0,Mumbai,No
CUST104977,45.0,Male,2025-03-07,Month-to-month,DSL,Credit card,10,51.28,478.4,4,5,1,4.0,28.0,Chennai,No
CUST101846,38.0,Male,2025-06-27,Month-to-month,No internet,Mailed check,6,47.53,264.98,3,5,3,4.0,36.0,Mumbai,No
CUST100131,21.0,Male,2023-11-10,One year,No internet,Electronic check,26,52.22,1275.48,5,1,1,5.0,56.0,Delhi,Yes
CUST100178,37.0,Male,2024-09-25,One year,DSL,Credit card,15,41.47,719.6,2,2,0,7.0,20.0,Bengaluru,No
CUST102940,58.0,Male,2022-03-02,Two year,DSL,Electronic check,46,45.36,1709.27,3,2,1,7.0,19.0,Chennai,No
CUST104489,34.0,Female,2025-06-03,Month-to-month,DSL,Bank transfer,7,56.21,357.88,3,3,0,7.0,39.0,Bengaluru,No
CUST104722,37.0,Female,2025-01-19,One year,DSL,Mailed check,11,42.3,479.02,2,0,0,9.0,3.0,Mumbai,No
CUST102771,45.0,Male,2023-05-27,Two year,Fiber optic,Electronic check,31,58.0,1894.16,3,3,1,7.0,35.0,Bengaluru,No
CUST101842,49.0,Male,2021-03-08,Month-to-month,Fiber optic,,58,68.71,3411.1,4,4,0,8.0,11.0,Pune,No
CUST102238,27.0,MALE,2021-07-26,Month-to-month,Fiber optic,Electronic check,53,66.95,3514.77,5,2,0,5.0,20.0,Chennai,No
CUST103936,52.0,Female,2024-06-29,Month-to-month,Fiber optic,Bank transfer,18,69.8,1150.02,5,1,0,8.0,17.0,Delhi,No
CUST102404,28.0,Male,2023-07-01,One year,Fiber optic,Credit card,30,64.1,2117.36,2,2,0,6.0,15.0,Delhi,No
CUST100604,30.0,Female,2023-11-04,Month-to-month,DSL,Electronic check,26,34.41,1037.52,1,0,0,9.0,8.0,Mumbai,No
CUST102801,50.0,Female,2021-04-09,Month-to-month,DSL,Credit card,57,67.89,3264.06,5,1,1,8.0,12.0,Hyderabad,No
CUST100025,34.0,Female,2025-03-01,Month-to-month,DSL,Bank transfer,10,54.09,504.9,5,3,1,6.0,17.0,Pune,No
CUST100658,53.0,Male,2023-08-15,One year,Fiber optic,Electronic check,29,49.3,1369.3,1,5,2,5.0,22.0,Pune,Yes
CUST101896,19.0,Male,2023-12-31,Month-to-month,Fiber optic,Bank transfer,24,96.2,2297.95,6,0,0,8.0,13.0,Bengaluru,No
CUST103870,38.0,Male,2021-12-31,Month-to-month,DSL,Credit card,48,28.82,1282.39,2,4,0,5.0,22.0,Chennai,No
CUST102213,59.0,Male,2024-07-15,Two year,DSL,Electronic check,18,56.7,866.5,4,1,2,6.0,16.0,Delhi,No
CUST100173,23.0,Female,2022-01-06,Month-to-month,DSL,Electronic check,48,42.3,1801.42,2,2,1,7.0,15.0,Mumbai,No
CUST101611,35.0,Female,2023-10-02,One year,DSL,Credit card,27,250.0,1650.84,5,2,0,7.0,25.0,Mumbai,No
CUST100437,25.0,Female,2024-07-13,Month-to-month,No internet,Electronic check,18,81.0,1404.83,6,3,2,6.0,23.0,Delhi,No
CUST100331,46.0,Female,2025-05-22,Month-to-month,Fiber optic,Bank transfer,7,63.18,465.25,2,2,2,6.0,31.0,Chennai,Yes
CUST103143,,Female,2021-12-26,Month-to-month,Fiber optic,Bank transfer,48,48.41,2590.43,2,3,2,6.0,25.0,Mumbai,No
CUST101454,56.0,Female,2024-10-10,Month-to-month,Fiber optic,Credit card,15,96.76,1507.71,5,1,5,5.0,8.0,Chennai,No
CUST100342,39.0,Female,2023-09-11,One year,No internet,,28,71.79,1992.7,6,2,4,4.0,61.0,Delhi,Yes
CUST103243,41.0,Female,2025-11-23,One year,Fiber optic,Credit card,1,76.71,71.57,4,3,3,6.0,18.0,Hyderabad,No
CUST102581,50.0,Female,2021-05-17,One year,No internet,Bank transfer,56,47.57,3006.11,3,2,1,5.0,33.0,Hyderabad,No
CUST100727,47.0,Male,2022-04-16,One year,Fiber optic,Electronic check,45,68.6,3351.5,4,0,0,7.0,10.0,Pune,No
CUST103833,29.0,Male,2023-08-16,Month-to-month,No internet,Credit card,29,71.33,1842.92,6,1,1,7.0,4.0,Chennai,No
CUST100976,51.0,Female,2025-10-23,One year,Fiber optic,,2,62.04,120.38,3,1,1,8.0,8.0,Delhi,No
CUST102395,24.0,Female,2024-05-31,Month-to-month,Fiber optic,Bank transfer,19,55.22,1120.07,3,1,1,7.0,45.0,Mumbai,Yes
CUST104020,40.0,Female,2021-05-19,Month-to-month,Fiber optic,Bank transfer,55,46.36,2530.81,2,4,3,,10.0,Chennai,Yes
CUST101928,48.0,Male,2025-05-08,Month-to-month,Fiber optic,Mailed check,8,64.01,502.63,3,3,0,8.0,7.0,Mumbai,No
CUST102650,25.0,Male,2023-01-24,One year,DSL,Electronic check,35,53.8,1806.37,3,3,1,6.0,14.0,Delhi,No
CUST104108,56.0,Male,2025-07-09,One year,Fiber optic,Electronic check,6,64.31,410.02,2,1,2,5.0,26.0,Bengaluru,No
CUST101299,26.0,Male,2021-03-02,One year,No internet,Electronic check,58,52.5,3210.31,5,2,0,9.0,20.0,Hyderabad,No
CUST103032,23.0,Female,2022-11-19,Month-to-month,DSL,Electronic check,37,41.38,1442.61,3,0,3,6.0,7.0,Mumbai,Yes
CUST104623,48.0,Female,2021-07-23,One year,DSL,Electronic check,53,18.0,980.75,1,4,1,6.0,24.0,Hyderabad,No
CUST100660,18.0,Female,2024-05-24,Month-to-month,Fiber optic,Credit card,19,72.78,1169.13,3,3,1,4.0,11.0,Pune,Yes
CUST104022,22.0,Female,2023-05-26,One year,Fiber optic,Credit card,31,77.8,2277.94,5,2,0,,13.0,Delhi,Yes
CUST102900,31.0,Male,2021-12-26,One year,Fiber optic,Bank transfer,48,107.74,4511.02,8,1,1,8.0,32.0,Delhi,No
CUST102825,37.0, female ,2024-08-02,Month-to-month,Fiber optic,Bank transfer,17,63.43,965.26,3,1,3,5.0,28.0,Pune,No
CUST103017,51.0,Female,2024-04-22,Month-to-month,Fiber optic,Electronic check,20,60.91,1355.32,3,1,0,6.0,6.0,Pune,No
CUST102220,39.0,Male,2022-07-18,Month-to-month,No internet,Electronic check,41,54.47,2281.06,4,5,1,5.0,21.0,Chennai,No
CUST103410,18.0,Male,2025-05-06,Two year,DSL,Electronic check,8,50.72,349.41,3,3,2,7.0,37.0,Pune,Yes
CUST102741,46.0,Male,2021-02-18,One year,No internet,Electronic check,58,75.49,4471.04,6,3,1,6.0,11.0,Delhi,No
CUST104925,51.0,Female,2024-09-13,Month-to-month,Fiber optic,Credit card,16,77.49,1267.81,4,1,1,,11.0,Mumbai,No
CUST103235,45.0,Female,2022-10-13,One year,Fiber optic,Credit card,39,56.92,1883.9,3,1,3,6.0,10.0,Hyderabad,No
CUST101278,42.0,Female,2023-12-29,One year,DSL,Electronic check,24,71.81,1852.49,5,1,2,6.0,28.0,Mumbai,No
CUST103113,47.0,Female,2025-08-29,Two year,Fiber optic,Electronic check,4,76.81,317.19,5,1,1,7.0,6.0,Chennai,No
CUST101621,39.0,Male,2024-11-20,One year,DSL,Electronic check,13,37.26,479.42,3,1,3,5.0,18.0,Delhi,No
CUST103649,39.0,Male,2024-02-11,Two year,Fiber optic,Credit card,23,81.55,2017.17,5,5,4,4.0,43.0,Mumbai,Yes
CUST104439,26.0,Female,2023-03-18,Two year,Fiber optic,Bank transfer,34,51.94,1711.85,1,2,2,5.0,11.0,Bengaluru,No
CUST100067,32.0,Female,2022-09-25,Month-to-month,DSL,Electronic check,39,77.86,2776.63,6,2,1,8.0,17.0,Chennai,No
CUST102617,49.0,Male,2025-05-15,One year,No internet,Credit card,8,59.99,454.12,3,3,2,7.0,33.0,Bengaluru,No
CUST102154,41.0,Female,2023-06-03,Month-to-month,Fiber optic,Electronic check,31,71.14,2415.94,4,1,0,7.0,14.0,Chennai,No
CUST104919,50.0,Male,2021-10-15,Two year,Fiber optic,Bank transfer,51,56.3,3196.68,2,2,4,5.0,17.0,Hyderabad,No
CUST100820,32.0,Female,2025-08-24,Month-to-month,Fiber optic,Electronic check,4,49.63,188.22,1,1,0,8.0,9.0,Hyderabad,Yes
CUST101226,47.0,Female,2023-08-23,Month-to-month,No internet,Electronic check,28,75.69,2144.79,8,1,0,7.0,4.0,Mumbai,No
CUST103732,72.0,Female,2023-06-25,Two year,DSL,Mailed check,30,74.37,2273.92,6,1,0,8.0,10.0,Pune,No
CUST103914,18.0,Male,2021-11-26,Month-to-month,Fiber optic,Electronic check,49,70.41,2988.72,4,1,0,8.0,9.0,Pune,No
CUST103994,45.0,Female,2024-07-13,One year,Fiber optic,Electronic check,18,36.16,620.17,2,1,1,9.0,4.0,Bengaluru,No
CUST104480,41.0,Male,2022-07-07,One year,Fiber optic,Electronic check,42,62.49,2461.37,3,4,4,4.0,44.0,Chennai,No
CUST104292,28.0,Female,2024-06-18,One year,No internet,Electronic check,18,57.46,1107.42,5,3,0,7.0,24.0,Pune,No
CUST103463,21.0,Female,2022-10-24,One year,DSL,Mailed check,38,53.82,1854.15,4,1,2,5.0,10.0,Delhi,No
CUST101143,31.0,Male,2021-05-05,One year,Fiber optic,Electronic check,56,56.82,3191.86,1,1,1,7.0,37.0,Pune,No
CUST100397,41.0,Male,2023-01-22,Month-to-month,DSL,Credit card,35,44.72,1514.58,2,3,0,7.0,18.0,Mumbai,No
CUST104676,43.0, female ,2023-12-20,Month-to-month,No internet,Electronic check,24,77.55,1795.84,6,2,2,4.0,14.0,Bengaluru,No
CUST104324,27.0,Male,2023-10-19,Two year,DSL,Bank transfer,26,49.44,1381.02,4,2,1,6.0,10.0,Delhi,No
CUST102939,29.0,Female,2023-01-31,Month-to-month,No internet,Credit card,35,32.98,1087.25,2,1,0,8.0,15.0,Hyderabad,No
CUST101398,45.0,Male,2025-10-25,One year,Fiber optic,Electronic check,2,50.94,106.77,3,1,1,8.0,9.0,Mumbai,No
CUST101659,40.0,Male,2022-11-22,Month-to-month,Fiber optic,Electronic check,37,80.91,3130.27,6,2,1,8.0,48.0,Chennai,No
CUST100979,43.0,Female,2022-01-03,One year,No internet,Mailed check,48,56.23,3131.1,4,3,0,7.0,8.0,Hyderabad,No
CUST101298,24.0,Female,2022-02-05,Two year,Fiber optic,Credit card,47,70.37,3422.45,4,2,1,5.0,16.0,Chennai,No
CUST102643,27.0,Female,2022-04-28,Month-to-month,DSL,Credit card,44,78.15,3690.12,8,4,0,6.0,19.0,Delhi,No
CUST100082,34.0,Male,2022-10-01,One year,Fiber optic,Credit card,39,75.35,2543.75,3,0,0,9.0,5.0,Chennai,No
CUST103804,50.0,Male,2024-11-28,Month-to-month,DSL,Credit card,13,,539.72,4,1,1,7.0,31.0,Mumbai,No
CUST102492,47.0,Male,2021-12-08,Two year,Fiber optic,Bank transfer,49,58.48,2994.12,3,4,1,5.0,27.0,Delhi,Yes
CUST103789,32.0,Male,2021-04-08,Month-to-month,No internet,Electronic check,57,,3304.76,5,0,2,6.0,5.0,Mumbai,No
CUST103831,64.0,Male,2023-06-29,Month-to-month,DSL,Electronic check,30,35.06,1006.83,2,1,3,6.0,9.0,Delhi,No
CUST102319,35.0,Female,2021-06-15,One year,No internet,Bank transfer,55,51.4,2794.65,2,0,1,6.0,22.0,Bengaluru,No
CUST100423,20.0,Female,2023-09-28,Two year,No internet,Bank transfer,27,45.96,1086.17,4,1,2,7.0,13.0,Delhi,No
CUST104362,34.0,Female,2025-11-23,Month-to-month,DSL,Credit card,1,86.3,85.32,7,1,2,7.0,21.0,Pune,No
CUST101904,45.0,Female,2023-01-19,One year,DSL,Credit card,35,52.55,1938.13,4,2,2,7.0,20.0,Mumbai,No
CUST104561,29.0,Female,2024-11-26,Two year,DSL,Bank transfer,13,101.25,1317.08,8,5,2,5.0,27.0,Bengaluru,No
CUST103398,18.0,Male,2021-04-27,Two year,Fiber optic,Electronic check,56,76.72,3754.48,4,0,2,8.0,14.0,Bengaluru,No
CUST103145,42.0,Female,2022-04-19,Month-to-month,DSL,Bank transfer,44,25.36,1026.24,2,4,3,4.0,15.0,Delhi,No
CUST101565,30.0,Female,2023-05-09,Month-to-month,No internet,Mailed check,32,44.57,1284.1,3,4,0,7.0,28.0,Hyderabad,No
CUST103632,30.0,Female,2025-04-12,Month-to-month,Fiber optic,,9,64.58,630.12,4,3,1,5.0,13.0,Bengaluru,No
CUST100839,34.0,Male,2025-07-24,Month-to-month,Fiber optic,Electronic check,5,50.48,271.63,4,3,1,7.0,19.0,Delhi,No
CUST100500,54.0,Male,2024-12-17,Month-to-month,Fiber optic,Credit card,12,58.82,763.17,3,0,0,5.0,11.0,Bengaluru,No
CUST100141,26.0,Male,2021-08-02,Month-to-month,No internet,Bank transfer,53,68.27,3828.39,6,1,0,8.0,27.0,Pune,No
CUST101377,40.0,,2025-08-12,Month-to-month,DSL,Electronic check,5,46.92,196.17,3,2,2,5.0,48.0,Pune,Yes
CUST103747,49.0,Male,2021-09-17,Month-to-month,Fiber optic,Electronic check,51,81.59,3999.03,7,1,0,8.0,18.0,Bengaluru,No
CUST102172,34.0,Male,2025-10-29,Two year,Fiber optic,Bank transfer,2,65.84,135.2,3,0,3,6.0,29.0,Delhi,No
CUST101138,37.0,Male,2024-08-13,Month-to-month,Fiber optic,Bank transfer,17,53.29,926.9,2,0,3,7.0,11.0,Chennai,No
CUST102580,26.0,Female,2021-12-24,Month-to-month,Fiber optic,Bank transfer,48,,2359.49,2,2,0,5.0,8.0,Pune,No
CUST101787,19.0,Female,2025-10-22,Month-to-month,DSL,Bank transfer,2,40.88,76.88,3,1,3,5.0,17.0,Mumbai,Yes
CUST103214,50.0,Female,2023-05-06,One year,DSL,Bank transfer,32,59.78,1953.71,6,1,0,8.0,7.0,Hyderabad,No
CUST100550,43.0,Female,2021-12-19,Month-to-month,DSL,Credit card,48,85.19,3958.07,6,2,0,7.0,8.0,Chennai,No
CUST103142,35.0,Female,2021-11-23,Month-to-month,No internet,Electronic check,49,72.24,3502.8,8,2,1,6.0,10.0,Mumbai,No
CUST102019,44.0,Male,2022-03-09,One year,Fiber optic,Electronic check,46,83.11,3891.35,5,0,2,5.0,10.0,Pune,No
CUST100948,43.0,Male,2021-04-29,Two year,DSL,Electronic check,56,45.52,2455.24,3,1,0,8.0,8.0,Chennai,No
CUST102290,43.0,Female,2025-03-24,Month-to-month,Fiber optic,Credit card,9,54.79,522.45,2,1,0,8.0,8.0,Chennai,No
CUST100532,33.0,Male,2025-03-22,One year,Fiber optic,Mailed check,9,69.82,591.39,4,1,1,7.0,18.0,Bengaluru,No
CUST101829,35.0,Female,2025-06-28,One year,DSL,Mailed check,6,52.48,311.88,5,2,0,5.0,9.0,Delhi,No
CUST103631,52.0,Female,2025-06-01,Month-to-month,DSL,Electronic check,7,65.18,492.14,5,1,1,8.0,8.0,Hyderabad,No
CUST104441,18.0,Male,2025-08-30,One year,Fiber optic,Credit card,4,53.01,211.54,2,1,2,6.0,8.0,Hyderabad,Yes
CUST104791,18.0,Female,2023-07-13,Month-to-month,DSL,Mailed check,30,31.49,842.51,3,2,1,9.0,15.0,Bengaluru,No
CUST101602,53.0,Male,2021-09-02,Two year,DSL,Bank transfer,52,21.2,1037.65,1,1,3,8.0,20.0,Mumbai,No
CUST100639,44.0,Male,2022-07-02,Month-to-month,DSL,Bank transfer,42,57.74,2500.76,5,1,3,6.0,41.0,Pune,No
CUST104856,20.0,Female,2024-04-22,One year,Fiber optic,Credit card,20,64.95,1240.95,4,1,1,8.0,22.0,Bengaluru,No
CUST100967,29.0,Male,2023-02-17,One year,Fiber optic,Electronic check,34,54.15,2167.57,2,3,3,4.0,18.0,Bengaluru,No
CUST104260,42.0,Male,2025-04-15,Month-to-month,Fiber optic,Electronic check,9,42.42,321.81,2,2,0,7.0,27.0,Chennai,No
CUST102663,21.0,Male,2022-10-24,Month-to-month,DSL,Credit card,38,18.0,616.72,2,1,1,7.0,25.0,Hyderabad,No
CUST101683,53.0,Female,2025-09-30,Two year,No internet,Electronic check,3,39.66,119.01,3,1,1,10.0,6.0,Pune,No
CUST104776,28.0,Female,2022-03-22,Two year,DSL,Credit card,45,91.31,4295.78,8,1,2,9.0,32.0,Pune,No
CUST102373,57.0,Female,2025-04-25,One year,No internet,Electronic check,8,62.34,522.0,6,2,2,8.0,38.0,Bengaluru,No
CUST100155,59.0,Female,2024-02-06,Month-to-month,DSL,Bank transfer,23,75.59,1615.18,5,2,0,4.0,8.0,Chennai,No
CUST102521,59.0,Male,2021-12-13,Month-to-month,DSL,Bank transfer,49,62.35,3551.9,4,1,0,7.0,8.0,Pune,No
CUST102879,43.0,Female,2025-03-08,One year,No internet,Mailed check,10,76.24,762.47,5,3,2,4.0,8.0,Pune,No
CUST101089,35.0,Male,2024-01-27,Month-to-month,DSL,Bank transfer,23,41.94,909.46,3,2,2,8.0,20.0,Bengaluru,No
CUST104895,37.0,Female,2025-11-18,One year,DSL,Credit card,1,53.08,57.6,4,3,1,4.0,36.0,Pune,No
CUST104263,48.0,Male,2024-09-30,Month-to-month,Fiber optic,Electronic check,15,81.32,1367.56,3,2,2,6.0,31.0,Mumbai,No
CUST100288,34.0,Female,2024-11-24,Month-to-month,No internet,Credit card,13,35.01,457.65,2,1,1,10.0,40.0,Mumbai,No
CUST100930,38.0,Female,2021-09-14,One year,Fiber optic,Mailed check,52,48.98,2248.38,3,0,1,9.0,4.0,Delhi,No
CUST102570,65.0,Male,2022-12-28,Month-to-month,DSL,Electronic check,36,53.23,2070.79,4,3,1,4.0,13.0,Chennai,No
CUST102292,52.0,Female,2024-03-06,Month-to-month,DSL,Credit card,22,56.12,1227.64,5,2,1,8.0,24.0,Pune,No
CUST104126,50.0,Male,2023-10-06,Two year,DSL,Bank transfer,27,24.89,694.61,1,2,0,9.0,12.0,Bengaluru,No
CUST102399,45.0,Male,2022-09-25,Two year,No internet,Mailed check,39,57.25,2257.68,3,0,2,5.0,48.0,Mumbai,No
CUST103336,35.0,Female,2021-09-30,One year,Fiber optic,Bank transfer,51,62.3,3278.29,3,1,2,9.0,10.0,Delhi,Yes
CUST100942,44.0,Male,2023-04-22,Month-to-month,Fiber optic,Electronic check,32,76.54,2417.12,6,0,3,6.0,19.0,Hyderabad,No
CUST103911,67.0,Male,2023-02-13,One year,DSL,Electronic check,35,42.53,1549.06,4,2,1,3.0,,Hyderabad,No
CUST104686,23.0,Male,2024-02-19,Two year,No internet,Electronic check,22,53.42,1408.03,5,1,0,7.0,29.0,Pune,No
CUST101698,18.0,Female,2021-02-06,Month-to-month,Fiber optic,Electronic check,59,66.83,4002.2,4,4,1,6.0,42.0,Mumbai,No
CUST104732,65.0,Male,2024-04-12,Month-to-month,No internet,Credit card,21,36.34,851.98,2,1,2,6.0,21.0,Bengaluru,No
CUST102997,66.0,Male,2022-03-07,Month-to-month,No internet,Bank transfer,46,42.96,2205.28,3,3,1,10.0,10.0,Bengaluru,No
CUST102634,52.0,Female,2022-06-15,Month-to-month,Fiber optic,Electronic check,43,66.87,3374.29,3,0,1,8.0,3.0,Bengaluru,No
CUST102851,55.0,Female,2023-11-27,One year,Fiber optic,Electronic check,25,79.17,1998.11,6,0,2,6.0,22.0,Delhi,No
CUST100985,46.0,Female,2021-09-13,Month-to-month,DSL,Credit card,52,39.51,2165.33,3,0,3,8.0,20.0,Delhi,No
CUST104475,44.0,Male,2025-07-17,Month-to-month,Fiber optic,Credit card,6,60.03,388.4,3,2,0,9.0,18.0,Mumbai,No
CUST102218,30.0,Female,2022-03-22,Month-to-month,Fiber optic,Electronic check,45,71.76,3396.35,4,1,3,7.0,53.0,Chennai,Yes
CUST102254,50.0,Male,2023-07-28,One year,DSL,Mailed check,29,53.66,1533.66,3,1,0,6.0,2.0,Bengaluru,No
CUST104801,45.0,Female,2023-09-20,Month-to-month,Fiber optic,Credit card,27,51.18,1301.72,2,3,1,5.0,,Hyderabad,No
CUST100981,20.0,Female,2021-12-17,Month-to-month,Fiber optic,Credit card,48,66.75,2858.09,4,1,3,6.0,3.0,Delhi,No
CUST102526,37.0,Male,2022-08-11,Two year,Fiber optic,Credit card,41,77.42,3257.4,5,2,0,6.0,19.0,Pune,No
CUST102586,39.0,Male,2021-06-27,Two year,DSL,Bank transfer,54,22.61,1202.19,2,1,1,7.0,4.0,Hyderabad,No
CUST103204,43.0,Male,2022-03-12,One year,Fiber optic,Electronic check,46,75.0,3883.16,5,1,2,7.0,10.0,Chennai,No
CUST103733,34.0,Female,2021-12-06,One year,Fiber optic,Credit card,49,63.4,3299.25,2,1,0,7.0,20.0,Bengaluru,No
CUST103575,18.0,Male,2022-12-31,One year,Fiber optic,Mailed check,36,81.53,2821.31,5,2,1,7.0,20.0,Chennai,No
CUST103898,30.0,Female,2025-07-14,One year,No internet,Credit card,6,48.42,243.28,3,0,0,8.0,7.0,Bengaluru,No
CUST101457,39.0,Female,2023-07-01,Month-to-month,Fiber optic,Credit card,30,51.01,1349.82,2,4,3,5.0,14.0,Pune,No
CUST101395,60.0,Female,2022-04-23,Month-to-month,DSL,Bank transfer,44,27.48,-500.0,2,1,4,7.0,26.0,Mumbai,No
CUST100264,44.0,Female,2025-06-04,Two year,Fiber optic,Credit card,7,62.66,406.05,4,1,0,9.0,20.0,Mumbai,No
CUST104622,39.0,Female,2021-06-30,One year,Fiber optic,Electronic check,54,57.71,3228.48,2,1,1,5.0,8.0,Bengaluru,No
CUST100929,39.0,Male,2024-05-16,Month-to-month,DSL,,20,78.55,1508.66,6,2,0,5.0,10.0,Bengaluru,No
CUST103103,51.0,Male,2023-05-05,Two year,DSL,Bank transfer,32,34.77,1077.23,3,0,2,6.0,,Delhi,No
CUST102178,45.0,Female,2022-03-28,One year,Fiber optic,Electronic check,45,59.66,2840.53,2,3,1,6.0,15.0,Hyderabad,No
CUST104677,48.0,Male,2021-08-28,Month-to-month,Fiber optic,Credit card,52,70.86,3849.39,4,3,0,7.0,22.0,Pune,No
CUST100246,25.0,Female,2022-01-02,One year,Fiber optic,Credit card,48,67.92,3136.37,4,2,3,8.0,28.0,Bengaluru,No
CUST103639,22.0,Female,2023-08-30,Month-to-month,DSL,Credit card,28,52.38,1516.44,5,0,1,9.0,33.0,Delhi,No
CUST101758,26.0,Male,2021-11-25,Month-to-month,DSL,Credit card,49,41.29,2047.42,3,1,2,7.0,6.0,Chennai,No
CUST104889,52.0,Female,2021-12-18,One year,Fiber optic,Mailed check,48,61.61,3101.56,3,3,0,6.0,10.0,Hyderabad,No
CUST102850,36.0,Male,2024-12-07,Month-to-month,No internet, electronic check ,13,18.0,236.77,3,4,3,5.0,15.0,Hyderabad,No
CUST100923,31.0,Female,2023-07-06,Month-to-month,DSL,Bank transfer,30,71.86,2014.62,6,3,1,6.0,11.0,Bengaluru,No
CUST102550,18.0,Male,2025-06-26,One year,No internet,Credit card,6,51.49,277.06,3,1,0,7.0,23.0,Bengaluru,No
CUST100268,39.0,Female,2021-11-11,Month-to-month,Fiber optic,Electronic check,50,82.37,4318.61,5,3,2,5.0,19.0,Pune,No
CUST100669,18.0,Female,2024-11-05,One year,DSL,,14,34.54,467.59,2,0,0,7.0,10.0,Mumbai,No
CUST102817,47.0,Male,2023-12-21,Two year,Fiber optic,Electronic check,24,72.43,1950.07,4,3,0,7.0,46.0,Chennai,No
CUST101910,29.0,Male,2025-04-02,Month-to-month,DSL,Credit card,9,30.25,270.42,1,2,0,6.0,29.0,Bengaluru,No
CUST103027,22.0,Female,2023-05-27,One year,DSL,Credit card,31,65.51,1956.56,5,1,3,6.0,26.0,Hyderabad,No
CUST101152,41.0,Male,2021-01-07,Month-to-month,DSL,Electronic check,60,47.32,2940.61,3,3,1,5.0,7.0,Pune,No
CUST104841,26.0,Male,2023-09-22,Two year,DSL,Electronic check,27,52.71,1474.95,3,3,2,7.0,11.0,Chennai,No
CUST103501,54.0,Male,2024-01-02,Month-to-month,DSL,Mailed check,24,45.16,1195.7,5,2,0,7.0,13.0,Delhi,No
CUST104264,30.0,Female,2025-09-02,Month-to-month,Fiber optic,Bank transfer,4,55.65,204.48,3,1,0,7.0,12.0,Hyderabad,Yes
CUST103929,29.0,Male,2024-10-12,Month-to-month,Fiber optic,Credit card,15,92.59,1502.73,7,6,1,4.0,33.0,Pune,No
CUST102201,36.0,Male,2024-03-14,Month-to-month,Fiber optic,Bank transfer,22,69.36,1684.92,3,2,4,7.0,8.0,Hyderabad,No
CUST103024,36.0,Female,2024-10-26,Month-to-month,Fiber optic,Credit card,14,46.08,651.58,2,0,3,6.0,23.0,Pune,No
CUST101915,18.0,Male,2022-02-15,Month-to-month,DSL,Credit card,47,50.84,2516.81,4,0,1,8.0,26.0,Mumbai,No
CUST100612,21.0,Female,2023-12-28,One year,DSL,Credit card,24,54.74,1367.51,5,0,1,7.0,5.0,Pune,No
CUST102437,41.0,Female,2022-01-27,Two year,DSL,Electronic check,47,61.27,3154.73,5,1,0,8.0,18.0,Pune,No
CUST103836,45.0,Female,2025-10-11,Two year,No internet,Credit card,3,44.08,136.97,3,1,1,6.0,18.0,Bengaluru,No
CUST101898,33.0,Female,2024-09-23,One year,Fiber optic,Bank transfer,15,66.12,1009.83,2,0,0,10.0,52.0,Hyderabad,No
CUST101649,30.0,Male,2025-09-24,Two year,Fiber optic,Mailed check,3,90.01,280.77,6,3,0,6.0,26.0,Delhi,No
CUST104759,31.0,Male,2024-08-17,Two year,Fiber optic,Electronic check,16,30.54,393.11,2,2,0,6.0,10.0,Chennai,No
CUST100258,36.0,Female,2021-03-12,Month-to-month,DSL,Credit card,58,51.26,3259.41,5,1,3,,15.0,Mumbai,No
CUST100847,48.0,Female,2022-03-14,Month-to-month,No internet,Bank transfer,46,46.36,2310.95,4,4,0,5.0,25.0,Delhi,No
CUST104274,43.0,Female,2024-11-18,One year,DSL,Credit card,13,18.72,253.33,3,5,2,6.0,9.0,Mumbai,No
CUST101233,39.0,Male,2022-12-04,Month-to-month,DSL,Electronic check,37,55.4,1875.73,5,1,1,7.0,8.0,Pune,No
CUST101127,37.0,Female,2024-06-10,Month-to-month,Fiber optic,Electronic check,19,64.24,1240.23,3,0,2,6.0,3.0,Delhi,Yes
CUST101967,37.0,Male,2025-04-11,One year,Fiber optic,Electronic check,9,81.01,722.81,4,0,0,8.0,22.0,Bengaluru,No
CUST100558,23.0,Male,2023-11-07,Two year,DSL,Bank transfer,26,75.15,1945.37,6,3,1,5.0,23.0,Delhi,No
CUST103957,50.0,Male,2024-01-02,Month-to-month,DSL,Bank transfer,24,62.32,1387.58,3,5,0,6.0,24.0,Hyderabad,No
CUST100484,37.0,Female,2024-11-04,One year,DSL,Credit card,14,35.41,574.07,2,2,1,6.0,36.0,Bengaluru,No
CUST102211,50.0,Male,2022-06-13,Two year,DSL,Bank transfer,43,32.16,1480.04,2,1,0,5.0,24.0,Chennai,No
CUST101320,29.0,Female,2024-11-07,Month-to-month,Fiber optic,Bank transfer,14,95.64,1247.82,8,1,0,8.0,15.0,Mumbai,No
CUST102384,46.0,Female,2023-03-11,Month-to-month,Fiber optic,Credit card,34,90.54,3194.59,8,4,2,5.0,32.0,Bengaluru,Yes
CUST100007,34.0,Female,2021-10-22,Month-to-month,No internet,Credit card,50,74.19,3714.02,7,1,0,8.0,19.0,Delhi,No
CUST104444,39.0,Female,2024-01-17,Month-to-month,Fiber optic,Electronic check,23,73.14,1663.7,5,0,2,8.0,17.0,Mumbai,No
CUST103622,27.0,Female,2023-11-25,Month-to-month,Fiber optic,Bank transfer,25,48.61,1316.07,2,0,2,7.0,3.0,Delhi,No
CUST101450,34.0,Female,2024-04-28,One year,No internet,Credit card,20,65.15,1411.17,5,1,2,7.0,39.0,Hyderabad,No
CUST104198,18.0,Male,2022-12-02,One year,No internet,Credit card,37,40.21,,3,1,1,5.0,23.0,Hyderabad,No
CUST101814,40.0,Female,2022-09-26,One year,DSL,Mailed check,39,45.33,1751.53,4,2,1,6.0,8.0,Chennai,No
CUST100773,54.0,Male,2021-06-02,Month-to-month,Fiber optic,Electronic check,55,57.84,3251.25,3,1,0,7.0,10.0,Chennai,No
CUST101011,55.0,Female,2022-03-03,Two year,DSL,Mailed check,46,,2401.82,3,3,1,5.0,17.0,Delhi,No
CUST102858,34.0,Male,2022-11-22,Month-to-month,DSL,Credit card,37,53.84,1902.83,3,0,0,10.0,33.0,Bengaluru,No
CUST102481,27.0,Female,2023-04-09,One year,Fiber optic,Electronic check,33,63.41,2445.85,2,0,1,7.0,9.0,Chennai,Yes
CUST101991,45.0,MALE,2021-10-26,Month-to-month,DSL,Electronic check,50,40.41,2279.22,4,4,1,5.0,10.0,Mumbai,No
CUST101277,57.0,Female,2025-06-09,Month-to-month,No internet,Electronic check,7,50.05,340.41,3,0,5,7.0,27.0,Hyderabad,No
CUST101783,26.0,Male,2024-04-21,Two year,DSL,Electronic check,20,78.15,1693.54,8,1,1,6.0,17.0,Hyderabad,No
CUST103148,59.0,Male,2023-07-30,One year,DSL,Electronic check,29,60.31,1737.84,5,2,1,8.0,7.0,Delhi,No
CUST100446,51.0,Male,2021-03-20,One year,DSL,Electronic check,57,55.78,3260.06,5,1,0,7.0,13.0,Chennai,No
CUST100880,41.0,Male,2025-08-31,Month-to-month,DSL,Credit card,4,28.61,130.38,2,4,3,6.0,40.0,Chennai,Yes
CUST104482,43.0,Male,2021-01-11,Two year,DSL,Bank transfer,60,50.15,2684.52,4,2,0,6.0,8.0,Chennai,No
CUST100781,37.0,Male,2024-11-09,Month-to-month,Fiber optic,Electronic check,14,78.69,1062.07,5,2,0,9.0,15.0,Mumbai,No
CUST101749,49.0,Female,2025-01-30,One year,DSL,Electronic check,11,65.05,738.38,3,1,1,9.0,20.0,Hyderabad,No
CUST103434,23.0,,2021-06-08,Two year,Fiber optic,Electronic check,55,65.14,3629.28,4,3,3,5.0,14.0,Bengaluru,No
CUST104906,47.0,Male,2024-07-14,Two year,DSL,Bank transfer,18,38.99,771.64,2,2,0,5.0,6.0,Mumbai,No
CUST100883,24.0,Male,2024-12-28,Month-to-month,DSL,Mailed check,12,55.89,718.96,5,0,0,8.0,6.0,Chennai,No
CUST102406,41.0,Female,2024-03-29,Month-to-month,Fiber optic,Bank transfer,21,77.76,1854.27,4,2,2,6.0,10.0,Pune,No
CUST101091,38.0,Male,2022-06-15,Two year,Fiber optic,,43,116.92,4614.43,8,0,1,9.0,30.0,Hyderabad,No
CUST103189,22.0,Female,2025-04-15,One year,DSL,Electronic check,9,94.05,888.99,8,1,2,8.0,21.0,Chennai,No
CUST100531,27.0,Female,2024-02-18,Month-to-month,Fiber optic,Credit card,22,62.16,1336.35,1,1,0,9.0,4.0,Hyderabad,No
CUST104075,28.0,Female,2021-08-04,Month-to-month,Fiber optic,Electronic check,53,67.15,3505.57,3,5,0,5.0,26.0,Delhi,No
CUST103370,35.0,Female,2024-06-29,Two year,No internet,Credit card,18,39.63,689.91,3,2,2,6.0,7.0,Mumbai,No
CUST104120,30.0,Male,2021-07-12,One year,DSL,Bank transfer,54,250.0,2598.64,5,2,1,9.0,31.0,Hyderabad,No
CUST101727,32.0,Male,2024-07-04,Two year,DSL,Electronic check,18,38.13,726.05,4,0,3,9.0,3.0,Bengaluru,No
CUST100610,26.0,Female,2023-04-16,One year,Fiber optic,Bank transfer,33,69.62,2177.42,3,2,1,6.0,19.0,Hyderabad,No
CUST100570,21.0,Male,2021-06-22,Two year,Fiber optic,Electronic check,54,62.01,3860.81,3,2,0,7.0,18.0,Pune,No
CUST104291,19.0,Male,2023-07-03,Month-to-month,Fiber optic,Mailed check,30,68.0,1981.74,5,3,0,6.0,15.0,Hyderabad,No
CUST104600,47.0,Female,2023-01-23,Month-to-month,DSL,Bank transfer,35,55.77,1768.24,4,0,1,4.0,14.0,Pune,No
CUST100343,43.0,Male,2025-03-03,Month-to-month,Fiber optic,Credit card,10,68.04,735.77,2,2,0,6.0,7.0,Bengaluru,No
CUST103740,19.0,Male,2024-05-12,Month-to-month,DSL,Credit card,20,64.68,1136.81,3,0,3,7.0,16.0,Pune,No
CUST103182,29.0,Male,2025-11-11,Two year,DSL,Mailed check,2,64.8,143.95,5,1,3,8.0,42.0,Delhi,No
CUST100434,49.0,Female,2021-03-10,Month-to-month,Fiber optic,Credit card,58,48.09,2541.88,2,0,0,7.0,20.0,Chennai,No
CUST101903,36.0,Male,2025-04-19,Two year,DSL,Bank transfer,8,34.42,273.96,4,0,0,9.0,20.0,Bengaluru,No
CUST104685,29.0,Female,2021-05-23,Month-to-month,Fiber optic,Credit card,55,79.31,4445.47,4,4,5,3.0,14.0,Bengaluru,No
CUST102417,30.0,Male,2025-09-28,Month-to-month,Fiber optic,Electronic check,3,64.54,219.07,3,4,3,4.0,41.0,Bengaluru,Yes
CUST102069,36.0,Female,2021-03-05,Two year,DSL,Bank transfer,58,69.4,4196.9,6,4,0,7.0,45.0,Bengaluru,No
CUST101537,18.0,Female,2021-04-19,One year,Fiber optic,Credit card,56,69.92,4183.32,3,1,0,9.0,47.0,Delhi,No
CUST102282,51.0,Female,2023-04-23,Month-to-month,Fiber optic,Bank transfer,32,76.39,2286.47,4,2,2,5.0,26.0,Chennai,Yes
CUST102377,30.0,Female,2022-02-14,Month-to-month,DSL,Electronic check,47,62.81,3030.6,4,0,0,8.0,8.0,Chennai,No
CUST101517,54.0,Female,2024-11-04,Month-to-month,Fiber optic,Electronic check,14,81.57,957.16,6,3,2,6.0,37.0,Chennai,No
CUST100965,22.0,Male,2024-11-25,Month-to-month,Fiber optic,Electronic check,13,53.22,703.97,3,0,3,5.0,2.0,Chennai,No
CUST104429,20.0,Female,2023-06-01,Month-to-month,DSL,Credit card,31,35.1,1204.24,2,0,2,8.0,18.0,Pune,No
CUST100528,41.0,Male,2021-04-30,Month-to-month,No internet,Credit card,56,31.02,1594.72,3,0,2,8.0,36.0,Chennai,No
CUST100176,,Male,2021-04-12,Month-to-month,Fiber optic,Bank transfer,57,60.36,3328.27,2,2,1,6.0,17.0,Pune,No
CUST104227,61.0,Female,2025-07-10,Month-to-month,Fiber optic,Electronic check,6,99.16,584.2,8,1,1,6.0,20.0,Bengaluru,No
CUST102887,40.0,Female,2021-10-04,Month-to-month,DSL,Bank transfer,51,26.84,1468.78,2,4,1,5.0,16.0,Mumbai,No
CUST104320,29.0,Female,2025-03-28,One year,DSL,Electronic check,9,57.34,497.91,4,3,2,5.0,23.0,Bengaluru,No
CUST100572,41.0,Female,2023-06-09,Month-to-month,Fiber optic,Credit card,31,59.43,1717.0,1,3,1,6.0,32.0,Chennai,No
CUST102330,27.0,Male,2022-09-24,One year,DSL,Bank transfer,39,61.08,2446.03,6,3,1,5.0,16.0,Delhi,Yes
CUST104990,19.0,Male,2021-07-19,Month-to-month,Fiber optic,Electronic check,53,71.36,3845.63,3,0,1,9.0,,Pune,No
CUST103626,39.0,Female,2025-02-14,Month-to-month,DSL,Credit card,11,56.85,676.89,4,2,3,6.0,8.0,Pune,Yes
CUST103256,30.0,Female,2024-01-27,Two year,No internet,Electronic check,23,61.13,1342.29,4,4,2,6.0,28.0,Mumbai,No
CUST102619,58.0,Male,2021-08-26,One year,DSL,Mailed check,52,42.12,2208.97,4,2,2,5.0,18.0,Hyderabad,No
CUST102208,45.0,Male,2022-08-30,Two year,No internet,Mailed check,40,54.38,2058.43,3,1,1,7.0,25.0,Bengaluru,No
CUST102600,31.0,Female,2025-07-31,One year,DSL,Credit card,5,61.45,308.25,6,1,0,7.0,19.0,Mumbai,No
CUST102794,51.0,Female,2023-01-19,Month-to-month,DSL,Bank transfer,35,59.54,2274.75,5,0,4,7.0,8.0,Delhi,No
CUST100383,23.0,Female,2023-10-28,Month-to-month,No internet,Electronic check,26,48.09,1160.4,2,0,1,7.0,19.0,Bengaluru,No
CUST100852,49.0,Female,2021-04-20,Month-to-month,DSL, electronic check ,56,56.9,3449.83,4,0,0,8.0,7.0,Delhi,No
CUST101880,47.0,Female,2022-04-22,Two year,Fiber optic,Credit card,44,78.07,3672.5,6,0,2,6.0,31.0,Bengaluru,No
CUST100370,38.0,Female,2021-09-01,Month-to-month,Fiber optic,Electronic check,52,93.92,4337.33,5,2,1,7.0,11.0,Hyderabad,No
CUST102409,32.0, female ,2022-09-06,Two year,Fiber optic,Bank transfer,40,70.21,2819.09,3,1,1,8.0,39.0,Hyderabad,No
CUST104346,27.0,Female,2021-10-22,Month-to-month,Fiber optic,Electronic check,50,68.79,3936.11,4,1,1,7.0,9.0,Hyderabad,No
CUST101105,46.0,Male,2024-09-24,Month-to-month,DSL,Credit card,15,68.13,1011.12,5,1,1,7.0,22.0,Pune,No
CUST102607,36.0,Female,2021-05-20,Month-to-month,Fiber optic,Bank transfer,55,87.78,4855.23,4,0,1,9.0,25.0,Delhi,No
CUST103998,30.0,Female,2024-01-12,One year,Fiber optic,Credit card,24,77.21,1875.12,4,1,3,7.0,48.0,Delhi,No
CUST101336,44.0,Female,2025-02-13,Month-to-month,Fiber optic,Credit card,11,56.22,609.33,2,2,2,5.0,10.0,Chennai,Yes
CUST102189,45.0,Male,2021-06-14,Two year,Fiber optic,Mailed check,55,42.94,2412.9,1,1,2,5.0,10.0,Mumbai,No
CUST104617,26.0,Female,2023-03-19,Month-to-month,DSL,Credit card,33,55.1,1814.8,3,0,1,7.0,32.0,Chennai,No
CUST103404,20.0,Female,2022-12-16,Two year,Fiber optic,Credit card,37,75.43,2944.11,5,1,0,8.0,22.0,Mumbai,No
CUST104601,39.0,Male,2022-06-20,Month-to-month,Fiber optic,Credit card,42,70.56,3025.19,3,4,2,6.0,24.0,Pune,No
CUST103225,31.0,Female,2021-08-01,Month-to-month,DSL,Electronic check,53,66.42,3389.38,7,2,1,6.0,62.0,Chennai,No
CUST104872,22.0,Male,2022-07-30,Month-to-month,DSL,Credit card,41,24.94,1110.69,1,0,0,9.0,12.0,Delhi,No
CUST101171,18.0,Female,2025-11-01,Month-to-month,DSL,Credit card,2,53.04,111.6,3,0,1,10.0,5.0,Hyderabad,No
CUST102630,39.0,Male,2023-05-11,Month-to-month,No internet,Bank transfer,32,81.19,2818.31,6,2,0,6.0,11.0,Hyderabad,Yes
CUST102732,59.0,Male,2025-11-21,One year,Fiber optic,Electronic check,1,79.08,90.05,5,2,3,5.0,13.0,Delhi,No
CUST101422,43.0,Female,2021-09-07,Two year,Fiber optic,Electronic check,52,102.83,5719.08,8,1,1,8.0,6.0,Bengaluru,Yes
CUST102372,37.0,Male,2025-11-08,Month-to-month,Fiber optic,Electronic check,2,71.08,134.87,4,3,2,8.0,14.0,Chennai,No
CUST102689,18.0, female ,2024-08-14,One year,Fiber optic,Mailed check,17,82.93,1503.38,5,3,0,5.0,14.0,Hyderabad,No
CUST104177,42.0,Female,2021-09-24,Month-to-month,Fiber optic,Electronic check,51,58.35,2559.38,3,4,1,7.0,17.0,Bengaluru,No
CUST101464,50.0,Male,2022-03-22,Month-to-month,Fiber optic,Credit card,45,60.85,2850.85,3,2,1,8.0,22.0,Bengaluru,No
CUST100874,18.0,Male,2025-07-12,Month-to-month,DSL,Electronic check,6,29.32,184.02,1,1,1,6.0,,Delhi,No
CUST102297,29.0,Male,2021-11-30,One year,Fiber optic,Credit card,49,102.01,5368.48,8,2,0,7.0,8.0,Chennai,No
CUST102622,56.0,Female,2023-06-01,Two year,DSL,Electronic check,31,39.13,1187.22,3,2,1,7.0,10.0,Pune,No
CUST104405,53.0,Male,2022-10-15,Two year,Fiber optic,Bank transfer,39,75.26,2832.59,4,3,1,3.0,53.0,Mumbai,Yes
CUST101251,56.0,Female,2023-06-14,Two year,DSL,Mailed check,31,43.61,1276.07,3,0,6,6.0,7.0,Mumbai,No
CUST102379,37.0,Male,2022-12-28,Month-to-month,DSL,Mailed check,36,63.32,2480.33,5,4,0,5.0,18.0,Chennai,No
CUST100840,61.0,Male,2022-03-24,Month-to-month,Fiber optic,Mailed check,45,79.83,3379.15,6,4,0,7.0,18.0,Chennai,No
CUST103112,57.0,Female,2021-10-27,One year,DSL,Electronic check,50,70.52,3387.38,7,3,2,7.0,15.0,Hyderabad,No
CUST100581,24.0,Male,2021-02-11,Month-to-month,Fiber optic,Electronic check,59,57.1,3842.73,3,5,0,6.0,23.0,Chennai,Yes
CUST100204,18.0,Male,2025-01-30,Two year,No internet,Bank transfer,11,46.07,520.73,2,0,1,7.0,9.0,Hyderabad,No
CUST101641,44.0,Female,2025-07-31,Month-to-month,DSL,Credit card,5,55.24,-500.0,5,1,2,6.0,6.0,Bengaluru,No
CUST102014,57.0,Female,2021-11-26,One year,DSL,Electronic check,49,70.73,3903.03,6,2,0,8.0,10.0,,No
CUST100905,63.0,Male,2022-12-23,One year,Fiber optic,Mailed check,36,87.21,3202.66,5,3,1,5.0,9.0,Bengaluru,No
CUST100631,69.0,Female,2022-02-20,Month-to-month,DSL,Electronic check,46,56.21,2731.94,4,3,0,7.0,8.0,Mumbai,No
CUST104435,48.0,Male,2024-07-31,One year,No internet,Electronic check,17,39.39,665.14,4,1,0,8.0,20.0,Pune,No
CUST101974,22.0,Male,2024-11-19,One year,No internet,,13,24.64,311.11,2,1,2,7.0,18.0,Bengaluru,No
CUST100162,64.0,Male,2022-02-23,Month-to-month,No internet,Electronic check,46,43.76,2264.65,2,3,1,6.0,8.0,Mumbai,Yes
CUST103604,39.0,Female,2025-09-10,Month-to-month,Fiber optic,Electronic check,4,101.15,417.93,6,1,1,6.0,12.0,Delhi,No
CUST102905,38.0,Male,2025-06-12,Month-to-month,DSL,Mailed check,7,36.02,210.01,2,3,0,5.0,36.0,Hyderabad,No
CUST104518,35.0,Male,2021-04-22,Month-to-month,Fiber optic,Credit card,56,94.81,5446.48,6,1,0,9.0,13.0,Delhi,No
CUST100617,41.0,Female,2024-01-05,Month-to-month,Fiber optic,Mailed check,24,71.89,1696.32,4,3,0,5.0,34.0,Hyderabad,No
CUST100875,18.0,Female,2024-12-19,Month-to-month,Fiber optic,,12,48.73,585.64,1,1,0,6.0,23.0,Pune,No
CUST101431,27.0,Female,2022-09-14,Two year,DSL,Credit card,40,54.01,2434.39,3,0,1,9.0,12.0,Chennai,No
CUST100547,26.0,Female,2024-03-10,Month-to-month,DSL,Electronic check,22,18.92,396.39,1,0,3,8.0,16.0,Chennai,No
CUST103380,41.0,Female,2025-03-25,Month-to-month,DSL,Mailed check,9,39.21,339.87,2,0,1,8.0,39.0,Pune,No
CUST104569,43.0,Male,2024-07-31,One year,DSL,Electronic check,17,38.48,621.75,2,3,0,7.0,25.0,Chennai,No
CUST104245,38.0,Female,2025-01-20,Month-to-month,DSL,Bank transfer,11,50.69,564.28,3,2,4,3.0,21.0,Pune,No
CUST102418,45.0,Male,2025-07-19,One year,Fiber optic,Electronic check,5,99.71,515.61,7,3,1,7.0,20.0,Pune,No
CUST104675,54.0,Male,2024-12-04,Month-to-month,DSL,Bank transfer,13,66.34,942.27,7,4,2,7.0,13.0,Mumbai,No
CUST104834,19.0,Male,2022-01-02,Two year,No internet,Mailed check,48,49.08,2413.73,4,1,1,8.0,7.0,Bengaluru,No
CUST104103,60.0,Male,2022-06-04,One year,Fiber optic,Credit card,43,57.65,2276.49,3,2,1,6.0,21.0,Mumbai,No
CUST101861,25.0,Male,2022-10-19,Two year,No internet,Electronic check,38,86.57,3092.0,8,5,1,6.0,40.0,Mumbai,No
CUST100640,20.0,Female,2023-09-06,Month-to-month,DSL,Bank transfer,28,61.93,1939.7,4,2,0,7.0,8.0,Mumbai,No
CUST104809,37.0,Male,2021-10-02,Month-to-month,Fiber optic,Credit card,51,24.28,1277.73,1,2,0,5.0,12.0,Chennai,No
CUST100637,25.0,Male,2023-01-28,Month-to-month,Fiber optic,Mailed check,35,75.71,2141.98,5,0,1,9.0,5.0,Mumbai,No
CUST103565,58.0,Female,2022-05-20,One year,DSL,Credit card,43,48.82,2390.76,4,2,0,9.0,8.0,Bengaluru,No
CUST104572,42.0,Male,2025-10-05,Month-to-month,Fiber optic,Electronic check,3,78.8,225.76,4,0,0,8.0,47.0,Delhi,No
CUST103768,49.0,Male,2023-01-15,Month-to-month,Fiber optic,Mailed check,36,73.6,2592.99,5,2,0,6.0,4.0,Bengaluru,No
CUST102096,48.0,Female,2023-01-27,One year,No internet,Credit card,35,51.97,1633.63,4,2,2,6.0,27.0,Hyderabad,No
CUST103782,27.0,Male,2024-09-13,One year,DSL,Credit card,16,85.81,1451.33,8,0,0,8.0,26.0,Bengaluru,No
CUST103844,39.0,Male,2022-07-25,One year,Fiber optic,Bank transfer,41,76.02,3127.88,4,2,0,7.0,41.0,Bengaluru,No
CUST103724,37.0,Female,2021-03-25,Month-to-month,DSL,Mailed check,57,43.09,2565.72,3,6,1,,16.0,Pune,No
CUST102882,47.0,Male,2021-07-26,Two year,No internet,Mailed check,53,63.3,3394.56,4,2,2,6.0,9.0,Delhi,Yes
CUST100921,28.0,Female,2023-01-18,Month-to-month,DSL,Bank transfer,35,32.31,1211.9,2,2,2,6.0,7.0,Delhi,No
CUST100546,40.0,Female,2024-04-29,Month-to-month,DSL,Bank transfer,20,56.61,1172.09,4,2,2,7.0,15.0,Delhi,No
CUST103716,47.0,Female,2024-02-28,Two year,DSL,Credit card,22,28.22,542.46,3,3,0,7.0,24.0,Hyderabad,No
CUST101900,31.0,Female,2022-12-28,Month-to-month,No internet,Electronic check,36,26.28,1034.36,3,4,2,6.0,11.0,Pune,No
CUST102028,40.0,Female,2022-02-17,One year,Fiber optic,Mailed check,46,73.71,3788.08,3,1,3,5.0,24.0,Bengaluru,No
CUST102301,27.0,Male,2022-07-30,Month-to-month,DSL,Credit card,41,40.7,1665.37,3,3,3,6.0,31.0,Bengaluru,No
CUST101885,41.0,Female,2022-05-21,One year,DSL,Bank transfer,43,38.4,1577.04,3,2,1,4.0,20.0,Mumbai,No
CUST101642,18.0,Female,2025-10-19,Month-to-month,Fiber optic,Credit card,2,83.69,180.63,5,2,0,8.0,17.0,Chennai,No
CUST103557,43.0,Female,2025-09-10,Month-to-month,Fiber optic,Credit card,4,96.89,343.71,6,1,1,7.0,3.0,Pune,No
CUST104833,28.0,Female,2023-09-03,Month-to-month,Fiber optic,Bank transfer,28,63.56,1627.56,3,1,0,10.0,6.0,Mumbai,No
CUST102097,28.0,Male,2024-11-19,Month-to-month,No internet,Credit card,13,46.46,606.54,6,0,1,9.0,15.0,Pune,No
CUST104604,37.0,Female,2021-07-25,Month-to-month,Fiber optic,Electronic check,53,49.72,3016.6,4,3,6,5.0,22.0,Hyderabad,No
CUST103611,29.0,Male,2022-12-08,Month-to-month,Fiber optic,Credit card,37,77.14,2796.17,4,0,0,8.0,17.0,Mumbai,No
CUST104517,36.0,MALE,2022-04-04,One year,DSL,Electronic check,45,36.99,1819.19,1,0,1,6.0,8.0,Delhi,No
CUST104992,31.0,Female,2025-01-11,One year,No internet,Electronic check,12,53.67,707.96,4,4,1,4.0,16.0,Mumbai,No
CUST100836,34.0,Male,2022-12-27,One year,Fiber optic,Bank transfer,36,76.17,3181.6,5,0,1,9.0,12.0,Chennai,No
CUST100601,31.0,Male,2021-12-05,One year,Fiber optic,Electronic check,49,67.68,2585.84,6,0,1,6.0,3.0,Hyderabad,No
CUST102184,18.0,Male,2022-10-19,One year,DSL,Mailed check,38,45.3,1619.76,2,0,1,7.0,17.0,Bengaluru,No
CUST103917,30.0,Male,2022-12-08,Month-to-month,Fiber optic,Credit card,37,86.53,3257.58,5,0,1,8.0,2.0,Bengaluru,No
CUST102515,31.0,Male,2023-12-11,Month-to-month,Fiber optic,Bank transfer,25,81.45,2040.41,5,2,0,7.0,10.0,Mumbai,No
CUST104534,38.0,Female,2024-08-14,Month-to-month,Fiber optic,Mailed check,17,72.95,1104.88,4,0,2,7.0,25.0,Bengaluru,No
CUST101582,45.0,Male,2022-08-22,One year,DSL,Electronic check,40,56.44,2464.66,4,3,1,7.0,52.0,Chennai,No
CUST104289,43.0,Male,2021-07-05,Month-to-month,DSL,Credit card,54,43.23,2314.3,2,1,4,5.0,19.0,Delhi,No
CUST104940,42.0,Male,2025-06-16,One year,DSL,Electronic check,7,43.33,346.8,2,5,1,3.0,46.0,Chennai,Yes
CUST102764,31.0,Male,2024-12-03,One year,No internet,Credit card,13,45.32,542.01,4,2,0,8.0,27.0,Pune,No
CUST101070,36.0,Male,2025-04-06,One year,Fiber optic,Bank transfer,9,50.89,524.66,4,1,0,7.0,5.0,Hyderabad,No
CUST101775,,Female,2022-09-02,One year,Fiber optic,Electronic check,40,43.01,1645.21,3,3,1,6.0,22.0,Pune,No
CUST104832,25.0,Male,2021-08-04,Month-to-month,Fiber optic,Electronic check,53,42.01,2493.07,1,2,1,7.0,11.0,Bengaluru,No
CUST101283,48.0,Male,2022-01-22,Month-to-month,Fiber optic,Mailed check,47,64.83,2781.79,4,0,2,7.0,16.0,Delhi,No
CUST101117,34.0,Female,2023-02-10,Two year,Fiber optic,Electronic check,35,49.62,1711.07,3,3,1,,16.0,Chennai,No
CUST104777,22.0,Female,2024-05-13,One year,DSL,Credit card,20,77.85,1450.47,7,0,1,7.0,24.0,Delhi,No
CUST101836,41.0,Female,2022-12-27,Month-to-month,No internet, electronic check ,36,19.79,678.87,2,3,3,6.0,26.0,Pune,No
CUST104265,32.0,Female,2021-02-14,One year,No internet,Credit card,59,50.08,3135.86,3,1,3,5.0,14.0,Mumbai,No
CUST101019,45.0,Male,2021-10-24,Month-to-month,Fiber optic,Electronic check,50,80.81,4112.76,5,2,0,6.0,20.0,Chennai,No
CUST103250,52.0,Female,2025-11-21,Two year,Fiber optic,Electronic check,1,76.44,85.2,5,1,1,7.0,8.0,Delhi,No
CUST101326,42.0,Male,2025-08-03,Month-to-month,Fiber optic,Bank transfer,5,68.81,332.81,6,0,2,7.0,11.0,Chennai,No
CUST100475,34.0,Female,2024-04-28,Month-to-month,Fiber optic,Bank transfer,20,51.39,1169.07,4,1,0,5.0,20.0,Mumbai,No
CUST103494,55.0,Female,2025-02-09,Month-to-month,Fiber optic,Electronic check,11,95.55,1080.95,7,3,1,8.0,15.0,Hyderabad,Yes
CUST101651,53.0,Male,2025-09-26,Two year,DSL,Electronic check,3,79.49,227.15,7,2,0,5.0,11.0,Bengaluru,No
CUST104051,37.0,Male,2023-01-06,Month-to-month,Fiber optic,Mailed check,36,84.24,2988.55,5,1,4,9.0,26.0,Bengaluru,No
CUST104308,42.0,Female,2022-12-16,Month-to-month,DSL,Mailed check,37,74.2,2663.61,6,2,0,7.0,39.0,Delhi,No
CUST102647,32.0,Female,2022-05-21,Month-to-month,Fiber optic,Bank transfer,43,58.98,2668.58,2,1,2,7.0,41.0,Chennai,No
CUST104058,45.0,Male,2023-09-12,Month-to-month,DSL,Bank transfer,28,48.43,1158.83,4,3,1,6.0,,Hyderabad,Yes
CUST102620,30.0,Male,2021-11-09,One year,Fiber optic,Credit card,50,78.49,4080.54,5,3,0,6.0,44.0,Hyderabad,Yes
CUST101373,19.0,Female,2022-06-12,Month-to-month,Fiber optic,,43,68.72,2877.5,4,1,2,6.0,9.0,Hyderabad,No
CUST100739,18.0,Female,2022-04-01,Month-to-month,DSL,Electronic check,45,45.67,2022.53,3,1,0,8.0,20.0,Delhi,No
CUST103668,18.0,Female,2024-09-23,Month-to-month,DSL,Electronic check,15,40.6,574.52,5,0,0,8.0,19.0,Hyderabad,No
CUST102834,44.0,Female,2024-03-14,Two year,DSL, electronic check ,22,65.02,1261.67,8,4,0,5.0,23.0,Delhi,No
CUST100867,33.0,Female,2024-10-16,Month-to-month,DSL,Credit card,15,50.22,799.3,2,2,3,7.0,16.0,Chennai,No
CUST101140,59.0,Male,2023-11-20,Month-to-month,Fiber optic,Electronic check,25,46.22,1318.6,3,0,1,5.0,11.0,Delhi,No
CUST100997,39.0,Female,2024-10-31,Month-to-month,DSL,Credit card,14,,722.29,5,4,0,7.0,83.0,Pune,No
CUST101337,46.0,Female,2021-11-12,One year,DSL,Credit card,50,54.13,2683.77,4,0,2,6.0,27.0,Mumbai,No
CUST100541,28.0,Female,2025-08-08,One year,No internet,Credit card,5,65.86,328.75,5,1,0,7.0,36.0,Pune,No
CUST101099,53.0,Male,2021-12-19,Month-to-month,No internet,Credit card,48,50.74,2401.35,4,0,1,8.0,23.0,Hyderabad,No
CUST101132,30.0,Male,2024-06-01,Month-to-month,Fiber optic,Credit card,19,81.83,1577.66,4,1,0,8.0,14.0,Mumbai,No
CUST104876,49.0,Male,2023-05-01,One year,DSL,Bank transfer,32,36.37,1119.42,3,2,0,5.0,26.0,Pune,No
CUST102754,51.0,Male,2022-05-09,Month-to-month,Fiber optic,Credit card,44,63.57,2790.56,2,2,3,6.0,6.0,Delhi,No
CUST102258,51.0,Male,2023-11-01,One year,DSL,Electronic check,26,29.53,746.72,1,1,1,7.0,17.0,Mumbai,No
CUST104040,39.0,Female,2023-10-27,Two year,No internet,Electronic check,26,48.13,1219.21,4,4,1,5.0,26.0,Hyderabad,No
CUST100059,50.0,Female,2023-05-07,Two year,No internet,Bank transfer,32,49.21,1584.83,4,1,3,7.0,13.0,Hyderabad,No
CUST102924,,Male,2025-04-16,Month-to-month,DSL,Bank transfer,9,40.05,396.93,2,4,1,6.0,26.0,Chennai,Yes
CUST101938,30.0,Male,2024-04-19,Month-to-month,Fiber optic,Electronic check,20,60.96,1199.12,3,5,4,4.0,36.0,Mumbai,Yes
CUST104965,40.0,Female,2021-10-10,Two year,DSL,Electronic check,51,49.71,2823.53,2,1,1,9.0,24.0,Bengaluru,No
CUST104961,46.0,Male,2025-06-30,Month-to-month,No internet,Credit card,6,28.79,174.93,1,2,1,7.0,31.0,Bengaluru,No
CUST101078,31.0,Female,2024-01-01,Month-to-month,Fiber optic,Credit card,24,91.87,2255.62,7,1,0,7.0,12.0,Pune,No
CUST104637,25.0,Male,2023-01-15,Month-to-month,Fiber optic,Bank transfer,36,89.2,3030.79,7,2,1,5.0,21.0,Hyderabad,No
CUST103424,72.0,Male,2021-06-09,One year,DSL,Credit card,55,44.59,2626.62,2,2,1,6.0,14.0,Mumbai,No
CUST102522,35.0,Female,2023-04-16,Month-to-month,DSL,Credit card,33,78.73,2677.0,6,1,1,6.0,33.0,Pune,No
CUST100940,41.0,Male,2021-12-04,Month-to-month,DSL,Bank transfer,49,64.2,3212.79,5,1,0,6.0,23.0,Delhi,No
CUST101080,41.0,Male,2022-09-06,Month-to-month,DSL,Electronic check,40,54.57,2003.62,5,2,1,5.0,17.0,Delhi,No
CUST100187,23.0,Male,2024-06-21,Two year,Fiber optic,Electronic check,18,70.45,1314.14,5,1,2,6.0,17.0,Mumbai,No
CUST102672,32.0,Male,2023-11-15,Month-to-month,Fiber optic,Credit card,26,61.91,1382.0,5,2,0,5.0,26.0,Mumbai,No
CUST102085,47.0,Female,2025-08-04,Month-to-month,DSL,Electronic check,5,46.0,243.59,3,2,2,5.0,13.0,Chennai,No
CUST102249,52.0,Male,2023-04-14,One year,Fiber optic,Electronic check,33,69.74,2337.94,4,1,1,6.0,21.0,Mumbai,No
CUST104915,39.0,Female,2022-05-17,One year,DSL,Electronic check,44,35.66,1682.23,5,1,1,7.0,6.0,Chennai,No
CUST102023,37.0,Female,2021-11-24,Month-to-month,Fiber optic,Electronic check,49,65.22,3205.3,4,2,0,7.0,12.0,Hyderabad,No
CUST103311,46.0,Female,2021-01-03,Month-to-month,DSL,Credit card,60,65.48,4064.27,6,4,0,5.0,9.0,Mumbai,No
CUST101492,31.0,Male,2021-06-19,Month-to-month,DSL,Electronic check,54,57.05,3098.81,4,1,0,9.0,11.0,Chennai,No
CUST103656,35.0,Female,2023-07-01,Two year,Fiber optic,Credit card,30,51.99,1373.31,2,1,3,7.0,44.0,Delhi,No
CUST100226,68.0,Female,2025-05-10,One year,Fiber optic,Bank transfer,8,74.94,604.02,4,2,3,5.0,8.0,Delhi,No
CUST103349,27.0,Male,2024-08-19,Month-to-month,No internet,Electronic check,16,32.94,534.07,2,1,1,6.0,26.0,Pune,Yes
CUST101929,47.0,Female,2025-12-03,Month-to-month,DSL,Electronic check,1,52.44,55.0,4,0,1,8.0,2.0,Pune,No
CUST103098,62.0,Female,2023-05-08,One year,Fiber optic,Bank transfer,32,70.31,2255.18,6,4,1,5.0,28.0,Bengaluru,No
CUST104512,53.0,Male,2023-09-26,Month-to-month,Fiber optic,Credit card,27,112.65,2855.32,8,2,3,7.0,10.0,Bengaluru,No
CUST101404,31.0,Female,2023-11-20,Month-to-month,DSL,Credit card,25,,1189.12,3,0,0,9.0,5.0,Hyderabad,No
CUST102179,34.0,Male,2024-01-15,Month-to-month,DSL,Electronic check,24,64.81,1656.85,4,1,0,10.0,18.0,Bengaluru,No
CUST100697,26.0,Male,2022-04-05,One year,Fiber optic,Electronic check,45,93.34,3845.76,6,5,0,7.0,12.0,Mumbai,No
CUST101124,36.0,Male,2025-05-13,Two year,No internet,Bank transfer,8,57.73,437.4,5,0,3,8.0,18.0,Mumbai,No
CUST102835,37.0,Male,2024-11-22,One year,No internet,Bank transfer,13,54.93,776.95,3,2,2,7.0,16.0,Bengaluru,No
CUST102960,23.0,Female,2025-11-01,Month-to-month,Fiber optic,Electronic check,2,103.87,226.47,6,2,0,8.0,24.0,Delhi,Yes
CUST101778,25.0,Female,2024-01-10,One year,Fiber optic,Bank transfer,24,53.84,1187.02,3,1,2,5.0,11.0,Hyderabad,No
CUST102899,48.0,Male,2025-02-07,Month-to-month,No internet,Electronic check,11,40.2,407.1,3,3,3,4.0,10.0,Mumbai,Yes
CUST101037,31.0,Male,2022-07-11,One year,Fiber optic,Credit card,42,60.82,2503.73,3,2,0,6.0,17.0,Bengaluru,No
CUST104197,18.0,Female,2024-05-29,Two year,Fiber optic,Electronic check,19,45.34,1006.99,4,1,1,6.0,10.0,Delhi,No
CUST102256,,Female,2025-07-13,Month-to-month,DSL,Credit card,6,60.32,323.64,6,2,2,5.0,39.0,Chennai,Yes
CUST100313,43.0,Female,2023-04-25,Two year,Fiber optic,Credit card,32,85.98,2627.25,5,0,0,9.0,16.0,Hyderabad,No
CUST102281,38.0,Male,2025-05-01,Month-to-month,No internet,Electronic check,8,53.62,441.89,4,0,2,7.0,10.0,Pune,No
CUST101416,65.0,Female,2025-08-06,Month-to-month,Fiber optic,Bank transfer,5,80.83,409.87,5,1,1,8.0,10.0,Bengaluru,No
CUST101036,50.0,Male,2025-06-11,Month-to-month,Fiber optic,Credit card,7,67.22,449.6,4,3,0,8.0,30.0,Hyderabad,No
CUST102159,29.0,Female,2024-08-16,One year,DSL,Credit card,17,32.29,528.19,2,1,1,7.0,14.0,Hyderabad,No
CUST104456,31.0,,2025-12-02,One year,DSL,Credit card,1,76.39,69.84,7,0,0,9.0,10.0,Pune,No
CUST101754,51.0,Male,2021-01-02,Month-to-month,DSL,Electronic check,60,42.87,2527.34,2,3,0,7.0,20.0,Hyderabad,No
CUST103411,18.0,Male,2023-04-27,Month-to-month,Fiber optic,Bank transfer,32,66.69,2074.8,4,2,0,8.0,12.0,Mumbai,No
CUST104172,39.0,Male,2021-01-18,One year,No internet,Credit card,59,79.94,4459.21,6,1,1,6.0,12.0,Mumbai,No
CUST103617,30.0,Female,2025-02-09,Month-to-month,Fiber optic,Electronic check,11,53.83,609.3,3,3,0,7.0,17.0,Mumbai,No
CUST103252,21.0,Male,2021-10-12,One year,Fiber optic,Mailed check,51,81.15,4057.8,6,0,1,7.0,26.0,Bengaluru,No
CUST104223,24.0,Female,2021-11-06,One year,DSL,Credit card,50,60.27,2724.88,5,0,1,7.0,6.0,Chennai,No
CUST103477,35.0,Male,2023-08-16,Month-to-month,No internet,Credit card,29,55.68,1606.18,4,0,3,6.0,58.0,Chennai,Yes
CUST101506,18.0,Female,2024-01-23,One year,Fiber optic,Electronic check,23,,1458.45,4,3,0,6.0,11.0,Mumbai,Yes
CUST101923,52.0,Female,2021-12-15,Month-to-month,Fiber optic,Credit card,49,55.81,2627.52,1,3,1,6.0,20.0,Chennai,No
CUST100448,51.0,Female,2025-10-14,One year,Fiber optic,Credit card,3,75.02,195.35,5,3,1,6.0,37.0,Bengaluru,No
CUST103786,34.0,Female,2023-06-21,Month-to-month,No internet,Credit card,30,33.22,1042.68,2,2,0,7.0,12.0,Pune,No
CUST103063,40.0,Male,2023-10-11,Month-to-month,Fiber optic,Electronic check,27,53.4,1450.66,2,1,0,7.0,26.0,Bengaluru,No
CUST104994,43.0,Male,2022-11-17,One year,DSL,,37,37.41,1148.03,2,0,0,10.0,19.0,Delhi,No
CUST103934,43.0,Female,2021-07-18,Month-to-month,DSL,Credit card,53,30.2,1761.81,2,4,1,6.0,20.0,Hyderabad,No
CUST100361,43.0,Male,2023-10-29,One year,No internet,Bank transfer,26,89.48,2178.05,7,0,0,7.0,21.0,Mumbai,No
CUST102183,26.0,Female,2022-07-17,One year,Fiber optic,Electronic check,42,53.88,2346.22,3,2,0,7.0,11.0,Delhi,No
CUST101134,36.0,Female,2024-06-16,Two year,DSL,Bank transfer,19,52.71,1046.37,4,1,0,7.0,10.0,Delhi,No
CUST103932,42.0,Female,2024-06-18,Two year,Fiber optic,Credit card,18,,637.33,1,1,1,8.0,6.0,Bengaluru,No
CUST102155,45.0,Male,2021-10-26,One year,Fiber optic,Electronic check,50,84.99,4910.29,5,1,3,5.0,15.0,Pune,No
CUST101830,47.0,Female,2022-12-13,Two year,Fiber optic,Bank transfer,37,63.87,2442.31,3,2,1,5.0,,Chennai,No
CUST101053,67.0,Male,2025-01-09,One year,No internet,Credit card,12,59.96,764.47,4,4,0,6.0,37.0,Bengaluru,No
CUST102460,23.0,Female,2023-11-24,Month-to-month,DSL,Electronic check,25,30.41,689.76,1,2,0,7.0,5.0,Pune,No
CUST100022,53.0,Female,2023-06-02,Month-to-month,No internet,Mailed check,31,48.18,1335.34,4,1,2,5.0,21.0,Hyderabad,No
CUST102066,50.0,Male,2025-01-13,One year,Fiber optic,Electronic check,12,63.14,810.42,4,1,0,8.0,14.0,Mumbai,No
CUST101653,33.0,Female,2025-01-14,Month-to-month,Fiber optic,Credit card,12,63.74,739.13,3,2,2,8.0,18.0,Pune,No
CUST103678,30.0,Male,2021-03-22,Month-to-month,Fiber optic,Electronic check,57,95.26,6043.59,7,3,2,6.0,14.0,Bengaluru,No
CUST104849,38.0,Female,2024-09-26,Two year,Fiber optic,Electronic check,15,78.72,1105.54,4,2,0,6.0,35.0,Delhi,Yes
CUST102837,41.0,Male,2024-12-24,Month-to-month,DSL,Credit card,12,36.3,430.57,3,1,0,10.0,12.0,Delhi,No
CUST104089,47.0,Female,2021-05-26,Month-to-month,DSL,Electronic check,55,56.94,3076.56,4,1,2,7.0,25.0,Bengaluru,No
CUST102468,46.0,Male,2024-08-15,Month-to-month,Fiber optic,Electronic check,17,47.53,862.77,3,2,1,6.0,18.0,Delhi,No
CUST102325,44.0,Female,2021-05-19,Month-to-month,DSL,Electronic check,55,37.71,2353.14,2,1,5,7.0,6.0,Chennai,No
CUST100460,42.0,Male,2022-11-06,Month-to-month,DSL,Credit card,38,52.38,1933.16,4,1,0,9.0,36.0,Chennai,No
CUST101067,43.0,Female,2022-08-28,Month-to-month,DSL,Mailed check,40,56.54,1999.47,6,4,0,7.0,21.0,Bengaluru,No
CUST100087,38.0,Male,2021-07-13,Month-to-month,DSL,Electronic check,54,39.82,2114.53,4,2,0,8.0,17.0,Chennai,No
CUST101430,35.0,Male,2025-08-30,Two year,Fiber optic,Mailed check,4,52.61,210.0,2,2,3,8.0,13.0,Mumbai,No
CUST102685,40.0,Female,2022-06-06,Month-to-month,Fiber optic,Bank transfer,43,70.67,3411.54,3,2,2,6.0,30.0,Hyderabad,No
CUST100282,49.0,Male,2021-07-28,Two year,Fiber optic,Bank transfer,53,70.25,3824.72,3,3,0,6.0,7.0,Pune,No
CUST102483,38.0,Female,2025-05-08,Month-to-month,DSL,Credit card,8,53.15,438.13,3,5,2,6.0,19.0,Pune,Yes
CUST100462,19.0,Female,2022-04-13,One year,DSL,Electronic check,45,56.14,2460.41,5,1,1,5.0,7.0,,No
CUST100212,38.0,Male,2023-12-30,Month-to-month,Fiber optic,Credit card,24,87.5,2029.22,6,0,2,8.0,21.0,Bengaluru,No
CUST102533,40.0,Male,2024-06-25,One year,DSL,Bank transfer,18,46.15,844.37,4,2,1,6.0,20.0,Delhi,No
CUST101368,53.0,Female,2023-08-08,Month-to-month,Fiber optic,Bank transfer,29,58.66,1800.59,3,1,4,8.0,3.0,Bengaluru,No
CUST100234,29.0,Female,2023-07-17,One year,Fiber optic,Credit card,30,85.97,2808.55,5,2,2,7.0,4.0,Delhi,No
CUST102809,21.0,Male,2024-11-26,One year,Fiber optic,Credit card,13,53.13,673.84,2,1,1,9.0,15.0,Hyderabad,No
CUST100597,48.0,Male,2024-07-29,One year,Fiber optic,Mailed check,17,62.85,1160.26,2,1,0,8.0,4.0,Bengaluru,No
CUST104443,26.0,Female,2021-07-03,Two year,DSL,Mailed check,54,39.45,1920.2,2,1,2,7.0,33.0,Delhi,No
CUST102250,26.0,Female,2025-08-12,Two year,DSL,Bank transfer,5,63.2,322.3,5,1,1,7.0,7.0,Chennai,No
CUST104084,50.0,Female,2024-12-03,Month-to-month,Fiber optic,Mailed check,13,45.0,575.05,3,2,1,7.0,30.0,Hyderabad,Yes
CUST102283,41.0,Female,2023-09-06,Month-to-month,DSL,Electronic check,28,64.35,1799.37,5,1,2,7.0,7.0,Delhi,No
CUST100662,27.0,Female,2022-08-06,Month-to-month,Fiber optic,Bank transfer,41,73.9,2689.96,4,2,1,10.0,21.0,,No
CUST104988,32.0,Male,2025-09-24,Month-to-month,Fiber optic,Electronic check,3,79.73,210.13,5,0,4,5.0,13.0,Bengaluru,Yes
CUST102285,42.0,Female,2022-06-01,One year,DSL, electronic check ,43,18.0,744.82,2,1,0,6.0,18.0,Bengaluru,No
CUST104740,35.0,Male,2025-10-30,Month-to-month,No internet,Electronic check,2,47.45,92.77,3,1,3,6.0,13.0,Chennai,No
CUST103295,45.0,Female,2021-01-22,One year,DSL,Credit card,59,18.0,990.09,1,1,0,9.0,17.0,Bengaluru,No
CUST104715,58.0,Male,2025-10-05,Two year,Fiber optic,Credit card,3,58.08,194.79,3,1,0,9.0,17.0,Bengaluru,No
CUST103478,52.0,Male,2023-04-03,Two year,DSL,Electronic check,33,40.46,1163.25,2,1,2,6.0,12.0,Bengaluru,No
CUST100779,,Female,2023-09-16,Month-to-month,DSL,Electronic check,28,37.56,1221.52,2,1,2,5.0,42.0,Pune,No
CUST103422,51.0,Female,2025-05-03,Month-to-month,Fiber optic,Mailed check,8,102.5,970.4,8,3,2,6.0,,Hyderabad,No
CUST103885,39.0,Male,2024-11-30,Month-to-month,Fiber optic,Bank transfer,13,65.86,820.86,4,1,0,8.0,10.0,Hyderabad,No
CUST103576,42.0,Male,2021-01-01,Month-to-month,DSL,Electronic check,60,75.18,4673.51,5,2,3,6.0,11.0,Chennai,No
CUST103710,44.0,Female,2021-11-19,One year,Fiber optic,Mailed check,49,78.62,4123.74,7,1,1,9.0,15.0,Pune,No
CUST104946,55.0,Female,2025-04-14,Month-to-month,Fiber optic,Electronic check,9,81.01,765.44,4,1,1,8.0,19.0,Delhi,No
CUST100685,32.0,Female,2024-06-23,Two year,DSL,Credit card,18,54.26,918.52,3,3,2,5.0,23.0,Delhi,Yes
CUST103213,26.0,Male,2024-05-31,Month-to-month,Fiber optic,Bank transfer,19,113.17,2319.14,8,1,2,7.0,29.0,Hyderabad,No
CUST104574,51.0,Male,2025-09-14,Two year,No internet,Mailed check,4,82.01,329.05,6,1,2,9.0,40.0,Hyderabad,No
CUST103480,32.0,Male,2025-11-03,Month-to-month,Fiber optic,Mailed check,2,68.09,146.02,6,2,1,5.0,29.0,Mumbai,Yes
CUST102171,25.0,Female,2023-07-05,Two year,No internet,Mailed check,30,64.17,1763.74,6,1,2,5.0,19.0,Delhi,No
CUST102705,36.0,Female,2021-05-28,Month-to-month,Fiber optic,Electronic check,55,45.01,2448.2,3,4,5,3.0,27.0,Hyderabad,No
CUST101850,30.0,Male,2024-10-20,Month-to-month,DSL,Bank transfer,14,71.68,951.8,7,1,1,7.0,15.0,Hyderabad,No
CUST100487,43.0,Male,2021-05-19,One year,DSL,Electronic check,55,53.1,3196.77,3,2,0,8.0,27.0,Chennai,No
CUST101688,36.0,Female,2024-06-08,Month-to-month,DSL, electronic check ,19,58.52,1063.29,4,2,3,7.0,28.0,Mumbai,Yes
CUST102230,44.0,Male,2025-07-02,One year,No internet,Credit card,6,70.96,378.69,5,4,2,5.0,40.0,Hyderabad,No
CUST103309,33.0,Male,2021-02-15,One year,DSL,Electronic check,59,61.36,3439.31,6,1,2,6.0,14.0,Chennai,No
CUST102320,43.0,Female,2022-03-29,Two year,DSL,Credit card,45,51.52,2379.16,3,2,0,8.0,19.0,Hyderabad,No
CUST100782,60.0,Female,2022-02-01,One year,Fiber optic,Mailed check,47,58.43,2608.79,4,0,1,8.0,21.0,Chennai,No
CUST100521,27.0,Female,2024-01-11,Month-to-month,No internet,Credit card,24,54.31,1297.48,5,2,1,8.0,21.0,Pune,No
CUST100522,54.0,Male,2024-12-28,One year,Fiber optic,Credit card,12,65.09,693.05,5,0,0,8.0,15.0,Hyderabad,No
CUST104710,43.0,Male,2022-11-15,Month-to-month,Fiber optic,Credit card,38,73.71,2436.85,4,2,0,8.0,13.0,Hyderabad,Yes
CUST104005,34.0,Male,2025-09-02,Month-to-month,Fiber optic,Electronic check,4,48.69,183.88,2,0,0,10.0,16.0,Delhi,No
CUST102398,30.0,Male,2024-03-06,Month-to-month,DSL,Bank transfer,22,79.65,1578.25,7,1,0,5.0,35.0,Chennai,No
CUST102207,43.0,Male,2021-06-23,Month-to-month,Fiber optic,Electronic check,54,64.79,3602.76,3,2,1,7.0,28.0,Bengaluru,No
CUST103525,57.0,Female,2025-09-05,Month-to-month,Fiber optic,Electronic check,4,44.2,161.16,2,2,1,6.0,18.0,Hyderabad,Yes
CUST104105,47.0,Female,2023-09-26,Two year,DSL,Credit card,27,72.95,2044.27,7,1,0,6.0,22.0,Bengaluru,No
CUST103787,39.0,Male,2022-12-06,One year,Fiber optic,Bank transfer,37,44.87,1594.84,1,2,2,6.0,44.0,Bengaluru,No
CUST104587,56.0,Female,2024-02-09,Two year,Fiber optic,Bank transfer,23,82.0,1793.99,6,1,4,6.0,15.0,Hyderabad,No
CUST101511,45.0,Female,2022-02-23,Two year,DSL,Mailed check,46,54.03,2471.96,3,0,5,6.0,14.0,Pune,No
CUST101882,33.0,Female,2021-08-01,Two year,No internet,Mailed check,53,70.43,4363.84,6,2,0,10.0,7.0,Chennai,No
CUST100651,36.0,Male,2025-03-07,Two year,Fiber optic,Bank transfer,10,63.09,649.45,4,0,1,6.0,7.0,Delhi,No
CUST102826,60.0,Male,2021-04-06,Month-to-month,Fiber optic,Credit card,57,72.59,3561.56,4,1,0,7.0,31.0,Delhi,No
CUST103132,39.0,Female,2022-10-31,Month-to-month,DSL,Credit card,38,46.38,1857.93,2,2,0,6.0,26.0,Chennai,No
CUST100369,48.0,Male,2023-12-26,Month-to-month,Fiber optic,Credit card,24,62.52,1523.18,4,1,2,8.0,9.0,Mumbai,No
CUST102677,44.0,Male,2021-01-10,Month-to-month,No internet,Electronic check,60,37.31,2001.09,3,3,3,5.0,14.0,Delhi,No
CUST100118,57.0,Female,2023-12-01,One year,DSL,Electronic check,25,25.03,636.18,2,3,3,7.0,19.0,Delhi,No
CUST103366,38.0,Male,2023-09-19,One year,Fiber optic,Mailed check,27,63.79,1900.62,2,2,1,9.0,21.0,Mumbai,No
CUST103076,38.0,,2022-12-13,Month-to-month,Fiber optic,Bank transfer,37,95.11,3542.76,6,1,2,8.0,27.0,Chennai,No
CUST102216,38.0,Male,2023-03-25,Month-to-month,Fiber optic,Bank transfer,33,,2048.68,4,1,1,7.0,30.0,Bengaluru,No
CUST104205,35.0,Female,2024-07-24,One year,Fiber optic,Bank transfer,17,70.21,1182.06,4,0,1,8.0,13.0,Chennai,No
CUST101613,39.0,Male,2025-07-13,Month-to-month,No internet,Electronic check,6,36.71,210.43,3,1,3,6.0,20.0,Mumbai,No
CUST102954,18.0,Male,2024-09-09,Month-to-month,Fiber optic,Electronic check,16,53.73,777.88,1,0,1,10.0,1.0,Mumbai,No
CUST100962,26.0,Male,2022-08-18,One year,No internet,Credit card,40,52.31,2018.96,5,1,1,6.0,7.0,Mumbai,Yes
CUST102510,31.0,Female,2021-08-05,Month-to-month,DSL,Mailed check,53,46.66,2531.65,3,1,1,8.0,18.0,Delhi,No
CUST103595,68.0,Male,2025-11-05,One year,Fiber optic,Credit card,2,65.64,155.9,1,2,2,9.0,25.0,Chennai,Yes
CUST102984,22.0,Male,2025-02-11,Month-to-month,DSL,Credit card,11,83.89,941.65,7,3,0,6.0,28.0,Mumbai,Yes
CUST103491,27.0,Female,2022-09-25,One year,Fiber optic,Mailed check,39,65.66,2764.59,2,2,1,7.0,41.0,Chennai,No
CUST103074,53.0,Female,2024-04-09,One year,DSL,Electronic check,21,43.12,857.33,3,0,2,8.0,27.0,Delhi,No
CUST102415,54.0,Male,2025-02-02,Two year,Fiber optic,Credit card,11,72.71,857.96,4,1,0,8.0,4.0,Delhi,No
CUST104678,27.0,MALE,2021-06-15,Month-to-month,Fiber optic,Bank transfer,55,69.76,3956.56,3,2,1,7.0,10.0,Bengaluru,No
CUST104259,34.0,Male,2021-06-03,Month-to-month,DSL,Electronic check,55,55.94,2895.82,6,2,0,8.0,20.0,Chennai,No
CUST102185,38.0,Male,2021-05-24,Month-to-month,Fiber optic,Credit card,55,93.45,5224.68,6,3,3,6.0,7.0,Mumbai,No
CUST104003,65.0,Female,2021-12-25,Month-to-month,No internet,Electronic check,48,63.93,3368.72,6,1,0,,13.0,Pune,No
CUST102037,50.0,Male,2021-11-03,Month-to-month,Fiber optic,Electronic check,50,38.82,2017.92,2,2,1,7.0,11.0,Pune,No
CUST104284,33.0,Female,2022-12-11,Month-to-month,Fiber optic,Bank transfer,37,90.84,3385.54,5,1,3,6.0,21.0,Pune,No
CUST100772,41.0,Female,2025-07-06,Month-to-month,No internet,Electronic check,6,65.28,407.64,5,0,1,6.0,9.0,Chennai,No
CUST101284,39.0,Female,2025-07-07,Two year,DSL,Electronic check,6,43.19,237.51,2,2,2,6.0,13.0,Mumbai,No
CUST104627,47.0,Female,2024-07-10,Month-to-month,No internet,Electronic check,18,40.48,783.16,5,0,1,9.0,24.0,Bengaluru,No
CUST104760,40.0,Male,2023-01-17,Month-to-month,Fiber optic,Bank transfer,35,91.35,2974.71,4,4,2,5.0,15.0,Hyderabad,No
CUST104599,61.0,Female,2022-06-16,One year,Fiber optic,Electronic check,43,82.59,3722.68,5,1,5,6.0,10.0,Pune,No
CUST101414,54.0,Male,2025-07-30,One year,DSL,Electronic check,5,59.72,308.96,7,4,3,6.0,35.0,Pune,No
CUST101234,42.0,Male,2021-02-22,One year,DSL,Credit card,58,63.31,3521.4,5,0,2,6.0,22.0,Hyderabad,No
CUST103607,56.0,Male,2021-12-10,Month-to-month,Fiber optic,Electronic check,49,78.89,3870.95,5,0,1,8.0,11.0,Hyderabad,No
CUST100435,31.0,Male,2022-07-13,Month-to-month,Fiber optic,Credit card,42,66.26,2681.02,3,2,2,7.0,8.0,Mumbai,No
CUST101674,35.0,Female,2021-11-20,Two year,Fiber optic,Credit card,49,71.18,3919.91,6,0,3,7.0,12.0,Pune,No
CUST100365,56.0,Female,2023-09-16,Two year,Fiber optic,Electronic check,28,100.29,3122.66,5,3,2,7.0,20.0,Pune,No
CUST102687,35.0,Female,2025-04-22,One year,No internet,Bank transfer,8,56.88,460.12,5,1,2,5.0,47.0,Delhi,Yes
CUST100231,31.0,Female,2025-01-17,Month-to-month,Fiber optic,Credit card,11,56.57,597.64,3,3,0,7.0,27.0,Bengaluru,No
CUST104290,33.0,Male,2021-11-26,Month-to-month,DSL,Mailed check,49,38.08,2020.71,3,2,2,5.0,26.0,Chennai,No
CUST104094,45.0,Female,2024-02-05,Month-to-month,Fiber optic,Electronic check,23,81.97,1848.13,4,6,1,5.0,28.0,Chennai,No
CUST104422,21.0,Female,2022-09-28,Month-to-month,Fiber optic,Credit card,39,58.05,2078.75,3,1,3,6.0,18.0,Mumbai,No
CUST100407,48.0,Female,2022-01-28,Month-to-month,DSL,Credit card,47,36.15,1590.29,4,2,2,6.0,28.0,Chennai,No
CUST102090,40.0,Female,2025-02-02,One year,Fiber optic,Mailed check,11,53.13,606.03,1,0,1,7.0,2.0,Hyderabad,No
CUST100086,32.0,Female,2021-01-02,Month-to-month,Fiber optic,Electronic check,60,85.01,4572.09,3,1,3,5.0,7.0,Bengaluru,No
CUST100844,40.0,Male,2025-07-28,Month-to-month,DSL,Bank transfer,5,25.51,134.63,2,2,3,7.0,28.0,Pune,No
CUST101031,40.0,Male,2025-10-11,Month-to-month,DSL,Bank transfer,3,58.24,159.89,2,0,0,7.0,5.0,Delhi,Yes
CUST102669,30.0,Female,2021-02-08,One year,DSL,Credit card,59,59.89,3279.99,6,3,2,8.0,10.0,Bengaluru,No
CUST104816,61.0,Male,2024-07-17,Month-to-month,Fiber optic,Credit card,18,76.51,1147.27,4,2,2,7.0,11.0,Pune,No
CUST102763,49.0,Male,2023-04-27,Month-to-month,DSL,Bank transfer,32,51.22,1628.58,5,2,0,,10.0,Hyderabad,No
CUST103274,18.0,Female,2022-05-15,One year,DSL,Mailed check,44,61.41,2615.71,6,1,0,9.0,17.0,Bengaluru,No
CUST102696,44.0,Female,2022-07-15,Month-to-month,DSL,Electronic check,42,63.12,2576.95,5,1,2,7.0,26.0,Delhi,Yes
CUST100855,38.0,Female,2023-09-29,Month-to-month,No internet,Electronic check,27,38.04,918.11,4,3,1,8.0,23.0,Mumbai,No
CUST100078,46.0,Female,2021-09-04,Month-to-month,Fiber optic,Mailed check,52,60.0,3122.73,2,3,2,5.0,23.0,Hyderabad,No
CUST102247,29.0,,2025-01-19,Month-to-month,No internet,Electronic check,11,45.49,445.68,2,1,1,9.0,12.0,Delhi,No
CUST104593,34.0,Male,2021-01-05,Month-to-month,Fiber optic,Bank transfer,60,78.27,4691.9,5,2,3,6.0,8.0,Bengaluru,No
CUST103706,36.0,Female,2021-05-25,One year,DSL,Credit card,55,81.47,4376.64,8,2,0,10.0,19.0,Mumbai,No
CUST103887,33.0,Female,2022-08-09,Month-to-month,DSL,Credit card,41,55.85,2385.36,4,2,0,6.0,4.0,Bengaluru,No
CUST104704,47.0, female ,2024-11-15,Month-to-month,No internet,Credit card,14,61.14,934.27,4,2,1,6.0,17.0,Bengaluru,Yes
CUST102279,18.0,Female,2023-10-07,Two year,Fiber optic,Electronic check,27,60.55,1665.84,5,1,0,7.0,16.0,Hyderabad,No
CUST103319,47.0,Female,2021-03-22,Month-to-month,DSL,Credit card,57,39.74,2538.65,2,2,1,9.0,13.0,Chennai,No
CUST104181,39.0,Male,2021-04-10,Month-to-month,DSL,Electronic check,57,66.5,3629.02,4,1,2,8.0,28.0,Pune,No
CUST103922,25.0,,2022-01-17,Two year,Fiber optic,Electronic check,47,55.49,2968.58,3,1,2,7.0,13.0,Delhi,No
CUST104855,53.0,Female,2021-05-27,One year,DSL,Electronic check,55,24.53,1451.57,3,1,0,7.0,24.0,Mumbai,No
CUST102176,44.0,Male,2025-10-16,Month-to-month,Fiber optic,Credit card,3,64.08,193.99,4,1,1,10.0,6.0,Pune,No
CUST100424,27.0,Male,2023-12-25,One year,Fiber optic,Mailed check,24,84.72,2012.9,5,1,1,7.0,4.0,Hyderabad,No
CUST100392,32.0,Male,2021-09-01,Month-to-month,Fiber optic,Bank transfer,52,104.64,4878.31,7,0,2,9.0,8.0,Bengaluru,No
CUST104750,48.0,Female,2021-04-23,Month-to-month,Fiber optic,Electronic check,56,53.96,2950.23,3,2,0,8.0,13.0,Mumbai,No
CUST104966,33.0,Female,2021-01-12,Month-to-month,DSL,,60,51.62,3141.05,6,2,2,4.0,9.0,Delhi,No
CUST100104,27.0, female ,2025-10-04,Month-to-month,DSL,Credit card,3,51.32,148.73,4,5,0,,22.0,Hyderabad,No
CUST103013,39.0,Male,2025-10-28,One year,Fiber optic,Bank transfer,2,85.51,176.63,5,4,2,7.0,18.0,Pune,No
CUST104461,37.0,Male,2023-06-25,Month-to-month,DSL,Electronic check,30,35.28,1141.93,2,0,5,7.0,1.0,Bengaluru,No
CUST103179,43.0,Female,2024-01-11,One year,Fiber optic,,24,48.99,1082.91,3,1,1,6.0,12.0,Pune,No
CUST104630,18.0,Female,2025-09-04,Two year,DSL,Bank transfer,4,41.32,184.32,2,2,1,8.0,19.0,Hyderabad,No
CUST101948,28.0,Female,2025-07-22,Two year,No internet,Bank transfer,5,48.31,278.47,3,4,1,6.0,14.0,Pune,Yes
CUST101459,42.0,Female,2023-03-26,Month-to-month,DSL,Credit card,33,21.48,689.79,2,1,1,8.0,,Delhi,No
CUST104948,38.0,Male,2024-09-13,One year,Fiber optic,Electronic check,16,66.94,1107.45,3,0,0,10.0,23.0,Bengaluru,No
CUST102843,47.0,Male,2023-02-10,One year,Fiber optic,Electronic check,35,68.23,2596.9,3,0,0,8.0,20.0,Chennai,No
CUST104645,28.0,Male,2022-02-11,Month-to-month,DSL,Electronic check,47,29.27,1260.68,2,2,3,5.0,13.0,Bengaluru,No
CUST104813,38.0,Female,2021-01-21,Month-to-month,Fiber optic,Credit card,59,88.1,5203.32,3,3,2,5.0,25.0,Pune,No
CUST101587,49.0,Female,2025-08-05,Month-to-month,Fiber optic,Electronic check,5,66.73,353.87,4,0,1,9.0,4.0,Chennai,No
CUST104498,41.0,Female,2022-04-14,One year,DSL,Bank transfer,45,64.12,2700.05,5,0,2,9.0,38.0,Mumbai,No
CUST101731,38.0,Female,2021-08-01,One year,DSL,Credit card,53,31.24,1614.68,2,5,1,3.0,9.0,Chennai,No
CUST104788,62.0,Female,2023-05-21,One year,Fiber optic,Mailed check,31,77.1,2545.67,5,3,1,7.0,20.0,Mumbai,No
CUST104870,24.0,Male,2025-07-23,One year,Fiber optic,Electronic check,5,72.47,402.29,3,1,2,7.0,34.0,Delhi,Yes
CUST103731,46.0,Male,2021-07-14,Month-to-month,DSL,Electronic check,54,59.9,3365.81,4,1,1,6.0,5.0,Delhi,No
CUST101791,38.0,Female,2023-07-20,Month-to-month,Fiber optic,Bank transfer,29,95.22,-500.0,6,1,3,6.0,24.0,Chennai,No
CUST102355,18.0,Male,2024-08-15,Month-to-month,DSL,Credit card,17,60.49,1152.94,7,2,1,6.0,11.0,Chennai,Yes
CUST101940,23.0,Male,2025-05-03,Two year,DSL,Electronic check,8,53.58,465.4,5,4,3,3.0,14.0,Pune,Yes
CUST100702,26.0,Male,2021-01-22,Two year,Fiber optic,Credit card,59,77.32,4125.78,6,1,2,7.0,24.0,Pune,No
CUST102442,26.0,Male,2021-03-25,Month-to-month,Fiber optic,Electronic check,57,67.22,3998.2,5,2,2,7.0,12.0,Mumbai,No
CUST103858,33.0,Female,2022-11-16,Month-to-month,Fiber optic,Mailed check,38,59.06,2222.66,3,1,2,8.0,18.0,Chennai,No
CUST100496,18.0,Female,2021-04-15,Two year,Fiber optic,Electronic check,57,65.37,3944.6,3,3,2,8.0,18.0,Hyderabad,No
CUST100464,25.0,Female,2025-03-31,One year,Fiber optic,Credit card,9,60.44,526.93,3,1,4,5.0,6.0,Chennai,Yes
CUST103548,29.0,Female,2024-05-23,Two year,DSL,Bank transfer,19,62.51,1290.51,3,1,1,8.0,13.0,Hyderabad,Yes
CUST104356,48.0,Female,2023-03-22,One year,Fiber optic,Credit card,33,45.06,1502.05,3,1,4,7.0,14.0,Chennai,No
CUST100172,33.0,Female,2023-01-30,Month-to-month,Fiber optic,Credit card,35,76.67,2757.2,4,4,3,5.0,22.0,Mumbai,Yes
CUST103116,30.0,Female,2025-01-30,Two year,Fiber optic,Credit card,11,69.57,850.4,4,2,3,6.0,26.0,Hyderabad,No
CUST104820,32.0,Male,2023-10-25,Month-to-month,No internet,Credit card,26,54.82,1310.58,5,3,0,5.0,19.0,Chennai,Yes
CUST102540,44.0,Female,2023-01-19,Month-to-month,Fiber optic,Bank transfer,35,70.01,2647.47,5,0,0,8.0,6.0,Chennai,No
CUST103307,46.0,Female,2022-02-12,Month-to-month,Fiber optic,Electronic check,47,73.92,3296.62,4,2,1,6.0,20.0,Mumbai,No
CUST102991,58.0,Female,2022-08-30,Month-to-month,Fiber optic,Bank transfer,40,64.47,2337.81,5,3,3,5.0,21.0,Mumbai,No
CUST102260,18.0,Male,2021-06-10,One year,Fiber optic,Mailed check,55,98.89,6210.14,7,0,2,6.0,21.0,Bengaluru,No
CUST102112,49.0,Male,2025-02-04,One year,No internet,Credit card,11,37.53,380.14,2,0,1,9.0,11.0,Delhi,No
CUST100900,43.0,Female,2023-07-13,Two year,Fiber optic,Credit card,30,66.58,1990.84,4,2,0,7.0,30.0,Pune,No
CUST101446,66.0,Male,2021-01-20,One year,DSL,Electronic check,59,40.49,2588.19,2,3,2,6.0,15.0,Delhi,No
CUST103623,51.0,Female,2021-09-09,Month-to-month,DSL,Credit card,52,39.57,2373.94,3,2,1,6.0,59.0,Bengaluru,Yes
CUST100741,52.0,Female,2023-03-22,Month-to-month,Fiber optic,Bank transfer,33,96.84,3818.99,6,1,0,8.0,59.0,Pune,No
CUST102293,33.0,Female,2024-05-15,Month-to-month,Fiber optic,Electronic check,20,80.0,1685.53,3,1,1,8.0,9.0,Pune,No
CUST102452,44.0,Male,2021-10-01,One year,Fiber optic,Credit card,51,53.06,2715.77,3,3,0,9.0,12.0,Mumbai,No
CUST104302,29.0,Male,2025-07-17,One year,No internet,Bank transfer,6,53.84,330.75,1,1,7,5.0,26.0,Bengaluru,No
CUST104109,38.0,Male,2022-08-22,Month-to-month,DSL,Credit card,40,51.64,2207.05,4,3,0,7.0,11.0,Bengaluru,No
CUST101206,29.0,Female,2023-03-05,One year,Fiber optic,Credit card,34,58.04,2044.16,3,2,2,7.0,52.0,Mumbai,No
CUST100509,44.0,Male,2024-10-28,One year,DSL,Bank transfer,14,33.46,461.86,1,2,1,7.0,25.0,Chennai,No
CUST104176,43.0,Female,2022-11-26,Month-to-month,DSL,Electronic check,37,38.23,1321.37,4,2,1,5.0,30.0,Bengaluru,Yes
CUST102658,36.0,Female,2022-09-07,Two year,DSL,Bank transfer,40,53.83,2008.31,3,0,2,8.0,4.0,Hyderabad,No
CUST102842,45.0,Female,2022-08-26,Month-to-month,Fiber optic,Mailed check,40,72.84,3040.11,3,1,1,7.0,11.0,Mumbai,No
CUST103774,51.0,Male,2021-05-29,Month-to-month,Fiber optic,Credit card,55,66.97,4183.61,5,3,0,7.0,16.0,Delhi,No
CUST101549,43.0,Male,2025-09-28,Two year,DSL,Credit card,3,47.31,160.69,3,2,3,6.0,9.0,Pune,No
CUST103312,36.0,Female,2024-06-11,Two year,No internet,Credit card,19,56.21,1084.66,4,0,2,7.0,37.0,Bengaluru,No
CUST102202,39.0,Female,2025-02-12,Two year,DSL,Electronic check,11,53.3,596.24,3,5,1,7.0,25.0,Pune,Yes
CUST102566,40.0,Female,2025-08-15,One year,Fiber optic,Credit card,5,66.06,349.67,4,0,1,7.0,12.0,Mumbai,No
CUST103573,37.0,Female,2025-01-03,Month-to-month,Fiber optic,Bank transfer,12,75.72,902.62,6,3,0,6.0,16.0,Mumbai,No
CUST102044,21.0,Male,2021-06-12,Month-to-month,Fiber optic,Electronic check,55,103.17,6784.6,6,4,2,5.0,34.0,Chennai,Yes
CUST100767,31.0,Female,2024-10-27,Month-to-month,DSL,Credit card,14,34.69,444.76,2,4,0,6.0,13.0,Mumbai,No
CUST104897,53.0,Male,2023-04-15,Month-to-month,Fiber optic,Mailed check,33,66.82,2259.81,4,0,1,8.0,36.0,Chennai,No
CUST103788,59.0,Male,2023-03-24,Month-to-month,Fiber optic,Bank transfer,33,77.26,2699.32,2,3,3,,16.0,Pune,No
CUST100421,28.0,Female,2025-03-02,Month-to-month,DSL,Electronic check,10,76.41,747.89,6,2,1,7.0,7.0,Chennai,No
CUST100123,54.0,Male,2022-01-18,Two year,Fiber optic,Mailed check,47,62.67,3111.92,5,2,2,4.0,26.0,Delhi,No
CUST104184,38.0,Male,2025-07-31,Two year,DSL,Electronic check,5,18.83,94.27,2,1,0,7.0,7.0,Pune,No
CUST103231,56.0,Female,2025-01-20,One year,DSL,Bank transfer,11,71.27,600.28,6,1,1,9.0,16.0,Pune,No
CUST100819,24.0,Female,2024-06-06,One year,No internet,Electronic check,19,48.49,903.16,3,4,0,8.0,40.0,Pune,Yes
CUST101403,32.0,Male,2021-11-26,One year,DSL,Credit card,49,63.59,2718.45,4,0,0,7.0,31.0,Delhi,No
CUST101382,34.0, female ,2024-07-27,Month-to-month,Fiber optic,Electronic check,17,40.4,618.81,2,2,2,6.0,10.0,Mumbai,No
CUST102148,34.0,Male,2021-10-05,Month-to-month,Fiber optic,Electronic check,51,64.07,3199.09,2,1,0,9.0,8.0,Mumbai,No
CUST101575,23.0,Male,2024-12-28,Month-to-month,Fiber optic,Mailed check,12,51.73,621.35,3,1,1,7.0,11.0,Hyderabad,No
CUST101638,38.0,Male,2021-07-04,Two year,Fiber optic,Electronic check,54,70.12,3802.99,5,2,1,5.0,10.0,Hyderabad,No
CUST101795,34.0,Male,2021-09-03,Two year,Fiber optic,Mailed check,52,73.49,3970.31,4,1,2,9.0,21.0,Chennai,No
CUST104839,43.0,Male,2022-08-04,One year,DSL,Credit card,41,42.96,1683.79,3,3,2,7.0,12.0,Chennai,No
CUST100399,30.0,Male,2024-12-24,Two year,No internet,Bank transfer,12,55.96,599.22,5,8,0,6.0,38.0,Hyderabad,No
CUST102310,48.0,Female,2024-11-09,Month-to-month,DSL,Credit card,14,33.68,458.24,2,2,0,7.0,19.0,Delhi,Yes
CUST100882,25.0,Male,2022-02-13,Month-to-month,Fiber optic,Credit card,47,72.64,3668.69,4,0,1,9.0,6.0,Mumbai,No
CUST104998,39.0,Male,2023-12-30,Month-to-month,DSL,Credit card,24,45.47,1225.46,4,1,1,8.0,21.0,Bengaluru,No
CUST103151,27.0,Female,2024-08-10,One year,DSL,Electronic check,17,39.6,629.21,3,2,0,6.0,25.0,Mumbai,No
CUST101352,22.0,Female,2021-12-15,Month-to-month,Fiber optic,Credit card,49,75.55,3632.09,4,0,3,6.0,26.0,Bengaluru,No
CUST103361,18.0,Female,2023-01-07,One year,No internet,Mailed check,36,34.97,1282.51,3,2,1,7.0,33.0,Delhi,No
CUST104573,43.0,Female,2022-01-08,Month-to-month,Fiber optic,Electronic check,48,87.95,4375.89,6,1,2,7.0,10.0,Hyderabad,No
CUST102130,39.0,Female,2022-02-06,Month-to-month,DSL,Electronic check,47,64.15,3132.86,6,3,2,5.0,21.0,Chennai,Yes
CUST100982,41.0,Female,2021-11-30,Month-to-month,DSL,Electronic check,49,47.85,2565.34,3,3,0,,20.0,Mumbai,No
CUST100456,51.0,Female,2022-07-07,One year,DSL,Mailed check,42,51.7,2161.3,5,5,2,5.0,29.0,Bengaluru,No
CUST104377,36.0,Female,2022-09-24,Month-to-month,DSL,Electronic check,39,56.21,2041.28,5,3,1,4.0,11.0,Hyderabad,No
CUST101079,55.0,Male,2021-08-26,Two year,DSL,Electronic check,52,53.33,2918.38,4,1,0,6.0,17.0,Delhi,No
CUST101950,39.0,Male,2022-06-18,Month-to-month,DSL,Electronic check,42,22.57,1035.12,2,1,1,7.0,21.0,Chennai,No
CUST104337,32.0,Female,2022-09-03,One year,Fiber optic,Bank transfer,40,84.24,3383.03,7,0,2,6.0,6.0,Pune,No
CUST100689,33.0,Female,2025-04-01,One year,Fiber optic,Electronic check,9,73.76,655.07,5,2,0,6.0,15.0,Mumbai,No
CUST102429,60.0,Female,2021-03-05,Two year,Fiber optic,Electronic check,58,58.34,4014.36,2,0,0,8.0,19.0,Delhi,No
CUST100641,46.0,Female,2022-11-17,Month-to-month,DSL,Credit card,37,35.36,1155.97,3,1,1,8.0,4.0,Pune,No
CUST102392,18.0,Female,2021-01-09,One year,DSL,Electronic check,60,56.03,3667.59,4,2,1,6.0,9.0,Hyderabad,No
CUST101953,30.0,Female,2024-04-25,Month-to-month,No internet,Electronic check,20,43.33,943.08,4,1,0,7.0,12.0,Bengaluru,Yes
CUST102787,37.0,Male,2022-04-23,Month-to-month,DSL,Bank transfer,44,39.11,1812.84,3,0,0,9.0,30.0,Chennai,No
CUST102805,39.0,Male,2021-01-29,Two year,DSL,Credit card,59,55.96,3095.66,2,3,1,6.0,18.0,Bengaluru,No
CUST103481,49.0,Male,2025-11-27,Month-to-month,Fiber optic,Electronic check,1,57.52,45.8,3,4,2,4.0,17.0,Mumbai,No
CUST103382,61.0,Female,2025-05-11,Month-to-month,DSL,Bank transfer,8,30.96,267.53,3,0,1,6.0,29.0,Chennai,No
CUST104790,18.0,Female,2025-10-05,Two year,DSL,Electronic check,3,48.89,147.06,3,2,0,6.0,16.0,Delhi,No
CUST104047,31.0,Male,2022-11-30,Month-to-month,Fiber optic,Electronic check,37,66.51,2756.19,1,2,2,6.0,15.0,Pune,No
CUST101884,18.0,Male,2023-09-28,One year,DSL,Mailed check,27,36.83,977.76,3,2,3,6.0,7.0,Pune,Yes
CUST100389,21.0,Male,2025-03-08,Month-to-month,DSL,Electronic check,10,70.46,655.91,4,1,1,8.0,34.0,Chennai,No
CUST102494,51.0,Female,2023-04-10,Month-to-month,Fiber optic,Electronic check,33,59.36,1993.89,3,1,0,6.0,24.0,Mumbai,No
CUST104314,38.0,Female,2023-02-27,One year,DSL, electronic check ,34,64.38,2106.44,6,1,2,6.0,24.0,Pune,Yes
CUST102932,52.0,Female,2023-11-09,One year,DSL,Electronic check,26,57.53,1233.75,5,3,1,5.0,21.0,Bengaluru,No
CUST100845,42.0,Female,2024-10-23,Month-to-month,Fiber optic,Credit card,14,48.69,620.59,2,3,1,5.0,10.0,Mumbai,No
CUST100542,41.0,Male,2023-12-14,Month-to-month,DSL,Credit card,25,52.96,1306.76,5,1,1,7.0,13.0,Bengaluru,No
CUST100091,37.0,Female,2025-06-20,One year,No internet,Electronic check,6,,540.98,7,3,0,6.0,33.0,Chennai,No
CUST103941,34.0,Male,2022-03-05,Month-to-month,Fiber optic,Electronic check,46,51.56,2087.04,4,1,2,6.0,53.0,Bengaluru,No
CUST101979,44.0,Male,2022-11-26,One year,Fiber optic,Electronic check,37,58.09,2054.46,3,1,1,7.0,14.0,Delhi,No
CUST102873,18.0,Male,2025-09-26,Month-to-month,Fiber optic,Electronic check,3,54.74,178.93,3,1,0,9.0,19.0,Pune,No
CUST104112,30.0,Female,2021-03-18,Month-to-month,Fiber optic,Bank transfer,57,50.48,2935.4,1,3,1,6.0,18.0,Delhi,Yes
CUST102943,34.0,Female,2025-06-10,One year,DSL,Credit card,7,70.57,442.95,7,3,1,5.0,7.0,Chennai,Yes
CUST102529,31.0,Female,2022-03-30,Month-to-month,Fiber optic,,45,88.01,4511.12,8,2,2,7.0,17.0,Bengaluru,No
CUST101676,50.0,Male,2022-10-16,Month-to-month,DSL, electronic check ,39,53.36,1888.36,5,1,2,7.0,4.0,Chennai,No
CUST101048,27.0,Female,2021-12-06,One year,DSL,Electronic check,49,59.08,2618.78,3,1,0,8.0,12.0,Bengaluru,No
CUST101960,40.0,,2023-09-14,Month-to-month,Fiber optic,Electronic check,28,69.2,1886.12,3,0,2,7.0,18.0,Chennai,No
CUST102530,52.0,Male,2022-08-16,Two year,Fiber optic,Electronic check,41,115.24,4407.52,8,2,0,8.0,14.0,Bengaluru,No
CUST103277,18.0,Female,2023-11-13,Month-to-month,DSL,Electronic check,26,39.64,966.79,4,0,0,8.0,,Bengaluru,No
CUST100237,36.0,Male,2022-12-23,One year,Fiber optic,Bank transfer,36,97.84,3220.4,7,2,1,7.0,24.0,Delhi,Yes
CUST103007,51.0,Female,2025-01-20,One year,DSL,Electronic check,11,58.68,647.79,3,2,1,7.0,16.0,Mumbai,No
CUST103536,49.0,Male,2021-08-11,Two year,No internet,Mailed check,53,43.46,2370.88,5,0,0,6.0,16.0,Pune,No
CUST101133,55.0,Female,2025-04-21,Month-to-month,Fiber optic,Bank transfer,8,86.99,655.39,6,0,2,7.0,26.0,Bengaluru,No
CUST101805,18.0,Male,2024-10-13,Month-to-month,DSL,Electronic check,15,25.39,412.45,1,1,2,6.0,15.0,Delhi,No
CUST104165,42.0,Female,2025-06-22,Month-to-month,Fiber optic,Electronic check,6,42.26,259.68,3,0,0,8.0,4.0,Chennai,No
CUST100163,28.0,Male,2023-01-29,One year,DSL,Electronic check,35,48.06,1665.42,4,0,0,10.0,13.0,Bengaluru,No
CUST103540,40.0,Male,2021-08-20,Month-to-month,Fiber optic,Credit card,52,70.58,3189.39,5,1,1,7.0,6.0,Pune,No
CUST104733,18.0,Male,2023-02-27,One year,No internet,Bank transfer,34,18.0,570.23,1,3,2,5.0,21.0,Hyderabad,No
CUST104076,18.0,Male,2021-08-09,Month-to-month,Fiber optic,Credit card,53,106.03,5557.61,7,0,1,7.0,12.0,Bengaluru,No
CUST103499,45.0,Female,2021-03-11,Month-to-month,Fiber optic,Mailed check,58,73.05,3988.36,3,3,2,6.0,10.0,Pune,No
CUST103244,44.0,Female,2022-12-25,Month-to-month,Fiber optic,Mailed check,36,54.12,1875.45,3,0,0,6.0,27.0,Delhi,No
CUST103684,25.0,Female,2024-11-03,One year,Fiber optic,Credit card,14,104.41,1337.27,7,4,1,6.0,11.0,Pune,Yes
CUST104797,48.0,Male,2021-12-31,Month-to-month,Fiber optic,Electronic check,48,61.8,2854.12,4,1,0,,3.0,Hyderabad,No
CUST101811,18.0,Female,2021-02-06,One year,DSL,Credit card,59,62.32,3107.7,3,3,3,5.0,17.0,Mumbai,No
CUST103153,36.0,Male,2023-08-14,Month-to-month,DSL,Credit card,29,41.24,1363.24,2,3,1,6.0,6.0,Delhi,No
CUST103192,39.0,Male,2023-04-18,Two year,Fiber optic,Bank transfer,32,71.5,2277.04,4,1,1,7.0,26.0,Chennai,No
CUST101428,46.0,Male,2021-06-02,Month-to-month,DSL,Electronic check,55,27.13,1547.54,1,1,1,8.0,7.0,Delhi,No
CUST103795,36.0,Female,2023-11-19,Month-to-month,DSL,Credit card,25,51.62,1225.88,5,0,1,9.0,8.0,Chennai,No
CUST104620,25.0,Male,2021-04-15,One year,DSL,Electronic check,57,44.99,2386.5,2,2,1,7.0,15.0,Mumbai,No
CUST103442,39.0,Male,2025-08-09,Month-to-month,DSL,Electronic check,5,46.0,215.71,3,1,0,6.0,43.0,Delhi,No
CUST104483,41.0,Male,2021-11-06,Month-to-month,Fiber optic,Electronic check,50,64.72,3266.78,2,2,2,6.0,7.0,Bengaluru,No
CUST104673,40.0,Male,2022-12-25,Month-to-month,Fiber optic,Credit card,36,73.44,2662.44,4,1,3,7.0,15.0,Bengaluru,No
CUST102860,20.0,MALE,2021-03-05,Month-to-month,Fiber optic,Electronic check,58,81.85,5335.85,4,2,2,,43.0,Hyderabad,Yes
CUST101452,37.0,Female,2022-12-01,One year,No internet,Bank transfer,37,23.03,852.69,2,1,0,9.0,15.0,Chennai,No
CUST100593,18.0,Male,2021-05-31,One year,No internet,Credit card,55,49.46,2766.47,3,1,0,7.0,6.0,Pune,No
CUST102725,34.0,Male,2024-06-12,Month-to-month,DSL,Electronic check,19,44.59,860.3,2,1,1,7.0,72.0,Hyderabad,No
CUST100041,45.0,,2025-01-25,One year,Fiber optic,Bank transfer,11,83.67,944.1,5,1,0,8.0,25.0,Chennai,No
CUST100560,37.0,Male,2025-08-19,Two year,Fiber optic,Electronic check,4,59.83,283.22,2,2,1,7.0,15.0,Pune,No
CUST102977,36.0,Male,2021-01-07,One year,DSL,Bank transfer,60,35.9,2289.78,3,2,1,6.0,35.0,Chennai,No
CUST103247,22.0,Male,2023-01-14,Month-to-month,Fiber optic,Credit card,36,75.37,2733.22,5,0,1,7.0,10.0,Mumbai,No
CUST100243,20.0,Female,2022-02-28,One year,No internet,Credit card,46,53.59,2886.7,3,1,1,5.0,26.0,Delhi,No
CUST101339,35.0,Male,2025-08-15,Two year,Fiber optic,Electronic check,5,71.78,395.19,5,3,0,8.0,36.0,Pune,No
CUST102819,48.0,Male,2023-11-06,Month-to-month,No internet,Electronic check,26,48.4,1154.5,4,2,2,8.0,15.0,Mumbai,No
CUST103002,62.0,Male,2024-03-25,One year,DSL,Electronic check,21,32.32,599.57,3,1,0,7.0,22.0,Delhi,No
CUST103849,28.0,Female,2024-06-17,Month-to-month,Fiber optic,Electronic check,18,71.62,1337.5,4,3,2,4.0,51.0,Delhi,Yes
CUST101442,21.0,Female,2021-08-17,Month-to-month,No internet,Electronic check,52,54.81,3067.02,4,2,0,7.0,9.0,Mumbai,No
CUST100261,35.0,Female,2025-11-03,Month-to-month,DSL,Credit card,2,49.87,106.9,4,2,0,6.0,4.0,Chennai,No
CUST102803,26.0,Female,2025-03-30,Month-to-month,DSL,Electronic check,9,45.38,422.67,3,1,0,8.0,22.0,Hyderabad,No
CUST101689,48.0,Male,2021-08-26,Month-to-month,Fiber optic,Bank transfer,52,63.32,3242.3,4,1,0,8.0,18.0,Mumbai,No
CUST101725,39.0,Male,2021-09-09,Month-to-month,DSL,Credit card,52,51.23,2390.85,4,1,0,10.0,53.0,Chennai,No
CUST101203,37.0,Female,2021-03-04,Month-to-month,Fiber optic,Mailed check,58,50.68,2354.6,4,1,1,8.0,10.0,Bengaluru,No
CUST100834,29.0,Female,2021-05-07,One year,No internet,Electronic check,56,28.69,1665.02,3,2,1,8.0,26.0,,No
CUST101866,35.0,Male,2022-12-28,One year,DSL,Credit card,36,67.55,2426.44,5,2,1,6.0,26.0,Bengaluru,No
CUST102496,37.0,Female,2023-10-11,Two year,Fiber optic,Credit card,27,37.8,1012.92,2,1,1,8.0,16.0,Chennai,No
CUST102010,23.0,Female,2021-10-02,Month-to-month,No internet,Bank transfer,51,43.15,2663.21,4,0,0,8.0,18.0,Pune,No
CUST100340,18.0,Male,2021-04-18,One year,No internet,Electronic check,56,40.27,2150.55,3,1,1,6.0,8.0,Hyderabad,No
CUST104628,30.0,Male,2021-05-13,One year,DSL,Bank transfer,56,49.65,2837.59,4,2,1,8.0,21.0,Mumbai,No
CUST101601,52.0,Male,2024-03-21,Two year,Fiber optic,Bank transfer,21,70.13,1263.32,3,0,1,8.0,20.0,Delhi,No
CUST103905,67.0,Female,2021-03-19,Month-to-month,Fiber optic,Electronic check,57,80.05,5152.56,6,3,1,8.0,48.0,Mumbai,Yes
CUST104718,41.0,Female,2023-05-08,Month-to-month,Fiber optic,Electronic check,32,49.28,1516.24,2,1,0,7.0,12.0,Pune,Yes
CUST100480,41.0,Male,2023-08-16,Month-to-month,DSL,Credit card,29,47.7,1546.6,6,0,3,7.0,5.0,Hyderabad,No
CUST102865,,Female,2021-07-20,Month-to-month,No internet,Bank transfer,53,42.09,2611.29,3,2,2,6.0,12.0,Chennai,No
CUST104562,42.0,Male,2022-08-20,Month-to-month,Fiber optic,Mailed check,40,72.39,3133.89,6,1,1,6.0,10.0,Chennai,No
CUST104486,58.0,Female,2023-12-26,Month-to-month,Fiber optic,Electronic check,24,54.36,1318.76,3,4,0,7.0,17.0,Mumbai,No
CUST104662,45.0,Male,2023-06-22,Month-to-month,DSL,Electronic check,30,46.72,1403.93,2,1,3,8.0,19.0,Hyderabad,No
CUST103908,26.0,Male,2025-10-13,Month-to-month,DSL,Electronic check,3,64.01,184.3,3,2,2,5.0,13.0,Mumbai,Yes
CUST104043,21.0,Male,2025-03-24,One year,Fiber optic,Electronic check,9,65.32,596.64,3,1,0,7.0,10.0,Pune,No
CUST101766,23.0,MALE,2024-12-08,Month-to-month,Fiber optic,Bank transfer,13,108.17,1565.78,7,1,0,9.0,4.0,Hyderabad,No
CUST104771,18.0,Male,2024-06-21,One year,DSL,Electronic check,18,85.59,1455.3,8,3,2,5.0,16.0,Mumbai,Yes
CUST102453,28.0,Male,2021-04-14,One year,Fiber optic,Electronic check,57,47.16,2226.05,2,0,2,6.0,31.0,Hyderabad,No
CUST104236,40.0,Female,2021-07-18,One year,Fiber optic,Electronic check,53,59.48,3185.72,2,2,2,5.0,45.0,Delhi,No
CUST103866,43.0,Female,2025-08-15,Two year,DSL,Bank transfer,5,45.62,240.83,4,2,5,5.0,8.0,Chennai,Yes
CUST104069,18.0,Male,2021-07-07,Month-to-month,Fiber optic,Electronic check,54,39.57,2200.1,1,2,0,7.0,13.0,Chennai,No
CUST104701,32.0,Female,2022-01-24,Two year,DSL,Bank transfer,47,50.85,1919.88,3,2,2,5.0,14.0,Hyderabad,No
CUST103729,41.0,Male,2022-06-26,Month-to-month,Fiber optic,Electronic check,42,95.5,4097.64,7,2,1,6.0,17.0,Pune,No
CUST101271,55.0,Male,2025-02-20,Two year,DSL,Credit card,10,65.02,597.81,5,1,0,8.0,13.0,Mumbai,No
CUST104098,43.0,Male,2021-11-08,Month-to-month,DSL,Bank transfer,50,34.15,1557.62,3,1,1,8.0,28.0,Bengaluru,No
CUST104524,50.0,Male,2025-11-17,Two year,Fiber optic,Credit card,1,,75.24,6,2,0,,13.0,Mumbai,No
CUST103137,51.0,Female,2024-03-27,One year,Fiber optic,Electronic check,21,91.95,1913.79,5,1,1,9.0,8.0,Pune,No
CUST104375,,Male,2024-03-25,Two year,Fiber optic,Bank transfer,21,79.82,1662.24,5,0,0,8.0,2.0,Mumbai,No
CUST100347,45.0,Female,2021-04-21,Month-to-month,Fiber optic,Electronic check,56,107.92,6123.9,8,2,1,6.0,5.0,Bengaluru,No
CUST103933,51.0,Female,2021-10-02,Two year,Fiber optic,Electronic check,51,64.36,3505.52,3,3,5,5.0,9.0,Mumbai,No
CUST104647,29.0,Female,2023-05-15,One year,DSL,Mailed check,32,36.99,1089.49,2,5,2,6.0,28.0,Bengaluru,No
CUST102562,54.0,Female,2024-09-25,One year,No internet,Electronic check,15,55.88,836.98,4,3,0,7.0,11.0,Bengaluru,No
CUST104613,30.0,Male,2025-05-20,Month-to-month,DSL,Electronic check,7,71.58,504.45,6,3,2,4.0,12.0,Bengaluru,Yes
CUST101423,55.0,Male,2022-07-18,One year,Fiber optic,Mailed check,41,80.98,3118.5,6,2,1,7.0,9.0,Mumbai,No
CUST100656,28.0,Female,2025-07-11,Two year,DSL,Bank transfer,6,51.22,261.21,5,3,1,5.0,72.0,Delhi,No
CUST102102,29.0,Male,2025-07-17,One year,Fiber optic,Credit card,6,79.25,508.33,3,1,2,7.0,18.0,Mumbai,No
CUST100632,33.0,Female,2022-03-01,Month-to-month,Fiber optic,Credit card,46,56.87,2501.66,2,3,2,8.0,16.0,Hyderabad,No
CUST103121,40.0,Female,2023-03-25,One year,Fiber optic,Electronic check,33,73.11,2413.4,4,3,2,7.0,15.0,Delhi,No
CUST102493,,Male,2024-12-12,Month-to-month,DSL,Electronic check,13,74.89,1018.45,5,2,2,7.0,23.0,Bengaluru,No
CUST102665,39.0,Female,2021-06-09,Two year,DSL,Bank transfer,55,95.14,4635.29,8,1,2,7.0,18.0,Mumbai,No
CUST103260,39.0,Female,2021-02-22,Month-to-month,Fiber optic,Credit card,58,72.1,4417.96,5,1,1,10.0,28.0,Delhi,No
CUST103712,36.0,Female,2025-11-01,One year,No internet,Mailed check,2,65.05,124.08,5,1,0,8.0,17.0,Hyderabad,No
CUST103352,48.0,Male,2021-07-21,Month-to-month,Fiber optic,Credit card,53,78.41,3682.5,3,2,0,6.0,14.0,Delhi,No
CUST103139,62.0,Male,2021-12-31,Month-to-month,Fiber optic,Credit card,48,59.58,2775.62,2,1,1,8.0,17.0,Chennai,No
CUST104339,35.0,Female,2024-06-02,Two year,Fiber optic,Credit card,19,62.14,1280.49,3,2,2,7.0,36.0,Mumbai,No
CUST102500,45.0,Female,2024-08-13,One year,Fiber optic,Bank transfer,17,59.66,1089.08,2,2,3,7.0,12.0,Mumbai,No
CUST101465,38.0,Male,2024-07-28,Month-to-month,DSL,Electronic check,17,37.57,604.19,3,2,1,6.0,14.0,Mumbai,No
CUST102874,39.0,Male,2022-05-12,One year,DSL,Electronic check,44,38.88,1759.44,2,3,1,5.0,8.0,Delhi,No
CUST100115,32.0,Male,2022-04-28,Month-to-month,Fiber optic,Electronic check,44,77.72,2945.04,4,2,3,7.0,10.0,Bengaluru,No
CUST101821,47.0,Female,2022-04-19,Month-to-month,Fiber optic,Electronic check,44,50.48,2453.81,3,1,2,5.0,6.0,Pune,No
CUST101494,34.0,Male,2022-01-09,Month-to-month,Fiber optic,Bank transfer,48,61.8,3586.62,2,3,0,7.0,6.0,Hyderabad,No
CUST102401,50.0,Male,2022-08-26,One year,Fiber optic,Bank transfer,40,72.83,2918.42,5,0,1,6.0,4.0,Pune,No
CUST101232,24.0,Male,2025-04-12,Month-to-month,DSL,Credit card,9,78.43,775.25,7,2,3,6.0,25.0,Delhi,No
CUST102661,30.0,Male,2025-09-25,Two year,DSL,Electronic check,3,53.86,157.57,4,2,3,4.0,18.0,Mumbai,No
CUST103194,37.0,Female,2021-10-31,One year,No internet,Electronic check,50,35.21,1544.38,3,0,1,4.0,20.0,Mumbai,No
CUST104596,34.0,Male,2023-10-30,One year,Fiber optic,Bank transfer,26,105.57,2839.94,8,1,0,9.0,5.0,Pune,No
CUST101153,31.0,Male,2023-12-25,Two year,DSL,Electronic check,24,53.05,1370.13,5,1,1,8.0,16.0,Mumbai,Yes
CUST104352,39.0,Male,2025-07-28,Month-to-month,Fiber optic,Bank transfer,5,77.14,387.77,5,2,1,7.0,29.0,Pune,No
CUST100057,56.0,Male,2024-05-01,Month-to-month,DSL,,20,52.35,1065.1,4,3,2,5.0,32.0,Delhi,No
CUST103441,39.0,Female,2025-03-24,One year,DSL,Credit card,9,74.54,590.11,7,1,0,8.0,26.0,Pune,Yes
CUST104311,38.0,Female,2025-08-26,Month-to-month,DSL,Bank transfer,4,29.41,108.79,2,2,0,7.0,13.0,Mumbai,No
CUST104970,36.0,Male,2023-11-02,Month-to-month,DSL,,26,76.4,2097.51,8,2,0,9.0,8.0,Mumbai,Yes
CUST101735,49.0,,2022-04-13,Month-to-month,Fiber optic,Mailed check,45,300.0,2928.1,4,0,1,8.0,16.0,Chennai,No
CUST102823,26.0,Female,2021-04-18,Two year,Fiber optic,Credit card,56,70.31,3345.25,3,3,2,5.0,13.0,Mumbai,No
CUST102196,36.0,Female,2025-01-19,Two year,Fiber optic,Credit card,11,97.69,1159.06,7,1,1,6.0,10.0,Chennai,No
CUST103601,67.0,Female,2024-06-11,Month-to-month,Fiber optic,Credit card,19,63.07,1158.37,3,1,0,7.0,32.0,Bengaluru,No
CUST102475,38.0,Male,2021-12-27,One year,DSL,Credit card,48,67.37,3145.76,4,4,2,5.0,8.0,Delhi,No
CUST102564,52.0,Female,2022-06-22,Month-to-month,DSL,Bank transfer,42,44.49,1799.43,4,2,2,7.0,19.0,Mumbai,No
CUST104991,37.0,Male,2023-09-30,Month-to-month,Fiber optic,Electronic check,27,52.54,1358.47,3,3,3,4.0,26.0,Bengaluru,Yes
CUST104087,18.0,Male,2021-05-07,One year,Fiber optic,,56,90.2,5627.42,6,2,2,5.0,44.0,Hyderabad,No
CUST103705,35.0,Female,2022-08-02,One year,DSL,Electronic check,41,27.43,1099.79,2,0,0,7.0,15.0,Hyderabad,No
CUST100707,45.0,Female,2022-12-17,Month-to-month,Fiber optic,Electronic check,36,88.99,3324.65,6,3,0,6.0,25.0,Hyderabad,No
CUST104303,31.0,Female,2022-05-17,One year,DSL,Electronic check,44,29.52,1443.99,1,1,0,7.0,,Mumbai,No
CUST101093,40.0,Male,2021-02-24,One year,DSL,Electronic check,58,42.55,2320.85,2,2,0,6.0,11.0,Bengaluru,No
CUST103610,46.0,Female,2024-12-06,Two year,Fiber optic,Electronic check,13,55.33,655.6,3,4,1,6.0,33.0,Hyderabad,No
CUST101376,45.0,Male,2024-02-12,Month-to-month,Fiber optic,Bank transfer,23,,1396.23,5,3,0,,16.0,Bengaluru,No
CUST104938,46.0,Female,2021-01-26,One year,No internet,Electronic check,59,63.14,4155.58,3,1,1,6.0,25.0,Mumbai,No
CUST100072,27.0,Female,2021-05-23,Month-to-month,DSL,Electronic check,55,45.72,2679.67,3,1,3,6.0,26.0,Hyderabad,Yes
CUST101922,18.0,Male,2024-06-18,Two year,DSL,Credit card,18,40.67,686.98,4,3,0,6.0,23.0,Hyderabad,No
CUST103915,35.0,Female,2021-08-16,Month-to-month,Fiber optic,Mailed check,53,82.58,4360.8,5,1,0,7.0,22.0,Hyderabad,No
CUST101764,25.0,Female,2022-02-03,One year,No internet,Electronic check,47,33.24,1569.93,1,1,0,8.0,15.0,Mumbai,No
CUST100743,18.0,Female,2025-09-07,Month-to-month,Fiber optic,Bank transfer,4,67.44,266.78,4,0,0,8.0,7.0,Pune,No
CUST104157,54.0,Male,2024-09-26,Month-to-month,DSL,Electronic check,15,98.92,1583.09,8,0,2,8.0,7.0,Mumbai,No
CUST101005,42.0,Male,2023-11-07,One year,Fiber optic,Electronic check,26,70.64,1681.65,3,3,0,7.0,16.0,Mumbai,No
CUST102668,38.0,Male,2022-09-30,Month-to-month,Fiber optic,Bank transfer,39,75.37,3231.11,4,0,1,8.0,6.0,Delhi,No
CUST101190,56.0,Female,2021-07-30,One year,DSL,Bank transfer,53,55.78,3003.21,4,2,0,7.0,52.0,Pune,Yes
CUST103392,28.0,Female,2022-01-22,Month-to-month,Fiber optic,Mailed check,47,63.25,3289.6,3,1,3,6.0,8.0,Hyderabad,No
CUST102601,55.0,Male,2021-07-10,One year,Fiber optic,Electronic check,54,62.81,2947.63,3,5,2,3.0,22.0,Mumbai,No
CUST101125,35.0,Female,2025-03-07,Two year,Fiber optic,Electronic check,10,81.67,732.05,6,0,1,6.0,14.0,Delhi,No
CUST101241,26.0,Female,2024-11-22,Month-to-month,No internet,Bank transfer,13,40.31,566.81,3,2,3,5.0,27.0,Hyderabad,No
CUST102890,28.0, female ,2024-08-07,One year,Fiber optic,Credit card,17,73.29,1255.09,3,4,0,7.0,27.0,Hyderabad,No
CUST104152,43.0,Female,2024-05-09,Month-to-month,Fiber optic,Electronic check,20,62.47,1200.13,3,0,2,10.0,19.0,Bengaluru,No
CUST103488,39.0,Male,2024-07-30,Two year,Fiber optic,Electronic check,17,82.61,1273.87,5,1,0,8.0,14.0,Mumbai,No
CUST100998,40.0,Male,2025-06-26,One year,DSL,Bank transfer,6,45.12,265.35,2,3,0,6.0,35.0,Bengaluru,No
CUST104096,45.0,Female,2022-08-14,Month-to-month,Fiber optic,Electronic check,41,64.17,2531.56,4,3,0,9.0,18.0,Bengaluru,No
CUST102684,20.0,Female,2024-01-11,One year,DSL,Bank transfer,24,56.91,1420.81,5,1,2,4.0,12.0,Pune,No
CUST101577,50.0,Female,2025-07-31,Two year,DSL,Electronic check,5,38.49,181.77,3,2,0,,45.0,Chennai,No
CUST104814,40.0,Male,2024-08-27,Two year,Fiber optic,Bank transfer,16,42.38,543.99,3,3,1,7.0,32.0,Delhi,No
CUST101826,48.0,Female,2021-08-24,One year,Fiber optic,Mailed check,52,72.52,3626.57,5,1,1,4.0,3.0,Hyderabad,No
CUST103337,44.0,Female,2021-12-06,Month-to-month,Fiber optic,Electronic check,49,94.54,4961.45,6,1,1,7.0,6.0,Chennai,No
CUST103021,56.0,,2023-07-15,Month-to-month,DSL,Electronic check,30,42.46,1321.35,3,0,1,7.0,2.0,Pune,No
CUST104469,28.0,Female,2023-02-11,Month-to-month,DSL,Bank transfer,35,31.96,1164.18,1,1,0,7.0,7.0,Hyderabad,No
CUST100440,36.0,Male,2023-05-01,Two year,Fiber optic,Credit card,32,92.07,2981.31,8,2,2,7.0,18.0,Delhi,No
CUST104976,40.0,Female,2021-12-28,Two year,No internet,Mailed check,48,83.45,4537.44,6,0,0,9.0,8.0,Delhi,No
CUST101100,52.0,Male,2024-05-02,Month-to-month,DSL,Mailed check,20,20.64,410.53,2,1,0,6.0,16.0,Mumbai,No
CUST104063,30.0,Female,2025-01-16,Month-to-month,Fiber optic,Electronic check,11,49.01,507.21,3,1,1,7.0,22.0,Chennai,No
CUST103101,32.0,Male,2024-02-23,Two year,Fiber optic,Bank transfer,22,80.53,1730.94,5,1,3,5.0,13.0,Bengaluru,No
CUST100649,33.0,Female,2021-03-06,Month-to-month,Fiber optic,Electronic check,58,59.46,3835.4,3,3,0,5.0,29.0,Chennai,No
CUST101546,18.0,Male,2021-12-29,One year,DSL,Bank transfer,48,43.97,2089.52,3,0,0,9.0,13.0,Pune,No
CUST103586,26.0,Male,2022-09-24,Month-to-month,DSL,Bank transfer,39,89.35,3385.94,8,3,2,5.0,22.0,Pune,No
CUST103783,54.0,Female,2025-05-28,Month-to-month,Fiber optic,Bank transfer,7,71.98,478.52,3,1,1,6.0,21.0,Bengaluru,No
CUST103207,42.0,Female,2021-03-26,One year,Fiber optic,Mailed check,57,78.53,4087.75,5,2,0,7.0,28.0,Chennai,No
CUST103230,33.0,Female,2021-01-13,Month-to-month,DSL,Electronic check,60,26.79,1784.24,2,1,2,8.0,11.0,Hyderabad,No
CUST104780,34.0,Male,2025-07-24,One year,DSL,Electronic check,5,54.68,296.28,4,2,4,4.0,10.0,Bengaluru,No
CUST100630,57.0,Male,2022-01-30,Month-to-month,Fiber optic,Mailed check,47,89.77,4279.69,6,0,1,8.0,14.0,Mumbai,No
CUST100672,29.0, female ,2023-01-07,Month-to-month,Fiber optic,Electronic check,36,107.87,4147.38,8,3,2,7.0,10.0,Mumbai,Yes
CUST101249,19.0,Female,2023-07-19,Month-to-month,Fiber optic,Credit card,29,53.3,1677.23,4,3,2,4.0,11.0,,No
CUST100482,39.0,Female,2025-03-14,One year,Fiber optic, electronic check ,10,74.79,753.52,6,1,2,6.0,5.0,Bengaluru,Yes
CUST101584,37.0,Male,2025-09-11,Month-to-month,DSL,Mailed check,4,70.59,269.98,6,1,2,7.0,16.0,Pune,Yes
CUST103317,30.0,Female,2025-09-04,One year,DSL,Bank transfer,4,64.62,260.22,4,1,1,7.0,56.0,Hyderabad,No
CUST104651,50.0,Female,2024-04-15,Month-to-month,Fiber optic,Credit card,21,101.35,2177.31,7,1,2,6.0,18.0,Bengaluru,No
CUST103080,32.0,Female,2021-02-13,Two year,No internet,Electronic check,59,,3622.52,6,2,0,8.0,14.0,Pune,No
CUST101462,28.0,Male,2021-08-30,Month-to-month,Fiber optic,Electronic check,52,39.9,1875.98,2,2,0,7.0,9.0,Mumbai,No
CUST104394,24.0,Female,2021-03-12,Month-to-month,DSL,Electronic check,58,28.4,1599.09,2,4,1,6.0,21.0,Chennai,No
CUST103671,44.0,Male,2024-09-23,Month-to-month,Fiber optic,Electronic check,15,40.88,624.47,1,3,0,8.0,,Mumbai,No
CUST102578,53.0,Female,2021-03-20,One year,DSL,Electronic check,57,35.34,1852.3,3,0,1,6.0,9.0,Delhi,No
CUST104567,40.0,Male,2025-08-10,Month-to-month,Fiber optic,Electronic check,5,86.82,420.78,5,0,0,7.0,16.0,Hyderabad,No
CUST100049,39.0,Female,2025-07-16,Month-to-month,DSL,Electronic check,6,51.96,338.84,4,5,0,5.0,35.0,Pune,Yes
CUST104935,30.0,MALE,2023-06-27,Two year,DSL,Electronic check,30,40.19,1182.56,1,0,0,9.0,34.0,Chennai,No
CUST104931,27.0,Female,2021-04-18,Month-to-month,DSL,Credit card,56,70.65,3760.98,7,0,2,8.0,16.0,Mumbai,No
CUST100858,18.0,Female,2024-05-03,Two year,Fiber optic,Bank transfer,20,93.29,1986.69,5,2,3,7.0,37.0,Chennai,No
CUST101072,35.0,Male,2021-09-01,Month-to-month,Fiber optic,Electronic check,52,104.69,5083.56,8,1,0,7.0,8.0,Delhi,No
CUST100719,26.0,Male,2025-10-20,Month-to-month,Fiber optic,Bank transfer,2,99.0,196.85,8,1,0,6.0,28.0,Pune,No
CUST103414,25.0,Male,2025-08-07,Two year,Fiber optic,Electronic check,5,71.08,351.21,5,3,0,8.0,9.0,Chennai,No
CUST102631,26.0,Female,2022-08-30,Two year,Fiber optic,Mailed check,40,93.52,3833.11,5,3,0,6.0,12.0,Bengaluru,No
CUST104898,42.0,Female,2021-03-21,One year,Fiber optic,,57,53.63,2941.44,4,2,2,6.0,11.0,Delhi,No
CUST101660,67.0,Male,2025-11-13,Month-to-month,Fiber optic,Electronic check,2,42.79,65.84,2,2,2,7.0,16.0,Chennai,Yes
CUST101656,43.0,Female,2022-04-09,Month-to-month,Fiber optic,Bank transfer,45,66.86,2694.2,3,2,1,6.0,12.0,Chennai,No
CUST102425,52.0,Female,2023-01-18,Month-to-month,DSL,Electronic check,35,61.34,2000.99,5,0,0,8.0,2.0,Pune,No
CUST104101,40.0,Male,2025-02-24,Month-to-month,Fiber optic,Credit card,10,80.97,788.6,6,2,1,5.0,27.0,Delhi,No
CUST104251,33.0,Female,2023-07-31,Month-to-month,Fiber optic,Credit card,29,66.28,1573.73,4,2,1,8.0,19.0,Chennai,No
CUST104999,27.0,Male,2024-07-23,Month-to-month,DSL,Credit card,17,20.85,372.15,1,2,0,7.0,11.0,Hyderabad,No
CUST104758,26.0,Male,2025-06-29,Month-to-month,DSL,Bank transfer,6,45.42,274.2,3,4,0,7.0,42.0,Hyderabad,No
CUST104800,38.0,Female,2025-05-02,One year,Fiber optic,,8,58.87,432.46,3,0,1,10.0,7.0,Pune,No
CUST103350,39.0,Female,2022-09-10,One year,Fiber optic,Electronic check,40,76.38,2946.4,5,2,3,5.0,12.0,Delhi,No
CUST104775,47.0,Female,2025-03-19,Month-to-month,DSL,Bank transfer,9,41.29,369.75,2,3,0,7.0,,Mumbai,No
CUST104148,37.0,Female,2022-05-25,Month-to-month,DSL,Mailed check,43,39.07,1728.47,1,4,1,7.0,32.0,Hyderabad,No
CUST102606,26.0,Male,2024-12-21,One year,DSL,Bank transfer,12,36.92,453.26,3,1,0,8.0,7.0,Hyderabad,No
CUST101385,39.0,Female,2024-06-18,Two year,No internet,Electronic check,18,39.61,661.32,3,1,2,6.0,10.0,Pune,No
CUST103886,26.0,Female,2021-07-27,Month-to-month,DSL,Credit card,53,68.79,3555.35,7,3,1,6.0,23.0,Mumbai,No
CUST101399,21.0,Female,2025-09-20,One year,No internet,Mailed check,3,37.54,123.17,3,1,1,8.0,36.0,Bengaluru,No
CUST101195,62.0,Female,2021-02-01,Month-to-month,DSL,Bank transfer,59,30.35,1864.27,2,0,1,7.0,4.0,Pune,No
CUST101408,38.0,Male,2021-12-26,One year,DSL,Credit card,48,60.09,2904.33,5,2,3,9.0,25.0,Pune,No
CUST103875,43.0,Female,2022-12-01,One year,DSL,Bank transfer,37,53.29,1673.0,4,1,3,8.0,47.0,Bengaluru,No
CUST101798,31.0,Female,2023-11-07,Month-to-month,No internet,Bank transfer,26,39.19,1123.8,3,4,3,6.0,31.0,Mumbai,Yes
CUST101475,36.0,Male,2024-04-29,One year,Fiber optic,Mailed check,20,,1233.82,4,2,1,9.0,13.0,Bengaluru,No
CUST104688,36.0,Female,2024-01-20,Two year,DSL,Electronic check,23,67.24,1558.19,6,3,3,5.0,15.0,Pune,Yes
CUST100035,52.0,Male,2022-10-14,Month-to-month,DSL,Electronic check,39,47.25,1900.66,3,3,2,3.0,15.0,Pune,No
CUST103589,31.0,Female,2025-01-09,One year,DSL,Bank transfer,12,48.98,636.92,4,0,3,7.0,3.0,Hyderabad,No
CUST102345,26.0,Male,2023-09-20,One year,DSL,Electronic check,27,,2642.82,8,2,0,8.0,35.0,Mumbai,No
CUST103221,39.0,Female,2022-11-10,Month-to-month,Fiber optic,Bank transfer,38,38.16,1574.47,1,4,2,3.0,13.0,Delhi,No
CUST102359,57.0,Male,2023-06-20,Month-to-month,Fiber optic,Electronic check,30,84.71,2780.61,4,4,2,5.0,9.0,Bengaluru,No
CUST102206,33.0,MALE,2021-09-19,Month-to-month,Fiber optic,Electronic check,51,65.81,3282.49,4,1,2,6.0,9.0,Delhi,No
CUST103817,40.0,Male,2023-07-10,Month-to-month,Fiber optic,Mailed check,30,67.87,1968.15,2,1,3,5.0,17.0,Chennai,No
CUST101286,22.0,Male,2021-03-22,Month-to-month,Fiber optic,Bank transfer,57,71.37,4525.4,3,1,1,8.0,4.0,Bengaluru,No
CUST100349,56.0,Female,2024-04-13,Month-to-month,DSL,Electronic check,21,67.85,1548.33,6,1,0,9.0,18.0,Delhi,No
CUST102137,48.0,Female,2022-09-29,Month-to-month,DSL,Electronic check,39,55.78,2123.42,5,3,2,7.0,9.0,Delhi,No
CUST102691,26.0,Female,2023-02-18,Month-to-month,DSL,Electronic check,34,42.58,1459.69,2,1,0,7.0,15.0,Delhi,No
CUST103021,56.0,,2023-07-15,Month-to-month,DSL,Electronic check,30,42.46,1321.35,3,0,1,7.0,2.0,Pune,No
CUST103168,27.0,Male,2024-08-02,One year,Fiber optic,Bank transfer,17,87.34,1426.01,5,2,1,6.0,6.0,Chennai,No
CUST101681,26.0,Male,2021-12-04,One year,No internet,Electronic check,49,44.32,2423.7,3,2,0,7.0,16.0,Delhi,No
CUST104074,23.0,Male,2023-07-26,Month-to-month,DSL,,29,52.94,1488.01,3,2,1,5.0,9.0,Chennai,No
CUST101443,55.0,Male,2022-03-16,Month-to-month,Fiber optic,,46,63.82,2676.1,4,3,0,8.0,7.0,Hyderabad,No
CUST103288,33.0,Female,2023-07-25,Month-to-month,DSL,Mailed check,29,41.43,1209.53,3,3,0,6.0,18.0,Delhi,No
CUST101671,19.0,Female,2025-09-02,One year,DSL,Electronic check,4,75.33,291.89,7,1,0,7.0,12.0,Pune,No
CUST103199,33.0,Male,2021-06-20,One year,DSL,Bank transfer,54,47.36,2309.72,4,3,1,4.0,15.0,Hyderabad,No
CUST101179,43.0,Male,2025-02-03,Month-to-month,Fiber optic,Bank transfer,11,57.51,637.61,3,1,0,9.0,23.0,Hyderabad,No
CUST102798,45.0,Male,2021-06-21,Month-to-month,No internet,Bank transfer,54,59.79,3309.95,5,1,1,7.0,3.0,Hyderabad,No
CUST101692,21.0,Male,2023-10-17,Month-to-month,DSL,Credit card,27,62.8,1751.15,5,1,0,6.0,16.0,Mumbai,No
CUST103926,47.0,Male,2025-03-26,Month-to-month,DSL,Bank transfer,9,37.04,293.72,2,0,1,7.0,36.0,Pune,Yes
CUST100372,48.0,Male,2023-02-07,Month-to-month,Fiber optic,Electronic check,35,80.02,2956.97,5,0,0,9.0,1.0,Bengaluru,No
CUST103660,38.0,Male,2025-06-15,One year,DSL,Electronic check,7,26.25,162.22,3,1,1,10.0,14.0,Mumbai,No
CUST101916,31.0,Female,2024-05-07,Two year,Fiber optic,Credit card,20,70.08,1518.55,2,3,2,6.0,9.0,Bengaluru,No
CUST101357,32.0,Male,2025-04-12,Two year,Fiber optic,Electronic check,9,70.96,694.32,4,1,2,7.0,6.0,Chennai,No
CUST101825,46.0,Female,2023-08-14,One year,Fiber optic,Bank transfer,29,105.16,2886.29,6,1,0,7.0,17.0,Pune,No
CUST100786,39.0,Female,2023-05-28,One year,Fiber optic,Credit card,31,48.31,1510.41,3,3,0,6.0,28.0,Pune,Yes
CUST100469,26.0,Male,2024-05-09,Month-to-month,DSL,Bank transfer,20,57.65,1379.54,4,6,1,7.0,49.0,,No
CUST100140,43.0,Female,2024-05-07,One year,DSL,Mailed check,20,38.29,735.69,3,2,0,6.0,10.0,Delhi,No
CUST100788,25.0,Male,2023-04-19,Month-to-month,DSL,Mailed check,32,94.23,3007.87,8,1,0,8.0,8.0,Bengaluru,No
CUST100323,47.0,Female,2023-02-28,Month-to-month,DSL,Bank transfer,34,70.01,2465.4,4,3,3,7.0,22.0,Bengaluru,No
CUST100050,41.0,Female,2024-10-09,Two year,DSL,Credit card,15,63.92,938.85,5,0,3,7.0,22.0,Chennai,No
CUST100714,35.0,Male,2024-09-07,Month-to-month,Fiber optic,Credit card,16,79.05,1260.33,4,4,1,6.0,10.0,Pune,Yes
CUST104511,36.0,Male,2021-05-20,Two year,Fiber optic,Bank transfer,55,67.33,3647.39,5,1,1,7.0,20.0,Bengaluru,No
CUST102840,36.0,Male,2024-03-18,One year,DSL,Bank transfer,21,56.57,1212.66,4,2,0,7.0,17.0,Pune,No
CUST102446,33.0,Female,2022-05-04,One year,DSL,Electronic check,44,58.68,2553.68,4,1,1,6.0,10.0,Bengaluru,No
CUST104837,26.0,Male,2024-04-10,One year,Fiber optic,Credit card,21,81.56,1796.52,4,4,3,4.0,9.0,Pune,No
CUST104442,38.0,Female,2023-09-11,One year,Fiber optic,,28,61.06,1765.86,1,4,1,6.0,34.0,Bengaluru,No
CUST104619,45.0,Female,2022-04-14,Month-to-month,Fiber optic,Credit card,45,66.98,3429.76,5,3,1,4.0,14.0,Pune,No
CUST104060,41.0,Male,2023-03-16,One year,DSL,Electronic check,34,42.49,1401.13,4,2,2,6.0,14.0,Bengaluru,No
CUST102666,33.0,Female,2024-01-26,Month-to-month,DSL,Bank transfer,23,54.53,1397.33,4,1,7,6.0,22.0,Delhi,Yes
CUST100406,37.0,Male,2022-09-22,Month-to-month,Fiber optic,Bank transfer,39,90.29,3492.0,5,2,0,8.0,38.0,Delhi,Yes
CUST103405,23.0,Female,2024-03-24,One year,DSL,Credit card,21,56.25,1289.71,5,4,1,4.0,8.0,Mumbai,No
CUST101004,38.0,Male,2023-08-13,One year,Fiber optic,Mailed check,29,88.74,2320.04,6,1,0,6.0,20.0,Mumbai,No
CUST103047,44.0,Male,2023-11-29,Month-to-month,Fiber optic,Bank transfer,25,106.72,2434.99,7,1,1,,26.0,Pune,No
CUST100890,28.0,Female,2025-02-19,Month-to-month,DSL,Bank transfer,10,50.73,549.09,2,1,0,6.0,7.0,Bengaluru,No
CUST102411,57.0,Male,2024-05-30,Month-to-month,DSL,Bank transfer,19,52.52,962.65,5,4,0,7.0,25.0,Delhi,Yes
CUST102545,32.0,Female,2023-02-10,Month-to-month,Fiber optic, electronic check ,35,44.38,1517.99,1,2,2,6.0,8.0,Pune,No
CUST103482,50.0,Female,2021-01-30,Month-to-month,Fiber optic,Credit card,59,84.88,5278.02,4,3,3,6.0,27.0,Chennai,No
CUST102390,18.0,Female,2021-09-06,Month-to-month,No internet,Electronic check,52,64.55,3644.95,5,0,0,8.0,34.0,Pune,No
CUST103992,34.0,Male,2022-08-14,One year,Fiber optic,Electronic check,41,56.13,2464.92,2,4,1,6.0,13.0,Mumbai,No
CUST100042,30.0,Male,2024-05-16,One year,DSL,Credit card,20,39.01,792.29,3,2,0,9.0,8.0,Pune,No
CUST102830,27.0,Female,2023-07-24,One year,Fiber optic,Electronic check,29,92.32,2777.35,6,1,2,10.0,2.0,Mumbai,No
CUST103355,18.0,Female,2021-10-27,Month-to-month,Fiber optic,Mailed check,50,74.56,3819.59,3,1,0,7.0,8.0,Chennai,No
CUST100303,34.0,Female,2023-12-23,Two year,No internet,Credit card,24,48.65,1265.14,5,2,1,7.0,23.0,Mumbai,No
CUST104536,27.0,Male,2023-07-19,Two year,Fiber optic,Electronic check,29,80.28,2367.68,6,0,2,8.0,2.0,Mumbai,No
CUST104130,50.0,Male,2021-09-11,Month-to-month,DSL,Bank transfer,52,48.59,2289.63,4,0,1,8.0,10.0,Hyderabad,No
CUST100664,37.0,,2022-06-08,One year,Fiber optic,Electronic check,43,47.99,1971.77,2,2,0,5.0,17.0,Hyderabad,No
CUST101177,40.0,Male,2024-05-04,Month-to-month,No internet,Electronic check,20,58.82,1242.01,4,3,2,6.0,15.0,Delhi,Yes
CUST102676,,Female,2024-04-25,Month-to-month,No internet,Electronic check,20,40.55,770.62,4,6,1,4.0,13.0,Bengaluru,Yes
CUST101947,27.0,Male,2021-03-19,Month-to-month,No internet,Electronic check,57,44.16,2296.78,5,1,1,6.0,18.0,Delhi,No
CUST102501,41.0,Male,2023-02-21,Month-to-month,No internet,Mailed check,34,32.37,1112.38,3,1,2,7.0,7.0,Mumbai,No
CUST101473,18.0,Female,2024-05-20,Month-to-month,Fiber optic,Electronic check,19,85.66,1812.94,6,4,2,5.0,30.0,Mumbai,No
CUST104141,75.0,Female,2021-09-03,Month-to-month,Fiber optic, electronic check ,52,84.88,4521.33,5,2,1,7.0,10.0,Pune,No
CUST103568,44.0,Female,2023-04-06,Month-to-month,DSL,Mailed check,33,30.96,1295.1,2,1,2,6.0,11.0,Hyderabad,No
CUST102132,33.0,Female,2022-10-11,Two year,No internet,Bank transfer,39,70.83,2882.29,6,4,3,4.0,12.0,,Yes
CUST101026,18.0,Male,2021-03-18,One year,No internet,Mailed check,57,57.4,2940.87,5,5,1,5.0,9.0,Mumbai,No
CUST100961,40.0,Female,2024-09-30,One year,Fiber optic,Electronic check,15,84.98,1182.62,6,2,0,7.0,23.0,Hyderabad,No
CUST102889,,Female,2023-02-17,Month-to-month,Fiber optic,Bank transfer,34,53.43,1829.62,3,3,2,6.0,27.0,Bengaluru,Yes
CUST104137,40.0,Male,2021-07-28,Month-to-month,Fiber optic,Bank transfer,53,36.17,1889.17,3,1,1,7.0,13.0,Hyderabad,No
CUST102009,46.0,Male,2022-07-22,Month-to-month,DSL,Bank transfer,41,23.64,1008.63,2,0,3,9.0,12.0,Mumbai,No
CUST102149,40.0,Female,2024-01-05,Month-to-month,Fiber optic,Mailed check,24,59.19,1507.32,4,2,2,6.0,15.0,Hyderabad,No
CUST104815,18.0,Male,2024-03-26,Month-to-month,Fiber optic,Electronic check,21,63.32,1346.75,3,2,3,7.0,27.0,Chennai,No
CUST102338,51.0,Female,2022-06-14,Month-to-month,No internet,Electronic check,43,42.84,2174.01,3,2,1,8.0,23.0,Pune,No
CUST103940,39.0,Female,2024-12-03,Month-to-month,DSL,Electronic check,13,51.81,657.21,3,0,0,10.0,2.0,Pune,No
CUST100304,37.0,Female,2022-06-18,Month-to-month,Fiber optic,Credit card,42,54.99,2258.43,2,2,1,6.0,22.0,Bengaluru,No
CUST101440,30.0,Male,2023-01-26,Month-to-month,DSL,Bank transfer,35,38.21,1414.09,3,3,4,4.0,16.0,Bengaluru,No
CUST101496,42.0,Female,2024-10-25,Month-to-month,Fiber optic,Bank transfer,14,74.03,876.59,6,2,1,7.0,15.0,Pune,No
CUST102652,53.0,Female,2025-03-23,One year,Fiber optic,Credit card,9,76.54,666.04,5,1,1,9.0,8.0,Delhi,No
CUST102875,18.0,Male,2024-07-19,One year,No internet,Electronic check,17,47.35,820.27,4,3,0,6.0,24.0,Pune,Yes
CUST100916,55.0,Male,2024-08-22,Two year,DSL,Electronic check,16,39.64,644.4,4,4,2,6.0,15.0,Mumbai,No
CUST104204,55.0, female ,2021-04-19,One year,Fiber optic,Electronic check,56,66.76,3608.18,4,1,0,7.0,11.0,Mumbai,No
CUST103771,22.0,Female,2022-03-01,Month-to-month,Fiber optic,Mailed check,46,56.62,2340.64,3,1,1,8.0,9.0,Bengaluru,No
CUST102772,35.0,Male,2023-06-05,One year,DSL,,31,100.3,2805.77,8,0,1,5.0,17.0,Hyderabad,No
CUST101624,40.0,Male,2021-07-03,One year,Fiber optic,Credit card,54,97.87,5326.71,6,0,4,6.0,6.0,Pune,No
CUST103888,35.0,Male,2022-01-04,Month-to-month,No internet,,48,38.72,1810.67,2,0,1,6.0,19.0,Mumbai,No
CUST100821,55.0,Male,2021-04-28,Month-to-month,Fiber optic,Mailed check,56,84.52,4817.82,7,1,0,7.0,19.0,Pune,No
CUST104323,39.0,Female,2025-09-18,Two year,Fiber optic,Bank transfer,3,68.42,209.74,4,1,1,6.0,32.0,Pune,No
CUST101354,61.0,Male,2022-05-04,One year,Fiber optic,Electronic check,44,53.81,2389.42,3,3,0,,29.0,Delhi,No
CUST104520,25.0,Male,2021-02-11,Month-to-month,No internet,Electronic check,59,75.71,4376.69,5,1,2,5.0,32.0,Hyderabad,Yes
CUST100850,34.0,Male,2022-06-11,One year,DSL,Electronic check,43,59.24,2501.45,5,2,3,6.0,22.0,Hyderabad,No
CUST101000,37.0,Male,2024-06-12,One year,DSL,Electronic check,19,25.25,488.57,2,0,2,8.0,2.0,Pune,No
CUST103423,26.0,Male,2023-11-11,One year,DSL,Credit card,26,18.0,469.61,1,5,3,3.0,19.0,Chennai,No
CUST100018,49.0,Female,2025-06-19,Month-to-month,No internet,Bank transfer,6,66.06,397.3,7,0,4,6.0,25.0,Hyderabad,No
CUST101637,50.0,Male,2025-07-12,Month-to-month,No internet,,6,32.35,184.35,2,3,2,7.0,,Hyderabad,No
CUST101667,38.0,Female,2025-07-20,Month-to-month,Fiber optic,Mailed check,5,42.46,210.0,2,2,0,7.0,9.0,Hyderabad,No
CUST100493,43.0,MALE,2023-02-23,Month-to-month,Fiber optic,Electronic check,34,63.84,2083.37,3,3,1,4.0,26.0,Delhi,Yes
CUST101347,29.0,Female,2021-09-21,Month-to-month,DSL,Credit card,51,62.16,2795.65,6,0,1,10.0,24.0,Mumbai,No
CUST103018,43.0,Male,2023-12-12,Month-to-month,DSL,Credit card,25,68.23,1717.98,6,1,1,7.0,7.0,Hyderabad,No
CUST104783,42.0,Female,2022-04-10,Month-to-month,Fiber optic,Electronic check,45,68.77,3366.05,3,0,2,8.0,10.0,Bengaluru,No
CUST104017,50.0,Male,2025-04-18,Month-to-month,No internet,Credit card,8,69.37,606.05,6,1,1,10.0,12.0,Bengaluru,No
CUST103664,36.0,Male,2023-03-08,One year,Fiber optic,Electronic check,34,73.04,2199.47,4,1,1,7.0,19.0,Pune,No
CUST103529,37.0,Male,2022-12-18,Month-to-month,DSL,Electronic check,36,80.31,2919.36,4,3,2,4.0,,Chennai,No
CUST100687,56.0,Male,2022-03-28,Month-to-month,Fiber optic,Mailed check,45,53.33,2394.81,2,1,1,7.0,7.0,Bengaluru,No
CUST103781,18.0,Female,2021-04-06,One year,DSL,Credit card,57,77.22,3862.12,5,3,1,8.0,22.0,Hyderabad,No
CUST101608,35.0,Female,2024-01-19,Month-to-month,Fiber optic,Bank transfer,23,34.94,842.44,2,0,3,9.0,46.0,Chennai,No
CUST104113,45.0,Male,2025-05-19,Month-to-month,No internet,Bank transfer,7,54.17,411.66,4,1,2,8.0,22.0,Bengaluru,No
CUST104294,39.0,Female,2022-08-08,Month-to-month,Fiber optic,Credit card,41,74.43,2772.3,6,2,0,5.0,18.0,Bengaluru,No
CUST101009,43.0,Male,2024-05-14,Month-to-month,Fiber optic,Credit card,20,106.86,2092.01,7,2,1,5.0,28.0,Pune,Yes
CUST102408,18.0,Male,2021-12-06,One year,Fiber optic,Electronic check,49,49.29,2596.69,1,2,0,5.0,33.0,Hyderabad,No
CUST101092,48.0,Female,2025-05-06,Month-to-month,DSL,Mailed check,8,39.77,311.61,3,1,0,8.0,45.0,Bengaluru,No
CUST101327,19.0,Female,2025-11-16,Two year,DSL,Electronic check,2,42.61,83.18,4,3,2,6.0,49.0,Pune,Yes
CUST101677,42.0,Female,2025-11-13,Month-to-month,Fiber optic,Electronic check,2,38.11,74.04,1,0,3,6.0,6.0,Chennai,No
CUST101999,65.0,Male,2025-06-10,One year,DSL,Credit card,7,39.56,311.45,2,1,1,6.0,19.0,Chennai,No
CUST101310,,Male,2024-10-25,One year,DSL,Credit card,14,75.78,1054.38,7,1,2,5.0,13.0,Delhi,No
CUST103303,50.0,Male,2022-09-07,One year,DSL,Credit card,40,32.81,1192.0,2,0,1,6.0,28.0,Mumbai,No
CUST101987,29.0,Male,2024-03-19,One year,Fiber optic,Credit card,21,61.41,1301.55,2,2,1,8.0,6.0,Bengaluru,No
CUST103698,25.0,Female,2024-12-31,Month-to-month,No internet,Electronic check,12,27.59,366.46,1,1,3,7.0,7.0,Hyderabad,Yes
CUST100344,57.0,Female,2025-04-03,One year,DSL,Credit card,9,59.45,526.39,5,0,0,9.0,2.0,Bengaluru,No
CUST104385,,Female,2023-05-20,One year,DSL,Electronic check,31,42.62,1085.95,3,0,1,6.0,10.0,Pune,No
CUST100986,21.0,Male,2023-07-09,Two year,DSL,Electronic check,30,62.1,2017.56,5,3,1,7.0,17.0,Mumbai,No
CUST103903,35.0,Female,2022-10-20,Month-to-month,DSL,Electronic check,38,48.65,1827.15,3,1,0,7.0,9.0,Pune,No
CUST103857,38.0,Female,2024-06-20,One year,No internet,Bank transfer,18,41.22,667.97,4,4,1,8.0,19.0,Bengaluru,No
CUST104335,28.0,Male,2025-08-19,Month-to-month,DSL,Bank transfer,4,65.12,220.16,4,5,1,4.0,11.0,Mumbai,No
CUST104055,43.0,Male,2021-12-21,One year,DSL,Electronic check,48,41.74,1745.68,4,1,0,7.0,33.0,Delhi,No
CUST103134,32.0,Male,2022-07-03,Month-to-month,Fiber optic,Bank transfer,42,59.01,2557.11,3,2,2,6.0,27.0,Bengaluru,No
CUST103095,24.0,Female,2023-04-02,Month-to-month,Fiber optic,Electronic check,33,76.91,2875.42,4,0,3,6.0,10.0,Delhi,No
CUST101142,18.0,Female,2021-03-03,Month-to-month,Fiber optic,Electronic check,58,67.53,3706.05,4,0,2,6.0,11.0,Chennai,No
CUST102358,53.0,Female,2022-03-02,One year,Fiber optic,Bank transfer,46,78.72,3566.68,4,2,3,6.0,5.0,Chennai,No
CUST101198,56.0,Female,2021-01-07,One year,DSL,Bank transfer,60,47.0,2699.58,4,1,0,6.0,11.0,Bengaluru,No
CUST100085,44.0,Male,2023-08-29,Month-to-month,DSL,Credit card,28,71.16,2269.91,8,1,1,9.0,27.0,Bengaluru,No
CUST101518,34.0,Male,2025-08-25,One year,DSL,Mailed check,4,55.92,217.86,3,0,0,8.0,30.0,Hyderabad,No
CUST100516,46.0,Female,2023-10-13,Month-to-month,No internet,Electronic check,27,40.98,1120.84,4,0,2,,1.0,Pune,No
CUST101381,18.0,Female,2023-11-20,One year,No internet,Electronic check,25,59.81,1334.79,4,3,2,7.0,20.0,Mumbai,No
CUST102716,39.0,Female,2024-10-26,Month-to-month,Fiber optic,Mailed check,14,73.17,1036.65,2,1,1,7.0,23.0,Chennai,Yes
CUST103127,43.0,Male,2025-02-28,Month-to-month,DSL,Electronic check,10,75.3,778.84,6,2,3,5.0,11.0,Mumbai,Yes
CUST101014,25.0,Male,2022-07-31,Month-to-month,DSL,Bank transfer,41,47.88,1910.83,3,4,2,7.0,33.0,Pune,No
CUST100128,30.0,Female,2024-09-05,Month-to-month,Fiber optic,,16,71.41,1198.07,4,1,1,7.0,9.0,Bengaluru,No
CUST101364,33.0,Female,2021-09-23,Month-to-month,Fiber optic,Electronic check,51,77.83,3947.56,5,3,1,8.0,13.0,Hyderabad,No
CUST103673,18.0,Female,2021-08-19,Month-to-month,DSL,Bank transfer,52,33.24,1965.63,4,5,0,9.0,18.0,Chennai,No
CUST103167,31.0,Male,2021-08-01,Month-to-month,No internet,Bank transfer,53,37.75,1982.38,3,1,3,7.0,31.0,Mumbai,No
CUST100891,31.0,Male,2021-11-10,One year,No internet,Credit card,50,70.4,3427.92,7,4,0,5.0,16.0,Bengaluru,No
CUST102793,32.0,Female,2023-02-15,Month-to-month,Fiber optic,Bank transfer,35,77.11,2444.99,6,0,2,9.0,40.0,Pune,Yes
CUST104230,52.0,Male,2022-09-27,Month-to-month,DSL,Electronic check,39,57.09,2363.51,4,5,1,6.0,18.0,Mumbai,Yes
CUST101359,35.0,Female,2021-07-03,One year,Fiber optic,Electronic check,54,67.27,2918.42,4,2,0,6.0,13.0,Delhi,No
CUST100307,54.0,Female,2021-12-05,Month-to-month,DSL,Credit card,49,56.17,2512.01,7,2,1,6.0,29.0,Bengaluru,No
CUST101661,25.0,Female,2025-08-16,One year,DSL,Bank transfer,5,74.03,412.37,6,3,3,5.0,18.0,Delhi,No
CUST102431,50.0,Male,2022-03-17,Month-to-month,DSL,Credit card,46,61.3,2694.72,5,1,1,9.0,12.0,Delhi,No
CUST103986,25.0,Male,2025-09-23,Month-to-month,No internet,Bank transfer,3,41.38,123.56,4,0,3,8.0,24.0,Bengaluru,No
CUST101317,43.0,Female,2023-05-23,One year,Fiber optic,Bank transfer,31,60.37,1826.07,4,2,0,9.0,19.0,Bengaluru,No
CUST104326,51.0,Female,2023-12-28,Month-to-month,DSL,Credit card,24,42.75,1023.47,3,1,1,6.0,13.0,Hyderabad,No
CUST102474,27.0,Female,2022-08-16,Two year,Fiber optic,Bank transfer,41,71.14,2908.01,5,3,1,5.0,46.0,Pune,No
CUST102542,34.0,Female,2024-10-01,Month-to-month,DSL, electronic check ,15,78.6,1079.21,6,1,0,8.0,20.0,Bengaluru,No
CUST101246,33.0,Male,2025-03-01,One year,DSL,Electronic check,10,89.9,914.94,7,2,1,6.0,15.0,Chennai,No
CUST101208,65.0,Male,2024-04-07,Month-to-month,Fiber optic,Electronic check,21,47.93,977.32,1,3,0,10.0,12.0,Delhi,No
CUST100216,44.0,Female,2021-07-06,Month-to-month,Fiber optic,Electronic check,54,53.17,3231.47,3,3,2,7.0,20.0,Hyderabad,No
CUST104315,37.0,Male,2023-08-15,One year,Fiber optic,Credit card,29,81.91,2298.26,5,0,1,10.0,22.0,Delhi,No
CUST103105,39.0,Female,2024-10-29,Month-to-month,Fiber optic,Electronic check,14,58.16,879.79,2,2,2,7.0,9.0,Delhi,No
CUST101239,57.0,Male,2025-08-21,Month-to-month,DSL,Electronic check,4,54.72,235.6,4,1,1,7.0,7.0,,No
CUST102289,19.0,Female,2021-09-03,Month-to-month,Fiber optic,Credit card,52,56.92,3258.95,4,1,0,7.0,4.0,Delhi,No
CUST102740,28.0,Male,2024-05-16,Month-to-month,Fiber optic,Credit card,20,100.22,1825.14,5,1,1,7.0,6.0,Chennai,Yes
CUST100275,43.0,Male,2022-11-08,Month-to-month,No internet,Electronic check,38,45.0,1833.91,1,0,0,9.0,7.0,Chennai,No
CUST100489,46.0,Male,2022-01-30,Month-to-month,DSL,Electronic check,47,51.27,2680.74,4,1,3,8.0,8.0,Bengaluru,No
CUST101035,38.0,Male,2023-09-14,Two year,DSL,Bank transfer,28,43.38,1307.45,4,3,2,4.0,20.0,Chennai,Yes
CUST101229,45.0,Female,2023-04-15,Month-to-month,Fiber optic,Electronic check,33,52.57,1694.46,2,2,0,10.0,5.0,Delhi,No
CUST104608,24.0,Female,2024-10-19,One year,No internet,Electronic check,14,74.85,1178.95,7,2,3,5.0,12.0,Pune,Yes
CUST101008,47.0,Male,2021-11-08,Month-to-month,DSL,Electronic check,50,33.45,1486.99,2,1,1,8.0,16.0,Delhi,No
CUST104730,36.0,Female,2025-03-04,Month-to-month,DSL,Electronic check,10,44.97,467.09,5,1,4,6.0,16.0,Mumbai,Yes
CUST103165,42.0,Male,2023-06-25,Two year,Fiber optic,Mailed check,30,94.66,2917.9,8,1,0,10.0,24.0,Bengaluru,No
CUST103226,27.0,Male,2022-02-09,Month-to-month,DSL,Bank transfer,47,43.9,2249.12,4,0,1,9.0,1.0,Pune,No
CUST102532,41.0,Male,2024-06-10,Month-to-month,DSL,Electronic check,19,44.31,757.48,3,2,1,7.0,10.0,Delhi,No
CUST104908,32.0,Female,2023-02-24,Month-to-month,Fiber optic,Mailed check,34,56.89,1878.57,1,1,1,7.0,36.0,Mumbai,No
CUST101058,39.0,Male,2023-07-11,Month-to-month,DSL,Electronic check,30,30.67,937.73,2,1,1,10.0,10.0,Chennai,No
CUST102166,72.0,Male,2022-10-08,Two year,No internet, electronic check ,39,39.27,1383.93,3,4,1,6.0,35.0,Hyderabad,No
CUST104121,47.0,Male,2024-12-28,Two year,Fiber optic,Electronic check,12,49.67,623.54,2,0,1,8.0,7.0,Hyderabad,No
CUST104412,47.0,Male,2024-12-15,Month-to-month,Fiber optic,Mailed check,13,67.94,915.67,4,0,2,6.0,2.0,Chennai,No
CUST100281,18.0,Male,2025-10-06,One year,No internet, electronic check ,3,48.86,140.17,2,2,0,6.0,19.0,Pune,No
CUST103614,18.0,Male,2023-09-01,Month-to-month,DSL, electronic check ,28,48.12,1209.73,3,2,2,6.0,18.0,Mumbai,No
CUST101316,36.0,Male,2022-01-05,Month-to-month,No internet,Electronic check,48,42.01,1781.66,3,1,0,9.0,19.0,Delhi,No
CUST101055,56.0,Female,2022-04-23,Month-to-month,DSL,Bank transfer,44,62.55,2463.2,4,1,1,7.0,3.0,Hyderabad,No
CUST100968,49.0,Female,2024-04-15,Month-to-month,Fiber optic,Credit card,21,56.84,1184.75,3,2,1,5.0,17.0,Bengaluru,No
CUST103169,24.0,Female,2023-02-08,One year,DSL,Bank transfer,35,49.21,1560.9,3,2,1,5.0,14.0,Hyderabad,No
CUST103972,41.0,Male,2021-03-02,Month-to-month,DSL,Bank transfer,58,47.37,2596.42,4,0,2,5.0,17.0,Hyderabad,No
CUST103210,38.0,Female,2024-04-15,Month-to-month,Fiber optic,Bank transfer,21,68.76,1602.11,4,3,0,6.0,11.0,Pune,No
CUST103567,24.0,Male,2022-05-17,Two year,Fiber optic,Electronic check,44,67.04,3391.44,3,4,0,6.0,41.0,Pune,No
CUST100619,55.0,Female,2021-01-08,Month-to-month,Fiber optic,Mailed check,60,74.12,4582.33,6,4,2,5.0,10.0,Hyderabad,No
CUST103279,33.0,Male,2023-02-12,Month-to-month,DSL,Credit card,35,44.85,1527.31,4,3,0,8.0,30.0,Hyderabad,No
CUST101742,44.0,Male,2023-12-14,One year,Fiber optic,Electronic check,25,82.22,2179.71,6,4,3,5.0,18.0,Chennai,No
CUST101390,30.0,Male,2024-03-03,Month-to-month,DSL,Electronic check,22,33.24,715.72,2,0,1,7.0,27.0,Pune,Yes
CUST104099,35.0,Female,2023-07-23,Month-to-month,No internet,Mailed check,29,51.7,1574.3,5,2,1,8.0,25.0,Mumbai,No
CUST101847,25.0,Female,2024-01-05,Month-to-month,DSL,Credit card,24,35.01,810.9,2,2,0,8.0,11.0,Chennai,No
CUST101579,42.0,Male,2024-07-02,Month-to-month,DSL,Mailed check,18,26.02,458.89,3,2,0,8.0,21.0,Chennai,No
CUST101655,19.0,MALE,2023-04-13,One year,Fiber optic,Mailed check,33,83.38,2914.32,4,2,0,8.0,11.0,Chennai,No
CUST102352,38.0,Male,2024-06-10,Two year,DSL,Credit card,19,59.36,1067.52,4,3,0,7.0,29.0,Delhi,No
CUST102212,54.0,Female,2025-02-09,Month-to-month,Fiber optic,Electronic check,11,75.91,905.76,5,2,0,7.0,,,No
CUST102020,38.0,Female,2022-06-04,One year,Fiber optic,Mailed check,43,79.3,3521.96,3,4,2,5.0,19.0,Mumbai,No
CUST104997,47.0,Male,2025-11-06,Two year,Fiber optic,Electronic check,2,57.22,106.6,2,2,1,7.0,15.0,Mumbai,No
CUST101956,49.0,Female,2025-07-12,Month-to-month,DSL,Electronic check,6,43.76,250.15,3,0,1,6.0,13.0,Hyderabad,No
CUST101307,53.0,Male,2021-09-27,One year,DSL,Bank transfer,51,53.09,2823.51,3,2,2,7.0,27.0,Mumbai,No
CUST102003,41.0,Male,2024-05-02,Two year,Fiber optic,Electronic check,20,91.91,2144.88,6,2,1,8.0,8.0,Hyderabad,No
CUST104478,47.0,Female,2022-01-16,Two year,Fiber optic,Electronic check,48,46.28,2222.59,1,1,2,6.0,29.0,Hyderabad,No
CUST100575,21.0,Male,2024-03-10,Two year,Fiber optic,Electronic check,22,87.67,1811.12,6,2,1,7.0,27.0,Chennai,No
CUST102360,57.0,Female,2023-03-12,One year,DSL,Credit card,34,26.98,1136.29,1,3,1,5.0,18.0,Chennai,No
CUST104224,30.0,Female,2024-05-05,Month-to-month,DSL,Credit card,20,48.12,1081.63,4,1,0,10.0,4.0,Chennai,No
CUST104459,41.0,Female,2025-04-23,One year,DSL,Electronic check,8,54.69,480.91,4,1,1,8.0,36.0,Pune,No
CUST101706,33.0,Female,2023-02-11,Month-to-month,Fiber optic,Bank transfer,35,72.63,2878.85,4,1,1,6.0,11.0,Chennai,No
CUST103792,34.0,Male,2021-03-24,Two year,DSL,Mailed check,57,37.16,2134.65,3,0,0,6.0,10.0,Mumbai,No
CUST103518,38.0,Male,2023-04-14,Two year,No internet,Bank transfer,33,36.74,1173.58,4,6,2,4.0,15.0,Chennai,No
CUST101280,52.0,Male,2025-10-07,One year,Fiber optic,Electronic check,3,84.31,263.06,5,1,0,9.0,14.0,Bengaluru,Yes
CUST100861,21.0,Female,2022-01-21,Month-to-month,Fiber optic,Mailed check,47,71.05,3160.26,5,2,0,7.0,13.0,Mumbai,No
CUST104167,26.0,Male,2023-07-25,One year,DSL,Electronic check,29,57.49,2004.01,5,2,1,7.0,5.0,Hyderabad,No
CUST101801,43.0,Male,2025-08-10,Month-to-month,No internet,Credit card,5,80.94,353.71,6,1,1,8.0,3.0,Delhi,Yes
CUST101628,43.0,Female,2025-06-06,Month-to-month,Fiber optic,Electronic check,7,65.56,446.8,1,3,4,5.0,7.0,Chennai,Yes
CUST101993,50.0,Female,2022-10-16,One year,Fiber optic,Mailed check,39,96.91,3271.74,8,1,1,8.0,24.0,Hyderabad,No
CUST102639,31.0,Male,2022-08-02,Month-to-month,DSL,Electronic check,41,48.1,1926.46,4,2,0,,5.0,Bengaluru,No
CUST100269,38.0,Female,2022-07-06,One year,Fiber optic,Credit card,42,63.99,2762.07,4,4,0,7.0,25.0,Pune,No
CUST100629,18.0,Male,2025-11-29,One year,Fiber optic,Electronic check,1,48.15,51.78,1,1,1,10.0,24.0,Hyderabad,No
CUST103081,25.0,Male,2023-01-22,Month-to-month,DSL,,35,27.51,1032.23,2,2,0,9.0,17.0,Delhi,No
CUST102334,32.0,Female,2025-07-03,Month-to-month,No internet,Credit card,6,60.67,342.83,4,5,0,5.0,22.0,Hyderabad,No
CUST102966,55.0,Male,2024-02-21,Month-to-month,DSL,Mailed check,22,60.83,1329.44,7,1,2,8.0,20.0,Pune,No
CUST100300,59.0,Male,2022-03-03,Two year,No internet,Electronic check,46,36.43,1795.34,4,2,1,7.0,20.0,Pune,No
CUST100459,38.0,Female,2022-04-21,Month-to-month,No internet,Credit card,44,39.92,1714.84,3,2,0,6.0,32.0,Bengaluru,No
CUST101447,56.0,Female,2022-01-21,One year,No internet,Electronic check,47,44.24,2096.24,3,2,2,7.0,16.0,Pune,No
CUST101472,38.0,Female,2021-07-12,One year,DSL,Credit card,54,28.01,1587.54,4,3,1,7.0,9.0,Delhi,No
CUST102046,46.0,Male,2024-07-27,One year,Fiber optic,Credit card,17,71.47,1268.94,5,0,0,6.0,18.0,Chennai,No
CUST104250,35.0,Male,2022-08-07,One year,No internet,Credit card,41,52.02,2151.09,4,1,0,6.0,25.0,Delhi,No
CUST103814,52.0,Female,2023-10-09,One year,DSL,Electronic check,27,67.36,1887.45,5,1,2,7.0,14.0,Mumbai,No
CUST102113,40.0,Female,2024-06-16,One year,DSL,Electronic check,19,47.79,804.4,4,2,2,5.0,5.0,Delhi,No
CUST100027,42.0,Female,2023-09-30,Month-to-month,Fiber optic,Electronic check,27,57.62,1571.47,3,2,0,8.0,13.0,Mumbai,No
CUST104989,48.0,Male,2024-11-30,Month-to-month,DSL,Credit card,13,71.14,903.8,5,2,3,,8.0,Delhi,No
CUST104545,38.0,Female,2021-04-09,Month-to-month,DSL,Credit card,57,77.11,4422.74,5,2,4,5.0,20.0,Chennai,No
CUST100837,55.0,Female,2025-09-19,One year,DSL,Electronic check,3,30.97,94.89,3,1,2,7.0,31.0,Chennai,No
CUST103877,42.0,Female,2023-07-06,Two year,DSL,Bank transfer,30,76.28,2250.87,6,1,1,7.0,36.0,Chennai,No
CUST102008,52.0,Male,2023-06-05,Month-to-month,DSL,Electronic check,31,54.54,1518.72,5,3,4,5.0,12.0,Hyderabad,Yes
CUST104932,59.0,Male,2023-01-25,Month-to-month,DSL,Bank transfer,35,41.78,1516.21,2,1,2,6.0,14.0,Bengaluru,No
CUST100503,20.0,Male,2021-07-20,Two year,DSL,Bank transfer,53,88.61,4736.73,8,3,1,6.0,16.0,Pune,No
CUST104629,26.0,Female,2023-06-27,One year,DSL,Credit card,30,43.62,1464.27,4,0,1,7.0,5.0,Bengaluru,No
CUST104327,44.0,Male,2024-02-05,Month-to-month,Fiber optic,Electronic check,23,63.13,1475.65,3,1,2,9.0,13.0,Mumbai,No
CUST100380,39.0,Male,2023-02-21,One year,DSL,Electronic check,34,78.25,2566.92,5,3,0,7.0,35.0,Delhi,Yes
CUST101851,41.0,Male,2025-05-15,Month-to-month,Fiber optic, electronic check ,8,47.04,366.61,2,0,0,7.0,21.0,Bengaluru,No
CUST101525,51.0,Male,2025-03-31,Month-to-month,DSL,Electronic check,9,37.96,364.62,3,0,1,9.0,,Hyderabad,No
CUST102365,56.0,,2025-03-08,Two year,DSL,Credit card,10,47.61,487.53,5,1,1,7.0,15.0,Hyderabad,No
CUST103273,33.0,Male,2022-09-16,One year,DSL,Bank transfer,40,50.35,2164.18,5,5,1,3.0,11.0,Mumbai,No
CUST103052,27.0,Female,2022-12-21,Month-to-month,Fiber optic,Mailed check,36,85.59,3247.28,7,1,2,9.0,9.0,Delhi,No
CUST102884,38.0,Female,2023-02-16,One year,DSL,Electronic check,34,79.51,2794.33,6,2,1,7.0,16.0,Pune,No
CUST102340,56.0,Female,2022-05-13,Month-to-month,Fiber optic,Credit card,44,77.74,2963.18,5,1,3,7.0,27.0,Delhi,No
CUST100374,45.0,Male,2022-01-16,Month-to-month,Fiber optic,Credit card,48,61.97,3017.9,4,0,0,8.0,15.0,Pune,No
CUST103305,44.0,Female,2024-03-14,One year,Fiber optic,Bank transfer,22,73.9,1584.01,4,1,1,7.0,31.0,Mumbai,No
CUST102381,47.0,Male,2023-11-22,Month-to-month,Fiber optic,Bank transfer,25,65.04,1677.54,4,4,3,3.0,11.0,Pune,Yes
CUST104332,56.0, female ,2021-09-24,Two year,Fiber optic,Electronic check,51,61.61,3078.3,3,1,0,7.0,29.0,Mumbai,No
CUST100939,48.0,Female,2021-04-24,Month-to-month,Fiber optic,Electronic check,56,34.57,1843.3,2,5,2,3.0,20.0,Chennai,Yes
CUST103902,20.0,Male,2023-07-11,Month-to-month,No internet,Bank transfer,30,70.36,2296.12,5,0,0,10.0,5.0,Pune,No
CUST104187,34.0,Male,2023-06-15,One year,DSL,Credit card,31,45.49,1362.06,4,3,1,7.0,22.0,Hyderabad,No
CUST102799,30.0,Female,2022-12-30,One year,DSL,Electronic check,36,32.83,977.56,3,2,3,7.0,17.0,Delhi,No
CUST102147,49.0,Female,2024-03-11,Month-to-month,DSL,Credit card,22,36.28,753.58,3,2,2,6.0,15.0,Mumbai,No
CUST103868,42.0,Male,2024-10-05,Month-to-month,No internet,Electronic check,15,31.43,518.54,2,1,3,5.0,14.0,Bengaluru,Yes
CUST104563,35.0,Male,2024-03-16,One year,No internet,Electronic check,22,36.58,842.28,3,1,2,6.0,48.0,Hyderabad,No
CUST104238,37.0,Male,2023-03-17,One year,No internet,Bank transfer,34,19.09,639.55,1,1,1,5.0,21.0,Delhi,No
CUST102068,44.0,Female,2021-01-25,Two year,Fiber optic,Bank transfer,59,49.43,3167.76,3,1,2,8.0,11.0,Pune,No
CUST100529,57.0,Female,2022-07-09,One year,DSL,Electronic check,42,66.01,2580.27,3,1,3,7.0,6.0,Chennai,No
CUST103780,43.0,Female,2022-03-27,Month-to-month,DSL,Mailed check,45,50.75,2039.08,3,3,0,6.0,11.0,Pune,No
CUST100636,36.0,Male,2025-09-02,One year,DSL,Mailed check,4,71.89,284.97,7,1,0,5.0,14.0,Hyderabad,No
CUST101269,45.0,Male,2023-04-19,Two year,Fiber optic,Credit card,32,72.56,2443.93,4,3,3,4.0,8.0,Chennai,No
CUST100185,56.0,Female,2023-10-15,Two year,Fiber optic,Mailed check,27,76.15,1966.83,5,0,0,7.0,20.0,Delhi,No
CUST103869,45.0,Female,2023-10-02,Month-to-month,Fiber optic,Electronic check,27,71.8,1693.16,4,2,0,7.0,17.0,Hyderabad,No
CUST103741,29.0,Female,2022-04-08,Two year,DSL,Electronic check,45,55.23,2820.47,4,1,3,,17.0,Pune,No
CUST103676,25.0,Female,2023-02-17,Two year,Fiber optic,Credit card,34,87.88,2833.16,7,1,3,5.0,24.0,Chennai,No
CUST101797,36.0,Male,2024-05-20,Month-to-month,Fiber optic,Credit card,19,85.47,1760.45,8,1,1,6.0,11.0,Hyderabad,No
CUST102979,66.0,Male,2021-05-23,Month-to-month,DSL,Bank transfer,55,51.83,2857.8,6,1,1,7.0,12.0,,Yes
CUST101441,42.0,Male,2024-02-18,One year,Fiber optic,Electronic check,22,94.34,2239.82,7,6,1,5.0,17.0,Mumbai,Yes
CUST103473,45.0,Male,2023-09-10,Two year,DSL,Bank transfer,28,49.48,1375.48,5,2,1,7.0,15.0,Mumbai,No
CUST104899,33.0,Male,2024-05-07,Month-to-month,Fiber optic,Credit card,20,78.3,1418.62,5,2,0,6.0,11.0,Delhi,No
CUST101535,26.0,Female,2022-11-11,One year,DSL,Bank transfer,38,69.11,2817.63,7,1,0,9.0,17.0,Hyderabad,No
CUST104010,42.0,Female,2025-11-14,Month-to-month,Fiber optic,Electronic check,2,81.84,181.02,3,2,2,5.0,37.0,Pune,Yes
CUST103188,34.0,Female,2025-03-14,Month-to-month,Fiber optic,Credit card,10,49.09,530.55,3,1,3,6.0,5.0,Bengaluru,No
CUST101273,42.0,Female,2023-05-23,Month-to-month,No internet,,31,50.42,1496.4,4,1,0,8.0,23.0,Bengaluru,No
CUST102467,,Female,2023-04-13,Month-to-month,Fiber optic,Electronic check,33,65.48,1985.85,4,4,3,5.0,28.0,Bengaluru,No
CUST100607,43.0,Female,2024-01-15,Month-to-month,Fiber optic,Mailed check,24,66.31,1601.63,4,4,1,4.0,25.0,Bengaluru,Yes
CUST103433,39.0,Female,2025-07-20,Month-to-month,Fiber optic,Credit card,5,72.44,351.95,4,3,1,5.0,9.0,Chennai,No
CUST101712,46.0,Female,2025-08-23,Month-to-month,Fiber optic,Electronic check,4,75.36,338.15,5,1,1,8.0,17.0,Bengaluru,No
CUST102199,28.0,Male,2022-10-31,Month-to-month,No internet,Bank transfer,38,49.25,1891.59,3,0,3,7.0,9.0,Hyderabad,No
CUST100955,54.0,Female,2021-05-08,Month-to-month,DSL,Credit card,56,63.36,3632.6,6,2,0,7.0,9.0,Hyderabad,No
CUST102579,54.0,Male,2021-10-07,Month-to-month,Fiber optic,Electronic check,51,56.91,2488.81,5,3,1,7.0,21.0,Delhi,No
CUST103949,38.0,Male,2022-12-04,One year,DSL,Credit card,37,18.0,662.09,3,4,1,6.0,32.0,Chennai,No
CUST104448,55.0,Female,2023-08-22,Month-to-month,Fiber optic,Electronic check,28,56.69,1764.57,3,3,0,5.0,31.0,Delhi,No
CUST103426,43.0,Female,2023-05-13,Month-to-month,DSL,Bank transfer,32,54.78,1817.35,4,3,1,8.0,17.0,Pune,No
CUST104283,32.0,Female,2023-04-06,Month-to-month,Fiber optic,Electronic check,33,45.22,1535.67,2,1,0,10.0,21.0,Mumbai,No
CUST100403,33.0,Male,2022-02-08,Month-to-month,DSL,Credit card,47,47.05,2317.92,3,2,1,8.0,46.0,Bengaluru,No
CUST102071,21.0,Female,2025-06-19,One year,DSL,Electronic check,6,54.03,350.79,4,3,1,7.0,11.0,Chennai,Yes
CUST104877,45.0,Male,2022-04-06,Month-to-month,DSL,Bank transfer,45,46.74,2319.27,3,3,1,6.0,33.0,Pune,No
CUST101977,41.0,Male,2022-10-14,Month-to-month,DSL,Credit card,39,31.58,1124.61,4,3,0,6.0,17.0,Hyderabad,No
CUST100158,32.0,Female,2024-11-05,One year,Fiber optic,Bank transfer,14,58.52,872.85,2,2,3,5.0,7.0,Hyderabad,No
CUST101748,32.0,Female,2021-03-12,Two year,DSL,Credit card,58,50.44,2491.02,5,0,2,8.0,18.0,Hyderabad,No
CUST102909,45.0,Female,2021-05-03,Two year,DSL,Electronic check,56,63.07,2942.23,5,2,0,8.0,8.0,Hyderabad,No
CUST104840,40.0,Male,2021-11-05,Month-to-month,DSL,Electronic check,50,67.94,2800.33,4,2,1,8.0,6.0,Delhi,No
CUST100902,36.0,Female,2024-01-30,Month-to-month,Fiber optic,Credit card,23,86.34,1903.15,5,2,0,6.0,16.0,Hyderabad,Yes
CUST100352,31.0,Male,2025-03-26,Two year,No internet,Electronic check,9,34.5,307.34,4,2,2,6.0,7.0,Pune,No
CUST101230,31.0,Female,2022-12-17,Month-to-month,Fiber optic,Credit card,36,70.67,2362.72,3,1,0,7.0,51.0,Delhi,Yes
CUST104694,37.0,Male,2022-05-15,Two year,Fiber optic,Electronic check,44,93.72,4443.98,5,1,2,7.0,27.0,Pune,No
CUST102140,37.0,Female,2023-11-17,Month-to-month,DSL,Mailed check,25,58.41,1552.93,5,2,1,8.0,20.0,Chennai,No
CUST100444,34.0,Male,2025-11-15,Month-to-month,DSL,Credit card,2,54.06,94.43,5,3,3,5.0,33.0,Mumbai,Yes
CUST104973,18.0,Female,2025-06-18,Two year,Fiber optic,Mailed check,6,52.16,324.2,2,2,4,7.0,17.0,Mumbai,Yes
CUST100754,59.0,Male,2024-12-16,Two year,DSL,Credit card,13,51.57,660.39,3,2,1,8.0,19.0,Chennai,No
CUST101737,36.0,Male,2025-06-01,Month-to-month,DSL,Mailed check,7,40.62,283.52,1,1,1,9.0,32.0,Delhi,No
CUST102971,37.0,Male,2024-02-24,Month-to-month,DSL,Credit card,22,18.0,395.96,1,2,5,5.0,18.0,Pune,No
CUST100705,26.0,Female,2025-02-11,Two year,Fiber optic,Mailed check,11,81.32,1028.27,6,3,0,5.0,14.0,Delhi,No
CUST102920,29.0,Male,2025-10-02,Month-to-month,Fiber optic,Bank transfer,3,72.91,232.42,4,2,0,6.0,11.0,Delhi,No
CUST100311,43.0,Female,2024-09-01,Month-to-month,Fiber optic,Bank transfer,16,71.51,1344.89,5,0,2,6.0,31.0,Mumbai,No
CUST100548,46.0,Female,2023-12-03,Month-to-month,DSL,Bank transfer,25,36.42,988.25,2,0,2,8.0,39.0,Pune,No
CUST100661,38.0,Male,2025-05-31,Two year,No internet,Credit card,7,52.18,402.51,4,1,1,5.0,3.0,Mumbai,No
CUST104785,19.0,Female,2024-06-18,Month-to-month,DSL,Credit card,18,67.01,1323.53,6,1,0,9.0,22.0,Mumbai,No
CUST101989,22.0,Female,2023-06-16,Month-to-month,Fiber optic,Electronic check,31,48.83,1527.1,2,4,1,5.0,44.0,Chennai,Yes
CUST100306,34.0,Female,2023-03-02,Month-to-month,No internet,Bank transfer,34,48.23,1609.78,4,4,0,5.0,14.0,Hyderabad,No
CUST102335,39.0,Female,2023-02-21,Month-to-month,Fiber optic,Electronic check,34,64.52,2173.72,2,1,0,10.0,11.0,Delhi,No
CUST100694,28.0,MALE,2022-07-25,Month-to-month,DSL,,41,24.36,1049.26,2,0,2,7.0,17.0,Mumbai,No
CUST102356,40.0,Male,2022-06-11,One year,Fiber optic,Electronic check,43,73.0,3131.11,5,2,0,7.0,18.0,Mumbai,No
CUST101927,26.0,Female,2022-07-15,Month-to-month,DSL,Bank transfer,42,62.24,2592.71,3,1,1,8.0,3.0,Chennai,No
CUST100684,33.0,Female,2023-09-10,Month-to-month,DSL,Bank transfer,28,47.5,1298.45,2,2,0,8.0,12.0,Pune,No
CUST100749,27.0,Female,2025-04-13,Month-to-month,DSL,Electronic check,9,38.81,354.5,3,1,2,7.0,25.0,Chennai,No
CUST103537,34.0,Female,2021-01-21,Two year,No internet,Electronic check,59,57.02,3194.45,5,1,0,9.0,26.0,Bengaluru,No
CUST103291,41.0,Female,2023-11-29,Month-to-month,Fiber optic,Bank transfer,25,80.46,1577.58,6,0,1,7.0,15.0,Mumbai,No
CUST101266,28.0,Male,2025-02-23,Two year,Fiber optic,Credit card,10,71.36,589.24,3,1,1,6.0,25.0,Pune,No
CUST104466,38.0,Female,2022-11-30,Month-to-month,Fiber optic,Electronic check,37,80.57,2875.69,5,2,1,6.0,9.0,Chennai,No
CUST103951,67.0,Female,2022-11-29,One year,DSL,Electronic check,37,65.44,2284.26,5,2,3,7.0,44.0,Hyderabad,No
CUST104446,43.0,,2023-11-09,Month-to-month,No internet,Bank transfer,26,42.81,1184.3,3,1,2,7.0,6.0,Hyderabad,No
CUST104037,38.0,Male,2024-10-08,One year,DSL,Mailed check,15,28.75,439.36,2,1,3,5.0,9.0,Delhi,No
CUST103083,32.0,Male,2022-06-27,One year,DSL,Electronic check,42,66.28,3272.32,6,2,2,6.0,12.0,Hyderabad,No
CUST103061,40.0,Male,2023-08-08,Month-to-month,DSL,Credit card,29,91.25,2664.98,8,1,2,7.0,23.0,Pune,No
CUST103025,38.0,Male,2021-09-12,Month-to-month,DSL,Bank transfer,52,44.26,1922.55,4,3,3,6.0,10.0,Pune,No
CUST100970,35.0,Male,2023-06-13,One year,Fiber optic,,31,74.77,2552.02,4,1,2,6.0,8.0,Mumbai,No
CUST100013,52.0,Female,2025-09-07,Month-to-month,No internet,Credit card,4,64.63,255.58,6,3,1,5.0,30.0,Chennai,No
CUST100873,39.0,Female,2021-05-12,One year,Fiber optic,Electronic check,56,65.64,3224.38,3,1,3,7.0,15.0,Pune,No
CUST100808,34.0,Male,2022-08-11,Two year,DSL,Electronic check,41,51.11,2234.35,4,3,2,5.0,13.0,Hyderabad,No
CUST103198,50.0,Male,2021-03-31,One year,No internet,Credit card,57,50.16,2758.05,5,1,1,7.0,4.0,Chennai,No
CUST100514,47.0,Female,2025-08-30,Two year,Fiber optic,Credit card,4,89.28,377.06,8,2,0,8.0,19.0,Mumbai,No
CUST104699,38.0,Female,2024-08-12,Month-to-month,DSL,Bank transfer,17,39.32,650.24,3,2,0,6.0,8.0,Bengaluru,No
CUST100409,22.0,Male,2021-01-06,Month-to-month,Fiber optic,Mailed check,60,60.53,4074.17,4,0,2,7.0,14.0,Pune,No
CUST103454,56.0,Female,2022-01-23,Month-to-month,Fiber optic,Credit card,47,45.52,2259.86,2,0,0,6.0,8.0,Mumbai,No
CUST104365,50.0,Female,2023-03-19,Month-to-month,Fiber optic,Electronic check,33,68.79,2656.94,4,1,0,7.0,6.0,Hyderabad,No
CUST100207,23.0,Male,2024-08-24,One year,DSL,Credit card,16,28.69,430.11,3,3,0,7.0,13.0,Chennai,No
CUST103268,34.0,Female,2024-10-03,Month-to-month,DSL,Bank transfer,15,28.2,399.9,2,1,1,7.0,13.0,Delhi,No
CUST100458,42.0,Female,2023-03-19,Two year,No internet,Electronic check,33,77.47,2760.93,8,2,2,,17.0,Chennai,No
CUST103519,46.0,Male,2023-12-01,One year,Fiber optic,Electronic check,25,95.4,2620.03,7,0,1,7.0,4.0,Hyderabad,No
CUST102430,20.0,Female,2021-08-02,Two year,DSL,Mailed check,53,80.76,4090.23,7,2,1,7.0,16.0,Pune,No
CUST103707,,Male,2021-07-06,Month-to-month,DSL,Bank transfer,54,62.47,3925.87,6,2,4,6.0,19.0,Pune,Yes
CUST100110,43.0, female ,2023-01-03,Month-to-month,Fiber optic,Bank transfer,36,76.81,2250.36,5,1,3,7.0,27.0,Pune,No
CUST103796,18.0,Male,2025-08-08,One year,DSL,Electronic check,5,65.66,303.2,4,2,0,6.0,7.0,Bengaluru,No
CUST101107,28.0,Male,2025-09-04,Month-to-month,DSL,Electronic check,4,18.0,75.1,3,2,1,5.0,23.0,Chennai,No
CUST101883,39.0,Female,2022-02-19,One year,No internet,Credit card,46,44.82,1773.49,2,1,1,9.0,27.0,Hyderabad,No
CUST101713,37.0,Male,2022-01-31,Month-to-month,DSL,Bank transfer,47,67.97,2998.16,5,3,3,7.0,19.0,Pune,No
CUST104011,41.0,Male,2022-06-24,Month-to-month,DSL,Mailed check,42,38.5,1645.92,3,5,0,5.0,15.0,Chennai,No
CUST104366,43.0,Female,2024-07-12,Month-to-month,Fiber optic,Bank transfer,18,96.21,1650.05,6,3,0,5.0,7.0,Bengaluru,No
CUST100552,42.0,Female,2023-01-28,Month-to-month,No internet,Credit card,35,62.77,2500.43,7,2,0,6.0,13.0,Chennai,No
CUST101439,51.0,Male,2024-10-27,Month-to-month,Fiber optic,Electronic check,14,51.53,812.78,2,2,1,6.0,10.0,Chennai,No
CUST102270,43.0,Male,2024-10-26,Month-to-month,DSL,Bank transfer,14,44.34,586.93,5,1,2,7.0,5.0,,No
CUST103144,33.0,Female,2023-12-19,Month-to-month,No internet,Electronic check,24,38.95,890.15,4,1,1,9.0,17.0,Bengaluru,No
CUST102821,42.0,Female,2021-03-31,One year,Fiber optic,Credit card,57,72.25,3743.09,4,1,2,5.0,10.0,Mumbai,No
CUST104805,22.0,Female,2022-03-08,Month-to-month,DSL,Electronic check,46,18.0,764.48,1,1,0,7.0,24.0,Hyderabad,No
CUST101925,24.0,Male,2024-06-29,Month-to-month,DSL,Electronic check,18,58.15,812.66,4,1,1,6.0,38.0,Bengaluru,Yes
CUST100634,34.0,Female,2023-08-10,Month-to-month,Fiber optic,Bank transfer,29,57.77,1484.05,2,4,2,5.0,35.0,Chennai,No
CUST104829,18.0,Male,2025-09-13,Month-to-month,Fiber optic,Bank transfer,4,75.18,272.72,6,2,1,6.0,5.0,Bengaluru,No
CUST100316,39.0,Male,2025-02-05,Month-to-month,DSL,Electronic check,11,54.49,648.93,6,5,1,3.0,8.0,Pune,No
CUST104239,46.0,Male,2024-04-28,One year,DSL,Mailed check,20,63.57,1268.28,5,1,0,8.0,8.0,Mumbai,No
CUST104796,,Male,2022-02-17,One year,Fiber optic,Credit card,46,67.04,2571.13,4,3,1,5.0,18.0,Bengaluru,No
CUST101328,37.0,Female,2023-07-10,Month-to-month,DSL,Credit card,30,61.04,2106.14,5,1,2,6.0,13.0,Delhi,No
CUST100427,59.0,Female,2021-12-06,Two year,DSL,Bank transfer,49,20.61,974.73,2,2,1,9.0,22.0,Pune,Yes
CUST104031,32.0,Female,2023-05-15,One year,Fiber optic,Mailed check,32,75.87,2272.22,1,1,1,9.0,7.0,Chennai,No
CUST100105,36.0,Male,2021-12-07,Two year,Fiber optic,Electronic check,49,43.68,2133.73,2,1,2,6.0,7.0,Chennai,No
CUST103041,37.0,Male,2021-05-18,Two year,Fiber optic,Bank transfer,55,,3056.87,3,1,1,9.0,10.0,Bengaluru,No
CUST100142,18.0,Female,2024-01-18,One year,Fiber optic,Credit card,23,,1218.57,2,3,1,5.0,18.0,Chennai,No
CUST102169,31.0,Male,2021-10-20,One year,Fiber optic,Bank transfer,50,45.41,2300.53,3,1,2,9.0,18.0,Mumbai,No
CUST103375,31.0,Male,2021-12-23,Two year,No internet,Bank transfer,48,55.82,2930.31,4,1,4,5.0,16.0,Bengaluru,No
CUST100089,43.0,Male,2025-09-13,One year,No internet,Credit card,4,,382.71,8,1,2,5.0,7.0,Hyderabad,No
CUST102918,26.0,Female,2022-04-19,Two year,Fiber optic,Bank transfer,44,82.71,3536.16,5,0,2,6.0,2.0,Pune,No
CUST103237,47.0,Female,2024-07-08,One year,Fiber optic,Electronic check,18,81.68,1607.32,5,1,2,7.0,8.0,Delhi,No
CUST102241,28.0,Female,2021-05-22,Month-to-month,No internet,Bank transfer,55,41.3,2635.77,3,0,0,9.0,32.0,Hyderabad,No
CUST103174,47.0,Male,2022-09-23,One year,Fiber optic,Bank transfer,39,68.46,2354.64,4,4,1,9.0,7.0,Chennai,No
CUST103458,35.0,Male,2025-03-19,Month-to-month,DSL,Electronic check,9,75.9,605.63,6,2,3,4.0,15.0,Chennai,Yes
CUST102163,46.0,Female,2024-04-17,Month-to-month,Fiber optic,Credit card,20,83.44,1846.22,4,2,0,7.0,17.0,Delhi,No
CUST102636,34.0,Male,2025-05-08,Month-to-month,Fiber optic,Electronic check,8,70.81,510.65,3,3,1,5.0,26.0,Hyderabad,No
CUST101949,62.0,Female,2025-01-08,Two year,No internet,Credit card,12,46.44,556.93,5,1,1,7.0,11.0,Hyderabad,No
CUST101768,27.0,Female,2022-08-28,Month-to-month,Fiber optic,Electronic check,40,73.04,2700.86,3,0,1,9.0,10.0,Hyderabad,No
CUST104835,29.0,Female,2025-03-18,One year,Fiber optic,Credit card,9,96.54,941.66,7,3,1,4.0,19.0,Pune,Yes
CUST102272,46.0,Female,2025-04-17,Two year,Fiber optic,Mailed check,9,59.03,519.62,3,1,4,7.0,5.0,Chennai,No
CUST100001,26.0,Male,2022-02-09,One year,DSL,Electronic check,47,59.0,2732.64,5,0,0,8.0,4.0,Pune,No
CUST104729,34.0,Male,2024-03-22,Month-to-month,Fiber optic,Credit card,21,35.68,731.91,2,3,3,7.0,19.0,Mumbai,No
CUST104982,18.0,Female,2025-10-02,Month-to-month,DSL,Electronic check,3,63.09,166.04,4,2,3,6.0,11.0,Delhi,No
CUST101951,41.0,Male,2021-04-04,Month-to-month,No internet,Mailed check,57,48.26,2211.74,5,2,1,7.0,,Chennai,No
CUST100935,45.0,Male,2021-09-08,Month-to-month,DSL,Bank transfer,52,46.41,2427.7,4,1,1,5.0,5.0,Mumbai,No
CUST104319,74.0,Female,2021-03-14,Two year,DSL,Electronic check,58,47.71,2965.73,3,3,1,6.0,24.0,Hyderabad,Yes
CUST102720,40.0,Male,2023-04-25,Two year,DSL,Electronic check,32,43.11,1405.36,4,4,2,3.0,32.0,Hyderabad,Yes
CUST103534,44.0,Male,2022-01-06,One year,Fiber optic,Credit card,48,50.95,2666.5,3,5,4,5.0,11.0,Mumbai,No
CUST101109,48.0,Female,2023-10-31,One year,No internet,Electronic check,26,45.09,1142.8,4,2,5,4.0,12.0,Chennai,Yes
CUST104467,34.0,Female,2022-01-23,Month-to-month,Fiber optic,Electronic check,47,79.41,3422.61,4,2,4,6.0,11.0,Hyderabad,No
CUST100591,41.0,Female,2023-04-29,Month-to-month,Fiber optic,Credit card,32,79.66,2492.23,4,1,1,6.0,11.0,Chennai,No
CUST101695,43.0,Female,2023-12-22,One year,DSL,Bank transfer,24,56.82,1189.89,5,2,3,6.0,21.0,Hyderabad,No
CUST103496,50.0,Female,2025-04-04,Two year,Fiber optic,Electronic check,9,55.63,589.88,2,3,3,7.0,18.0,Hyderabad,No
CUST102936,18.0,Male,2024-12-27,Month-to-month,DSL,Bank transfer,12,23.1,304.6,2,0,0,9.0,31.0,Pune,No
CUST104226,43.0,Female,2022-07-18,Month-to-month,Fiber optic,Mailed check,41,65.17,2431.11,4,1,0,8.0,12.0,Pune,No
CUST104865,39.0,Female,2023-06-30,Month-to-month,Fiber optic,Bank transfer,30,73.83,2335.65,3,2,1,8.0,4.0,Delhi,No
CUST101576,38.0,Male,2025-08-29,Month-to-month,DSL,Mailed check,4,66.66,237.74,5,0,2,6.0,14.0,Chennai,Yes
CUST104304,38.0,Female,2021-10-06,Two year,Fiber optic,Credit card,51,96.2,4980.36,8,1,1,7.0,17.0,Chennai,No
CUST100213,32.0,Male,2021-05-14,Month-to-month,DSL,Mailed check,56,48.82,2345.32,3,1,4,8.0,17.0,Delhi,No
CUST100778,39.0, female ,2021-03-11,Month-to-month,Fiber optic,Credit card,58,67.63,4125.04,5,1,2,8.0,9.0,Mumbai,No
CUST101415,28.0,Male,2024-01-06,Two year,Fiber optic,Electronic check,24,61.7,1553.76,3,0,3,8.0,2.0,Mumbai,No
CUST103809,43.0,Female,2024-01-10,One year,DSL,Credit card,24,50.37,1167.11,3,0,2,6.0,,Chennai,No
CUST102043,29.0,Female,2024-07-14,Month-to-month,Fiber optic,Bank transfer,18,62.1,1169.56,2,0,2,7.0,23.0,Pune,No
CUST102848,47.0,Male,2024-11-18,Month-to-month,Fiber optic,Bank transfer,13,77.77,1077.29,5,1,1,8.0,10.0,Bengaluru,No
CUST104560,46.0,Male,2021-04-05,Month-to-month,DSL,Credit card,57,47.0,2833.21,4,2,2,7.0,13.0,Chennai,No
CUST103553,18.0,Male,2022-04-06,Two year,Fiber optic,Bank transfer,45,68.48,2903.84,4,0,0,9.0,5.0,Delhi,No
CUST104721,27.0,Male,2024-03-08,Month-to-month,Fiber optic,Credit card,22,68.56,1500.27,4,0,1,8.0,20.0,Mumbai,No
CUST101567,40.0,Female,2022-03-18,One year,DSL,Mailed check,45,38.56,1708.2,3,3,3,5.0,17.0,Delhi,Yes
CUST100165,27.0,Female,2023-05-30,One year,Fiber optic,Credit card,31,32.21,1076.82,1,2,0,6.0,19.0,Delhi,No
CUST104738,48.0,Male,2023-06-06,Two year,DSL,Electronic check,31,86.19,2635.88,6,2,1,7.0,8.0,Pune,No
CUST103633,36.0,Male,2025-12-04,Month-to-month,DSL,Bank transfer,1,,17.82,3,1,1,6.0,18.0,Bengaluru,No
CUST104951,28.0,Male,2025-09-19,One year,Fiber optic,Electronic check,3,74.17,223.97,4,1,4,5.0,17.0,Mumbai,No
CUST101343,32.0,Female,2023-07-31,Two year,DSL,Credit card,29,38.34,1124.54,3,1,1,8.0,13.0,Hyderabad,No
CUST102013,38.0,Male,2022-02-06,Month-to-month,DSL,Credit card,47,73.83,3587.93,6,4,0,5.0,16.0,Bengaluru,No
CUST100273,63.0,Male,2023-01-10,One year,Fiber optic,Credit card,36,59.42,2291.88,4,1,0,8.0,8.0,Bengaluru,No
CUST100071,24.0,Male,2023-05-28,Two year,No internet,Bank transfer,31,55.56,1802.55,3,0,1,9.0,4.0,Mumbai,No
CUST103939,56.0,Female,2023-06-20,One year,Fiber optic,Mailed check,30,54.21,1741.38,3,1,1,6.0,5.0,Mumbai,No
CUST101087,19.0,Male,2022-02-06,Two year,No internet,Bank transfer,47,58.14,2763.89,5,2,0,4.0,13.0,Chennai,No
CUST100394,46.0,Female,2022-12-21,Month-to-month,DSL,Credit card,36,56.12,1671.44,5,2,4,4.0,6.0,Mumbai,Yes
CUST100583,25.0,Female,2021-08-22,Month-to-month,Fiber optic,Bank transfer,52,75.14,3995.94,3,2,3,5.0,16.0,Mumbai,Yes
CUST101367,54.0,Male,2023-09-18,Two year,DSL,Credit card,27,41.98,1089.06,2,1,1,5.0,11.0,Hyderabad,No
CUST100915,52.0,Female,2022-04-16,One year,Fiber optic,Electronic check,45,75.98,2706.78,4,1,3,5.0,16.0,Hyderabad,No
CUST104666,54.0,Male,2024-07-06,One year,Fiber optic,Credit card,18,80.19,1462.04,4,0,1,,21.0,Pune,No
CUST102548,9.0,Female,2023-08-02,One year,Fiber optic,Electronic check,29,55.98,1579.11,3,0,2,6.0,6.0,Hyderabad,No
CUST101013,18.0,Male,2021-04-25,One year,No internet,Electronic check,56,42.84,2597.62,2,0,0,9.0,15.0,Pune,No
CUST104922,40.0,Female,2021-06-19,Month-to-month,Fiber optic,Credit card,54,81.18,4479.84,5,4,1,5.0,17.0,Delhi,No
CUST103003,19.0,Female,2023-06-12,Month-to-month,DSL,Credit card,31,62.11,1891.56,5,3,0,8.0,14.0,,No
CUST104812,38.0,Male,2023-03-06,Month-to-month,DSL,Mailed check,34,23.96,781.38,1,1,1,7.0,8.0,Hyderabad,No
CUST104053,32.0,Female,2024-10-22,Month-to-month,Fiber optic,Bank transfer,14,81.52,1107.02,6,3,1,6.0,26.0,Pune,Yes
CUST103580,46.0,Female,2021-11-12,One year,Fiber optic,Electronic check,50,50.65,2720.85,2,2,2,8.0,5.0,Bengaluru,No
CUST101763,25.0,Female,2025-05-02,Month-to-month,Fiber optic,Bank transfer,8,72.65,495.32,5,1,0,6.0,14.0,Delhi,No
CUST101875,18.0,Female,2025-08-12,Two year,Fiber optic,Electronic check,5,64.72,357.04,3,1,2,4.0,19.0,Bengaluru,No
CUST101259,32.0,Female,2022-07-18,One year,Fiber optic,Credit card,41,63.63,2378.17,4,3,2,4.0,41.0,Bengaluru,Yes
CUST103344,20.0,Male,2025-03-07,One year,DSL,Mailed check,10,64.22,662.09,6,3,1,4.0,11.0,Pune,No
CUST104553,42.0,Male,2022-11-06,Month-to-month,Fiber optic,Electronic check,38,56.59,2309.26,2,2,0,7.0,21.0,Bengaluru,No
CUST102253,18.0,Female,2023-06-03,Month-to-month,Fiber optic,Mailed check,31,56.35,1481.86,2,4,3,4.0,9.0,Chennai,No
CUST102781,30.0,Female,2025-12-01,Month-to-month,Fiber optic,Credit card,1,41.89,47.83,3,3,1,5.0,39.0,Bengaluru,Yes
CUST103778,37.0,Male,2024-04-17,One year,Fiber optic,Credit card,20,72.61,1321.28,3,3,1,6.0,18.0,Delhi,No
CUST100526,55.0,Male,2023-01-26,Month-to-month,DSL,Bank transfer,35,30.96,1015.43,3,1,3,6.0,22.0,Hyderabad,Yes
CUST103467,18.0,Male,2022-03-07,One year,No internet,Electronic check,46,250.0,2633.39,5,2,3,6.0,5.0,Mumbai,No
CUST102946,57.0,Male,2024-02-08,Month-to-month,DSL,Electronic check,23,22.7,504.05,2,4,0,7.0,13.0,Pune,No
CUST100377,18.0,Male,2021-08-26,Two year,No internet,Credit card,52,54.99,2592.46,4,1,0,7.0,36.0,Hyderabad,No
CUST101559,36.0,Female,2021-10-19,Month-to-month,DSL,Mailed check,50,48.93,2637.63,4,0,0,6.0,4.0,Delhi,No
CUST103871,26.0,Male,2022-10-07,Month-to-month,No internet,Electronic check,39,18.88,700.52,2,2,2,6.0,34.0,Mumbai,No
CUST101963,35.0,Female,2024-04-15,One year,Fiber optic,Credit card,21,62.94,1300.43,2,2,2,6.0,20.0,Hyderabad,No
CUST104756,40.0,Female,2023-11-10,One year,DSL,Credit card,26,49.95,1304.41,5,5,2,5.0,33.0,Delhi,No
CUST100348,19.0,Male,2023-02-13,Month-to-month,Fiber optic,Credit card,35,82.02,3098.13,7,1,0,7.0,13.0,Pune,No
CUST102434,35.0,Female,2023-07-10,Two year,Fiber optic,Mailed check,30,65.82,1686.67,4,2,0,7.0,12.0,Chennai,No
CUST102246,19.0,Female,2025-07-04,Month-to-month,Fiber optic,Electronic check,6,79.12,477.27,4,0,1,5.0,6.0,Mumbai,No
CUST104357,34.0,Male,2021-09-19,Two year,Fiber optic,Credit card,51,65.29,3573.92,3,3,2,4.0,15.0,Delhi,No
CUST101709,36.0,Male,2022-05-18,Month-to-month,DSL,Electronic check,43,53.87,2749.46,5,2,2,6.0,11.0,Hyderabad,No
CUST101050,23.0,Male,2025-06-17,Two year,DSL,Electronic check,7,92.61,649.3,5,1,3,8.0,6.0,Bengaluru,Yes
CUST100590,23.0,Female,2025-11-27,Month-to-month,DSL,Credit card,1,68.87,74.03,5,2,2,5.0,30.0,Mumbai,Yes
CUST100519,58.0,Male,2024-05-12,One year,DSL,Bank transfer,20,35.75,788.9,3,2,0,8.0,12.0,Chennai,No
CUST104516,48.0,Female,2023-09-06,Month-to-month,Fiber optic,Electronic check,28,62.63,1628.17,2,1,0,9.0,15.0,Pune,No
CUST104145,18.0,Male,2022-11-20,Month-to-month,Fiber optic,Bank transfer,37,86.05,2927.81,5,2,2,6.0,17.0,Mumbai,No
CUST102477,41.0,Male,2021-07-12,One year,Fiber optic,Electronic check,54,79.01,3485.44,5,2,1,8.0,13.0,Hyderabad,No
CUST101083,39.0,Male,2025-11-22,Month-to-month,Fiber optic,Electronic check,1,53.1,55.1,2,0,1,8.0,13.0,Delhi,No
CUST103638,41.0,Male,2022-01-17,One year,Fiber optic,Credit card,47,65.17,3172.37,4,5,1,6.0,15.0,Bengaluru,No
CUST104802,38.0,Male,2023-06-30,Month-to-month,DSL,Bank transfer,30,61.48,1623.63,5,1,1,8.0,20.0,Mumbai,No
CUST104532,60.0,Female,2022-03-28,Month-to-month,No internet,Electronic check,45,41.87,1839.43,4,1,0,8.0,25.0,,No
CUST101294,41.0,Male,2023-11-13,One year,Fiber optic,Mailed check,26,65.15,1710.26,4,2,0,6.0,24.0,Pune,No
CUST101809,50.0,Male,2024-07-12,Month-to-month,Fiber optic,Credit card,18,58.04,1044.52,2,0,2,8.0,18.0,Bengaluru,No
CUST100791,23.0,Female,2021-04-21,One year,No internet,Bank transfer,56,47.55,2521.5,4,4,0,8.0,19.0,Pune,No
CUST100792,44.0,Male,2022-09-14,Month-to-month,Fiber optic,Credit card,40,69.36,2631.86,5,1,0,8.0,7.0,Hyderabad,No
CUST104451,35.0,Male,2021-10-03,Month-to-month,DSL,Bank transfer,51,56.33,2855.76,5,5,1,5.0,15.0,Chennai,No
CUST101855,30.0,Female,2022-10-28,Month-to-month,DSL,Credit card,38,47.31,2078.47,5,1,3,6.0,10.0,Bengaluru,No
CUST104781,53.0,Female,2022-01-06,Month-to-month,DSL,Bank transfer,48,43.42,2024.33,3,1,1,7.0,22.0,Hyderabad,No
CUST101980,40.0,Male,2024-08-19,Two year,No internet,Electronic check,16,77.55,,6,3,4,4.0,20.0,Chennai,No
CUST103233,48.0,Female,2024-12-26,Two year,DSL,Credit card,12,64.38,744.39,5,2,2,6.0,19.0,Hyderabad,No
CUST103960,54.0,Male,2025-10-17,Two year,DSL,Credit card,2,25.0,54.91,2,0,1,8.0,9.0,Hyderabad,No
CUST103431,55.0,Female,2023-08-04,Two year,DSL,Bank transfer,29,31.9,950.17,3,2,1,7.0,48.0,Hyderabad,No
CUST103328,30.0,Female,2022-09-23,One year,Fiber optic,Electronic check,39,50.57,2133.53,2,1,0,8.0,9.0,Delhi,No
CUST101530,45.0,Female,2021-05-12,Month-to-month,DSL,Electronic check,56,45.66,2745.38,5,1,3,6.0,14.0,Chennai,No
CUST101410,33.0,Female,2024-01-17,One year,DSL,Credit card,23,43.68,974.71,2,1,0,9.0,13.0,Hyderabad,No
CUST104317,31.0,Female,2024-03-27,Two year,Fiber optic,Credit card,21,,1049.2,3,1,1,9.0,18.0,Bengaluru,No
CUST104672,45.0,Male,2025-09-15,Month-to-month,Fiber optic,Credit card,4,59.76,263.26,3,0,1,8.0,8.0,Pune,No
CUST100083,33.0,Male,2022-11-07,Month-to-month,DSL,Bank transfer,38,33.8,1363.28,3,1,0,7.0,7.0,Bengaluru,No
CUST100868,31.0,Male,2023-11-10,Two year,Fiber optic,Electronic check,26,66.5,1760.81,4,1,1,6.0,42.0,Hyderabad,No
CUST102350,46.0,Female,2025-11-21,One year,DSL,Electronic check,1,69.44,70.22,5,4,0,5.0,10.0,Mumbai,No
CUST100020,36.0,Female,2024-10-18,Month-to-month,No internet,,14,37.68,504.77,4,2,0,5.0,8.0,Mumbai,No
CUST103470,19.0,Male,2024-12-10,Two year,No internet,Bank transfer,13,61.83,776.72,4,2,2,6.0,12.0,Delhi,Yes
CUST102795,46.0,Female,2022-02-19,Month-to-month,DSL,Credit card,46,61.06,2685.59,6,1,0,6.0,15.0,Bengaluru,No
CUST104595,48.0,Male,2024-02-22,Month-to-month,DSL,Bank transfer,22,57.3,1353.11,4,1,1,7.0,6.0,,No
CUST101562,28.0, female ,2024-05-21,Month-to-month,DSL,Mailed check,19,36.24,721.48,3,1,1,8.0,28.0,Bengaluru,No
CUST103093,29.0,Male,2025-05-20,One year,DSL,Credit card,7,,350.04,3,4,2,6.0,22.0,,No
CUST103155,29.0,Male,2025-01-15,Month-to-month,DSL,Bank transfer,12,52.69,709.19,5,1,1,8.0,12.0,Pune,No
CUST100973,45.0,Female,2025-08-09,One year,Fiber optic,Bank transfer,5,48.3,276.96,3,0,2,7.0,13.0,Bengaluru,No
CUST101710,31.0,Female,2024-06-26,One year,DSL,Mailed check,18,52.91,974.15,5,4,1,8.0,21.0,Pune,No
CUST103201,52.0,Male,2023-09-14,Month-to-month,DSL,Credit card,28,31.51,894.79,2,2,1,7.0,16.0,Delhi,No
CUST104034,29.0,Female,2021-01-22,One year,Fiber optic,Credit card,59,63.16,3362.88,4,1,3,5.0,6.0,Pune,No
CUST102468,46.0,Male,2024-08-15,Month-to-month,Fiber optic,Electronic check,17,47.53,862.77,3,2,1,6.0,18.0,Delhi,No
CUST101098,50.0,Male,2024-12-05,Month-to-month,Fiber optic,Credit card,13,54.27,635.49,2,0,0,4.0,5.0,Chennai,No
CUST104183,66.0,Male,2024-04-29,Month-to-month,Fiber optic,Electronic check,20,58.45,1286.64,4,0,0,10.0,9.0,Hyderabad,No
CUST102844,30.0,Female,2024-07-06,Month-to-month,DSL,Electronic check,18,54.04,1049.37,4,0,0,7.0,6.0,Pune,No
CUST100886,53.0,Female,2024-05-04,One year,Fiber optic,Electronic check,20,85.13,1719.9,6,0,0,8.0,49.0,Delhi,Yes
CUST104956,39.0,Male,2025-03-22,Month-to-month,DSL,Electronic check,9,32.91,317.25,1,0,0,,16.0,Delhi,No
CUST103728,41.0,Female,2023-09-25,Month-to-month,Fiber optic,Electronic check,27,64.31,1647.07,2,2,2,6.0,19.0,Delhi,Yes
CUST104603,45.0,Female,2023-05-20,One year,Fiber optic,Electronic check,31,60.37,2043.28,3,0,1,8.0,3.0,Mumbai,No
CUST103615,48.0,Female,2024-07-13,Two year,Fiber optic,Electronic check,18,71.05,1137.1,4,1,3,6.0,28.0,Chennai,No
CUST104424,26.0,Male,2021-10-05,Two year,Fiber optic,Credit card,51,59.44,3039.76,4,1,0,9.0,24.0,Bengaluru,No
CUST100515,42.0,Male,2023-07-29,Month-to-month,Fiber optic,Bank transfer,29,52.82,1523.17,3,5,3,6.0,28.0,Delhi,No
CUST104644,37.0,Female,2024-12-10,One year,No internet,Credit card,13,71.08,968.76,5,2,2,5.0,7.0,Mumbai,No
CUST100737,48.0,Female,2024-02-20,Month-to-month,Fiber optic,Credit card,22,72.79,1669.55,3,1,1,6.0,35.0,Mumbai,No
CUST101453,33.0,Male,2021-04-09,Month-to-month,Fiber optic,Electronic check,57,61.89,3940.5,4,2,1,8.0,10.0,Bengaluru,No
CUST104024,27.0,Female,2021-06-03,Month-to-month,DSL,Bank transfer,55,73.81,3767.59,7,1,2,7.0,17.0,Pune,No
CUST104724,41.0, female ,2024-09-28,Month-to-month,No internet,Bank transfer,15,80.72,1381.25,8,2,0,6.0,5.0,Chennai,No
CUST102506,56.0,Female,2025-02-27,Month-to-month,DSL,Credit card,10,58.0,513.7,6,3,2,6.0,10.0,Hyderabad,No
CUST102994,,Female,2025-05-15,One year,Fiber optic,Mailed check,8,79.67,657.13,5,2,2,6.0,38.0,Pune,No
CUST102126,64.0,Male,2023-07-30,Month-to-month,Fiber optic,Credit card,29,71.81,2160.76,3,3,0,,23.0,Pune,No
CUST102926,48.0,Female,2025-08-12,Month-to-month,DSL,Bank transfer,5,31.82,140.6,3,1,1,8.0,2.0,Pune,No
CUST104769,57.0,Female,2021-03-25,Month-to-month,Fiber optic,Bank transfer,57,90.38,4789.1,6,2,1,8.0,10.0,Hyderabad,No
CUST100906,35.0,Male,2024-03-27,Month-to-month,Fiber optic,Credit card,21,80.93,1621.08,6,2,0,7.0,9.0,Pune,No
CUST103697,36.0,Female,2022-08-22,Month-to-month,DSL,Electronic check,40,47.41,2007.26,5,1,1,8.0,9.0,Hyderabad,No
CUST101030,52.0,Female,2024-04-24,Month-to-month,DSL,Credit card,20,,1313.97,6,2,2,8.0,17.0,Bengaluru,No
CUST102507,42.0,Male,2021-04-23,Month-to-month,Fiber optic,Credit card,56,100.43,5175.83,7,0,1,5.0,32.0,Mumbai,No
CUST102428,38.0,Male,2023-10-19,Two year,DSL,Bank transfer,26,35.2,807.77,2,2,1,9.0,10.0,Delhi,No
CUST100947,18.0,Male,2024-12-15,Month-to-month,DSL,Electronic check,13,77.27,972.74,8,3,1,6.0,15.0,Bengaluru,No
CUST103856,24.0,Female,2023-11-11,Month-to-month,Fiber optic,Bank transfer,26,38.65,997.17,1,1,2,6.0,21.0,Hyderabad,No
CUST100762,47.0,Female,2025-06-28,Month-to-month,DSL,Electronic check,6,39.7,242.89,2,1,1,8.0,22.0,Hyderabad,No
CUST100715,23.0,Female,2021-12-21,Month-to-month,Fiber optic,Bank transfer,48,48.38,2217.4,2,1,1,5.0,28.0,Chennai,No
CUST100284,25.0,Female,2021-02-10,Two year,Fiber optic,Credit card,59,41.4,2324.74,3,1,2,7.0,9.0,Bengaluru,No
CUST100686,47.0,Female,2024-09-05,Month-to-month,Fiber optic,Credit card,16,56.06,1059.97,3,3,1,6.0,19.0,Mumbai,No
CUST100703,37.0,Male,2024-10-13,One year,Fiber optic,Credit card,15,53.67,694.39,2,1,3,6.0,20.0,Chennai,No
CUST103341,47.0,Female,2024-01-31,One year,DSL,Mailed check,23,27.12,630.19,1,0,0,9.0,3.0,Chennai,No
CUST102353,40.0,Male,2025-04-27,Month-to-month,Fiber optic,Credit card,8,49.11,384.66,2,5,1,4.0,15.0,Bengaluru,Yes
CUST102257,41.0,Male,2023-08-10,Month-to-month,Fiber optic,Mailed check,29,90.13,2945.66,6,0,1,9.0,17.0,Chennai,No
CUST103599,55.0,Female,2024-08-27,Month-to-month,Fiber optic,Bank transfer,16,93.39,1557.68,6,4,1,6.0,21.0,Bengaluru,No
CUST100473,40.0,Female,2024-04-01,Month-to-month,Fiber optic,Electronic check,21,91.19,2126.53,7,2,1,6.0,14.0,Delhi,Yes
CUST100021,30.0,Male,2021-07-11,Month-to-month,DSL,Credit card,54,41.98,2153.97,3,0,2,7.0,28.0,Mumbai,No
CUST102752,19.0,Male,2023-04-29,Month-to-month,Fiber optic,Electronic check,32,73.15,2163.97,5,1,1,7.0,29.0,Chennai,Yes
CUST100885,41.0,Female,2021-12-12,Month-to-month,DSL,Bank transfer,49,67.97,3485.8,6,4,0,8.0,22.0,Hyderabad,No
CUST102448,47.0,Female,2025-01-29,Month-to-month,Fiber optic,Electronic check,11,74.81,804.08,5,1,2,6.0,24.0,Mumbai,No
CUST100917,44.0,Male,2021-06-06,Month-to-month,DSL,Mailed check,55,79.01,4542.39,8,0,3,7.0,7.0,Mumbai,No
CUST103807,40.0,Male,2024-03-27,Month-to-month,No internet,Credit card,21,44.01,848.51,2,2,2,7.0,11.0,Delhi,Yes
CUST103801,29.0,Male,2023-03-21,One year,Fiber optic,,33,69.15,2335.82,3,3,2,6.0,15.0,Mumbai,No
CUST102239,34.0,Male,2024-11-27,Month-to-month,Fiber optic,Credit card,13,83.42,1168.94,6,3,4,4.0,38.0,Hyderabad,Yes
CUST103895,19.0,Female,2021-06-04,One year,DSL,Bank transfer,55,75.78,4432.53,6,0,1,8.0,28.0,Chennai,No
CUST103395,45.0,Female,2021-03-26,Month-to-month,Fiber optic,Credit card,57,89.25,4954.72,5,1,3,6.0,25.0,Bengaluru,No
CUST101265,37.0,Male,2021-11-18,Two year,DSL,Credit card,49,56.3,2843.67,3,0,1,,4.0,Bengaluru,No
CUST100483,45.0,Female,2021-12-14,Month-to-month,Fiber optic,Electronic check,49,89.77,4375.92,6,2,0,6.0,43.0,Mumbai,No
CUST104554,59.0,Male,2025-06-02,Month-to-month,Fiber optic,Credit card,7,74.1,550.93,5,3,0,8.0,14.0,Delhi,No
CUST102963,29.0,Male,2022-04-18,One year,DSL,Credit card,44,18.0,751.03,1,0,1,8.0,31.0,Chennai,No
CUST101219,54.0,Female,2023-07-24,Month-to-month,DSL,Bank transfer,29,43.68,1378.95,2,1,1,10.0,36.0,Mumbai,No
CUST100277,25.0,Female,2025-07-04,One year,DSL,Electronic check,6,47.52,286.14,2,1,2,7.0,,Chennai,No
CUST100988,34.0,Female,2021-03-24,Month-to-month,No internet,,57,41.15,2416.1,4,1,1,7.0,45.0,Delhi,No
CUST102084,50.0,Male,2024-12-25,Month-to-month,DSL,Electronic check,12,48.07,577.38,3,0,1,7.0,15.0,Bengaluru,No
CUST101245,39.0,Male,2025-01-13,One year,Fiber optic,Bank transfer,12,33.78,399.56,1,0,1,8.0,29.0,Mumbai,No
CUST102382,20.0,Male,2025-09-07,One year,Fiber optic,Credit card,4,52.87,189.87,1,3,0,7.0,26.0,Chennai,No
CUST100571,37.0,Female,2024-11-08,Month-to-month,Fiber optic,Electronic check,14,76.85,1117.12,4,0,0,9.0,11.0,Pune,No
CUST101435,37.0,Female,2021-08-08,Month-to-month,DSL,Electronic check,53,56.7,2946.47,5,4,1,5.0,24.0,Hyderabad,No
CUST100993,54.0,Male,2024-05-04,Two year,DSL,Bank transfer,20,36.69,707.99,3,4,0,7.0,44.0,Bengaluru,No
CUST104607,54.0,Female,2022-03-01,Two year,Fiber optic,Electronic check,46,100.99,4948.56,8,0,0,10.0,5.0,Delhi,No
CUST103493,41.0,Male,2024-11-12,Month-to-month,DSL,Electronic check,14,36.5,471.84,4,2,1,6.0,12.0,Chennai,No
CUST100585,62.0,Female,2023-07-22,Month-to-month,DSL,Credit card,29,65.37,1614.94,6,3,1,8.0,23.0,Delhi,No
CUST103708,36.0,Female,2025-12-02,Month-to-month,Fiber optic,Credit card,1,65.54,58.57,3,1,2,7.0,8.0,Mumbai,No
CUST102514,39.0,Male,2021-09-01,One year,Fiber optic,Credit card,52,,3272.13,3,2,1,8.0,16.0,Hyderabad,No
CUST101349,37.0,Male,2023-10-04,One year,Fiber optic,Mailed check,27,62.08,1724.42,4,2,2,6.0,23.0,Bengaluru,No
CUST101007,34.0,Female,2023-06-13,Two year,Fiber optic,Electronic check,31,66.26,2182.35,5,1,0,7.0,15.0,Hyderabad,No
CUST100674,48.0,Female,2025-07-04,Month-to-month,No internet,Bank transfer,6,56.45,320.61,6,0,0,8.0,18.0,Mumbai,No
CUST102412,18.0,Male,2023-06-11,Month-to-month,Fiber optic,Credit card,31,65.17,2109.49,3,1,3,6.0,13.0,Chennai,No
CUST102903,32.0,Male,2022-08-04,One year,Fiber optic,Electronic check,41,82.51,3576.33,5,2,1,6.0,78.0,Mumbai,Yes
CUST100447,34.0,Male,2022-12-06,Month-to-month,No internet,Electronic check,37,60.51,2163.58,6,3,1,4.0,18.0,Mumbai,No
CUST103520,29.0,Female,2024-12-26,Month-to-month,No internet,Electronic check,12,51.25,654.44,2,2,0,8.0,9.0,Mumbai,No
CUST103808,37.0,Male,2023-08-21,Month-to-month,Fiber optic,Credit card,28,40.37,1179.21,1,1,0,9.0,11.0,Delhi,No
CUST103753,47.0,Male,2022-12-30,One year,Fiber optic,Bank transfer,36,66.51,2452.59,4,1,3,8.0,10.0,Hyderabad,No
CUST100359,36.0,Male,2022-03-17,Month-to-month,No internet,Mailed check,46,39.09,1854.67,2,1,4,8.0,7.0,Chennai,No
CUST102064,34.0,Male,2024-08-25,Two year,Fiber optic,Credit card,16,85.28,1416.77,4,1,0,8.0,13.0,Mumbai,No
CUST104472,59.0,Female,2021-01-17,Month-to-month,Fiber optic,Electronic check,59,28.96,1507.06,1,2,0,9.0,32.0,Pune,No
CUST103860,23.0,Female,2023-12-01,One year,DSL,Credit card,25,58.1,1319.84,6,1,1,6.0,12.0,Bengaluru,No
CUST101690,32.0,Male,2023-07-18,Month-to-month,DSL,Mailed check,30,75.1,2286.4,5,1,2,8.0,30.0,Hyderabad,No
CUST104349,44.0,Female,2024-10-07,One year,Fiber optic,Bank transfer,15,66.05,941.76,3,3,0,8.0,22.0,Hyderabad,No
CUST101548,45.0,Female,2024-11-06,One year,DSL,Credit card,14,41.98,618.76,2,2,2,7.0,10.0,Delhi,No
CUST101247,18.0,Female,2024-10-23,Month-to-month,Fiber optic,Electronic check,14,86.88,915.76,5,4,1,5.0,24.0,Bengaluru,Yes
CUST101985,35.0,Female,2023-02-05,Month-to-month,No internet,Bank transfer,35,63.52,2011.98,5,2,0,6.0,11.0,Hyderabad,No
CUST100294,35.0,Male,2023-07-21,Two year,Fiber optic,Electronic check,29,74.85,2014.8,3,3,0,9.0,7.0,Pune,No
CUST101547,28.0,Male,2024-05-15,Month-to-month,DSL,Electronic check,20,39.38,721.83,3,1,1,7.0,14.0,Delhi,No
CUST102012,46.0,Male,2021-01-09,One year,Fiber optic,Bank transfer,60,57.02,3362.18,3,0,0,7.0,15.0,Pune,No
CUST100588,41.0,Female,2023-12-29,Two year,Fiber optic,Bank transfer,24,34.47,790.31,2,0,2,6.0,9.0,Pune,No
CUST103329,35.0,Female,2021-01-15,One year,No internet,Credit card,60,69.25,3798.83,5,4,0,6.0,17.0,Chennai,No
CUST102403,30.0,Male,2023-07-11,One year,No internet,Bank transfer,30,80.62,2571.26,8,0,5,6.0,6.0,Bengaluru,No
CUST102129,51.0,Female,2022-12-17,Month-to-month,Fiber optic,Electronic check,36,90.96,3480.83,5,1,0,7.0,24.0,Hyderabad,Yes
CUST104411,36.0,Female,2023-11-25,One year,No internet,Credit card,25,27.5,748.24,4,0,0,7.0,25.0,Mumbai,No
CUST103508,45.0,Female,2023-07-05,Month-to-month,Fiber optic,Credit card,30,60.74,2098.86,4,1,0,8.0,14.0,Mumbai,No
CUST102410,27.0,Male,2021-06-26,Month-to-month,DSL,Electronic check,54,30.16,1615.19,2,2,4,7.0,32.0,Chennai,No
CUST102719,25.0,Female,2024-01-28,Month-to-month,Fiber optic,Bank transfer,23,80.47,1747.45,5,2,1,8.0,38.0,Pune,No
CUST104577,18.0,Male,2023-12-02,Month-to-month,Fiber optic,Mailed check,25,45.23,1017.76,4,3,1,4.0,14.0,Chennai,Yes
CUST100425,34.0,,2021-01-14,One year,Fiber optic,Electronic check,60,54.02,3298.5,3,2,1,7.0,8.0,Chennai,No
CUST102582,37.0,Female,2021-04-10,One year,No internet,Credit card,57,47.74,2708.23,5,0,0,6.0,21.0,Mumbai,No
CUST101054,21.0,Female,2022-08-10,Two year,Fiber optic,Bank transfer,41,54.53,2222.59,4,1,4,6.0,12.0,Chennai,No
CUST104019,38.0,Male,2023-07-18,Month-to-month,DSL,Bank transfer,30,33.02,818.56,1,1,0,10.0,13.0,Mumbai,No
CUST104585,44.0,Female,2025-09-05,Two year,Fiber optic,Electronic check,4,77.24,353.23,4,2,0,7.0,20.0,Delhi,No
CUST100556,29.0,Female,2024-06-16,Month-to-month,Fiber optic,Electronic check,19,48.35,988.24,3,1,1,7.0,9.0,Delhi,No
CUST104381,42.0,Female,2023-06-17,Month-to-month,Fiber optic,Credit card,31,81.8,2857.07,5,0,1,7.0,15.0,Pune,No
CUST103990,41.0,Male,2021-07-20,Month-to-month,Fiber optic,Bank transfer,53,64.49,3250.82,2,0,0,7.0,13.0,Bengaluru,No
CUST104818,45.0,Female,2025-04-24,Two year,Fiber optic,Electronic check,8,63.39,558.7,3,1,0,9.0,5.0,Bengaluru,No
CUST102469,,Male,2021-10-11,Month-to-month,DSL,Credit card,51,46.45,2522.43,4,1,0,9.0,46.0,,No
CUST104734,33.0,Male,2025-04-12,Two year,Fiber optic,Credit card,9,600.0,515.86,4,1,2,7.0,13.0,Bengaluru,Yes
CUST100355,41.0,Male,2023-11-16,One year,DSL,Electronic check,26,18.15,490.72,2,1,4,3.0,14.0,Bengaluru,No
CUST101193,47.0,Female,2024-10-11,Month-to-month,DSL,Credit card,15,54.27,887.87,4,4,0,7.0,16.0,Hyderabad,No
CUST101716,31.0,Female,2025-06-23,One year,No internet,Credit card,6,33.08,213.84,2,1,3,7.0,8.0,Delhi,No
CUST103416,39.0,Female,2024-02-02,Month-to-month,DSL,Electronic check,23,57.35,1271.21,4,5,2,4.0,35.0,Mumbai,No
CUST102604,52.0,Male,2025-07-28,Month-to-month,DSL,Mailed check,5,55.34,240.54,6,2,1,5.0,11.0,Hyderabad,Yes
CUST104151,55.0,Female,2021-09-21,Two year,Fiber optic,Electronic check,51,72.54,3813.02,5,2,0,7.0,5.0,Bengaluru,No
CUST102828,18.0,Female,2022-04-22,Month-to-month,Fiber optic,Credit card,44,70.54,2824.43,3,1,0,6.0,24.0,Pune,No
CUST101704,41.0,Female,2025-11-28,One year,Fiber optic,Bank transfer,1,101.67,89.08,7,3,2,5.0,29.0,Mumbai,No
CUST102863,75.0,Female,2023-11-04,Month-to-month,DSL,Electronic check,26,39.03,1038.74,3,2,0,,27.0,Bengaluru,No
CUST102618,29.0,Male,2023-12-19,Month-to-month,DSL,Mailed check,24,48.34,1262.11,3,2,1,6.0,40.0,Chennai,No
CUST102400,33.0,Male,2023-02-19,Two year,No internet,Credit card,34,47.56,1644.46,4,2,1,5.0,13.0,Pune,No
CUST102139,53.0,Female,2023-01-05,Month-to-month,DSL,Electronic check,36,66.13,2108.34,5,1,1,8.0,11.0,Delhi,No
CUST103239,24.0,Male,2023-11-09,Month-to-month,Fiber optic,Electronic check,26,69.51,1778.38,4,1,0,7.0,21.0,Bengaluru,No
CUST102383,32.0,Female,2023-10-07,Month-to-month,DSL,Credit card,27,47.71,1135.72,2,1,2,7.0,21.0,Hyderabad,No
CUST103218,65.0,Female,2023-06-18,One year,No internet,Electronic check,30,69.39,2001.15,7,1,1,7.0,8.0,Chennai,No
CUST103794,20.0,Male,2023-07-21,One year,DSL,Mailed check,29,67.9,1978.19,5,2,0,6.0,5.0,Bengaluru,No
CUST101285,41.0,Female,2025-01-21,Month-to-month,Fiber optic,Bank transfer,11,97.91,1148.1,6,2,1,7.0,10.0,Delhi,No
CUST103846,37.0,Male,2024-02-14,Two year,DSL,Credit card,23,44.09,1016.83,3,0,2,7.0,5.0,Pune,No
CUST103891,21.0,Female,2021-10-31,Month-to-month,No internet,Credit card,50,67.53,3119.37,6,3,0,5.0,33.0,Bengaluru,No
CUST104546,18.0,MALE,2023-06-04,Month-to-month,No internet,Bank transfer,31,48.42,1523.93,4,3,1,6.0,17.0,Mumbai,Yes
CUST102087,32.0,Male,2025-01-29,Month-to-month,Fiber optic,Credit card,11,96.71,1023.45,7,0,0,7.0,31.0,Pune,No
CUST101889,45.0,Male,2022-09-14,Two year,Fiber optic,Bank transfer,40,78.77,2812.59,4,0,1,8.0,1.0,Hyderabad,No
CUST103554,49.0,Female,2025-05-30,One year,No internet,Electronic check,7,39.07,278.29,3,2,1,6.0,21.0,Pune,No
CUST101591,21.0,Male,2023-02-08,Month-to-month,No internet,Electronic check,35,55.03,1917.12,5,2,1,8.0,21.0,Hyderabad,No
CUST101346,42.0,Female,2021-09-17,One year,DSL,Credit card,51,40.51,1953.66,4,3,2,6.0,6.0,Bengaluru,No
CUST104454,45.0,Female,2024-03-24,Month-to-month,Fiber optic,Electronic check,21,54.75,1091.22,2,3,0,9.0,22.0,Bengaluru,No
CUST102162,54.0,Male,2025-03-11,One year,Fiber optic,Electronic check,10,88.0,967.02,4,5,1,2.0,31.0,Pune,No
CUST102396,33.0,Female,2025-01-06,Two year,Fiber optic, electronic check ,12,89.12,1050.66,6,3,0,6.0,24.0,Bengaluru,No
CUST103693,22.0,Female,2022-06-17,Month-to-month,DSL,Credit card,43,61.47,2499.0,5,3,0,7.0,13.0,Mumbai,No
CUST102271,25.0,Male,2022-02-17,Month-to-month,DSL,Bank transfer,46,62.75,3040.35,6,2,1,4.0,13.0,Bengaluru,No
CUST104513,29.0,Female,2025-04-11,Month-to-month,Fiber optic,Bank transfer,9,,713.73,6,4,1,5.0,33.0,Mumbai,Yes
CUST103111,53.0,Female,2022-06-18,Month-to-month,DSL,Electronic check,42,65.05,2402.98,5,2,2,6.0,8.0,Hyderabad,No
CUST101137,38.0,Male,2025-11-10,Month-to-month,Fiber optic,Electronic check,2,64.33,129.48,3,3,1,6.0,11.0,Hyderabad,Yes
CUST103947,18.0,Female,2023-06-11,Two year,DSL,Electronic check,31,62.33,1923.94,4,2,2,7.0,10.0,Chennai,No
CUST100972,41.0,Female,2025-09-14,Month-to-month,Fiber optic,Credit card,4,82.88,326.78,3,2,0,7.0,22.0,Pune,No
CUST100795,37.0,Female,2023-12-07,Two year,Fiber optic,Electronic check,25,44.01,1374.58,2,2,3,6.0,21.0,Hyderabad,No
CUST103020,23.0,Male,2021-02-25,Month-to-month,No internet,Credit card,58,37.35,2140.38,3,2,2,5.0,24.0,Bengaluru,No
CUST101711,18.0,Male,2023-03-23,Month-to-month,DSL,Mailed check,33,35.73,1278.98,3,3,3,7.0,13.0,Mumbai,No
CUST103387,32.0,Female,2023-05-26,Month-to-month,DSL,Credit card,31,29.76,838.98,2,3,2,5.0,17.0,Pune,No
CUST100036,37.0,Female,2025-09-16,One year,Fiber optic,Electronic check,4,66.26,283.26,4,2,0,7.0,5.0,Mumbai,No
CUST100453,63.0,Male,2023-10-14,Month-to-month,Fiber optic,Electronic check,27,63.71,1523.99,5,1,0,8.0,7.0,Bengaluru,No
CUST100913,31.0,Female,2023-01-28,One year,Fiber optic,Mailed check,35,76.03,2670.4,5,0,0,10.0,12.0,Pune,No
CUST104111,45.0,Female,2023-03-02,One year,No internet,Electronic check,34,53.63,1991.21,4,5,4,4.0,19.0,Mumbai,No
CUST101199,25.0,Male,2021-11-09,Two year,Fiber optic,Credit card,50,120.64,5872.17,8,0,0,6.0,6.0,Bengaluru,No
CUST101274,31.0,Female,2024-04-16,One year,Fiber optic,Credit card,21,59.48,1361.39,4,1,0,8.0,15.0,Pune,No
CUST102375,18.0,Male,2021-01-20,One year,DSL,Credit card,59,34.16,2004.0,2,0,3,6.0,9.0,Mumbai,No
CUST100037,28.0,Male,2021-03-25,Two year,Fiber optic,Credit card,57,81.99,4178.25,5,0,0,8.0,15.0,Bengaluru,No
CUST100974,26.0,Male,2024-11-11,Month-to-month,Fiber optic,Electronic check,14,40.92,593.84,2,1,4,6.0,16.0,,No
CUST103195,51.0,Female,2023-11-06,Month-to-month,DSL,Credit card,26,37.31,995.63,4,3,1,6.0,37.0,Chennai,No
CUST100983,47.0,Male,2025-05-03,Month-to-month,DSL,Credit card,8,42.23,319.84,3,0,1,7.0,21.0,Hyderabad,No
CUST103956,29.0,Female,2023-04-12,Month-to-month,DSL,Bank transfer,33,45.3,1485.05,3,1,0,9.0,11.0,Bengaluru,No
CUST104104,34.0,Female,2022-04-04,Month-to-month,Fiber optic,Credit card,45,54.84,2282.72,2,0,2,7.0,2.0,Chennai,No
CUST101418,50.0,,2021-03-22,Month-to-month,DSL,Electronic check,57,43.0,2424.81,4,0,0,9.0,3.0,Delhi,Yes
CUST103332,18.0,Female,2024-02-18,Month-to-month,Fiber optic,Electronic check,22,59.17,1436.38,2,4,0,7.0,16.0,Chennai,No
CUST101560,33.0,Female,2023-08-27,Two year,DSL,Credit card,28,31.21,815.22,3,2,0,7.0,6.0,Pune,No
CUST100039,46.0,Female,2021-01-15,Two year,Fiber optic,Bank transfer,60,73.54,4968.77,5,4,0,6.0,32.0,Delhi,Yes
CUST101486,49.0,Male,2022-12-25,Month-to-month,DSL,Credit card,36,74.22,2820.32,5,4,1,6.0,16.0,Pune,No
CUST103935,41.0,Female,2021-05-12,Month-to-month,Fiber optic,Credit card,56,73.35,4221.78,3,1,0,10.0,6.0,Delhi,No
CUST100169,38.0,Male,2023-10-21,One year,No internet,Credit card,26,67.27,1656.86,5,2,1,7.0,8.0,Mumbai,No
CUST101355,44.0,Female,2025-08-20,Month-to-month,Fiber optic,Mailed check,4,,291.41,4,1,1,7.0,19.0,Delhi,No
CUST102785,39.0,Female,2021-08-10,Month-to-month,DSL,Bank transfer,53,58.46,2949.48,6,1,0,7.0,14.0,Hyderabad,No
CUST103682,40.0,Male,2021-02-11,Month-to-month,No internet,Credit card,59,78.18,5155.38,5,0,2,7.0,1.0,Chennai,No
CUST104772,34.0,Female,2025-09-24,Month-to-month,Fiber optic,Mailed check,3,52.0,166.68,3,2,3,8.0,13.0,Bengaluru,No
CUST104713,27.0,Female,2023-10-21,Month-to-month,DSL,Bank transfer,26,77.31,2215.32,7,1,1,6.0,15.0,Delhi,No
CUST102682,50.0,Male,2025-04-20,Month-to-month,No internet,Electronic check,8,54.04,455.48,5,1,2,8.0,14.0,Mumbai,Yes
CUST104728,42.0,Male,2025-06-08,Month-to-month,DSL,Mailed check,7,44.16,345.33,4,4,2,6.0,10.0,Bengaluru,No
CUST104078,33.0,Male,2021-02-25,Two year,Fiber optic,Bank transfer,58,69.29,4030.65,3,0,2,7.0,22.0,Mumbai,No
CUST101640,20.0,Female,2022-04-24,One year,DSL, electronic check ,44,34.3,1543.14,2,3,1,5.0,21.0,Chennai,No
CUST101290,40.0,Female,2023-10-20,Month-to-month,Fiber optic,Mailed check,26,68.56,1548.15,4,1,2,6.0,43.0,Delhi,No
CUST101380,53.0,Male,2023-02-22,One year,No internet,Credit card,34,31.33,1172.04,2,1,0,7.0,7.0,Pune,No
CUST101933,54.0,Male,2023-11-29,One year,Fiber optic,Mailed check,25,92.37,2287.72,7,1,2,5.0,11.0,Hyderabad,No
CUST100579,42.0,Female,2023-07-02,One year,DSL,Credit card,30,36.89,1098.51,4,3,1,,23.0,Chennai,No
CUST104242,25.0,Female,2021-06-22,Month-to-month,Fiber optic,Credit card,54,97.49,5616.83,5,1,0,7.0,21.0,Mumbai,No
CUST103160,37.0,Female,2024-02-15,One year,DSL,Electronic check,23,61.11,1453.63,5,1,1,6.0,5.0,Chennai,No
CUST102030,54.0,Female,2024-06-02,Month-to-month,Fiber optic,Bank transfer,19,62.29,1277.55,3,1,0,6.0,14.0,Chennai,No
CUST100892,33.0,Female,2024-07-24,Month-to-month,Fiber optic,Electronic check,17,101.48,1707.78,7,0,1,9.0,53.0,Chennai,No
CUST104004,55.0,Female,2024-06-24,One year,Fiber optic,Electronic check,18,78.44,1680.56,2,3,2,6.0,9.0,Pune,No
CUST100780,37.0,Male,2023-01-18,Month-to-month,Fiber optic,Mailed check,35,71.07,2772.33,4,2,1,6.0,34.0,Delhi,Yes
CUST100159,24.0,,2024-03-18,Month-to-month,Fiber optic,Electronic check,21,42.25,1025.61,2,1,1,8.0,7.0,Bengaluru,No
CUST100002,47.0,Female,2022-08-12,One year,DSL,Electronic check,41,64.68,2875.01,5,2,1,,9.0,Hyderabad,No
CUST102263,36.0,Male,2022-03-09,One year,Fiber optic,Mailed check,46,46.09,2427.3,2,1,2,5.0,8.0,Pune,No
CUST103216,22.0,Male,2021-07-31,Two year,DSL,Credit card,53,36.91,2114.15,3,3,0,7.0,11.0,Delhi,No
CUST102109,41.0,Male,2023-07-04,One year,DSL,Bank transfer,30,34.94,956.72,2,1,0,7.0,12.0,Hyderabad,No
CUST100849,50.0,Male,2025-02-26,One year,Fiber optic,Electronic check,10,59.25,606.71,3,2,3,6.0,33.0,Hyderabad,No
CUST102737,35.0,Female,2024-08-18,One year,Fiber optic,Credit card,16,85.99,1358.13,6,3,2,7.0,39.0,Chennai,Yes
CUST102466,33.0,Female,2021-03-16,One year,Fiber optic,Mailed check,58,80.33,4725.69,7,3,1,6.0,16.0,Hyderabad,No
CUST104612,33.0,Male,2022-02-09,One year,DSL,Credit card,47,87.69,4558.88,8,1,0,9.0,5.0,Pune,No
CUST103901,46.0,Female,2021-10-11,One year,Fiber optic,Bank transfer,51,46.94,2420.46,3,1,3,7.0,12.0,Pune,No
CUST101596,42.0,Female,2021-07-04,One year,DSL,Credit card,54,50.29,2947.3,5,0,1,9.0,9.0,Pune,No
CUST101776,,Male,2021-03-09,Month-to-month,Fiber optic,Electronic check,58,47.26,2791.69,1,4,2,5.0,17.0,Delhi,No
CUST101913,18.0,Male,2023-07-26,Two year,No internet,Credit card,29,68.5,2354.99,5,2,3,5.0,25.0,Mumbai,No
CUST101043,39.0,Female,2024-11-16,One year,Fiber optic,Electronic check,14,52.7,714.08,1,3,1,10.0,16.0,Delhi,No
CUST104857,30.0,Male,2022-12-05,One year,Fiber optic,Electronic check,37,60.55,2270.4,4,1,1,6.0,31.0,Mumbai,No
CUST101544,54.0,Female,2021-05-27,Month-to-month,DSL,Electronic check,55,58.44,3494.44,4,0,1,8.0,5.0,Mumbai,No
CUST102736,27.0,Male,2021-01-20,Month-to-month,No internet,Credit card,59,57.03,4128.45,4,4,2,5.0,13.0,Mumbai,No
CUST104166,24.0,Female,2022-05-04,Month-to-month,Fiber optic,Credit card,44,52.38,2541.61,3,1,0,7.0,15.0,Pune,No
CUST104641,31.0,Female,2024-03-02,Month-to-month,DSL,Credit card,22,40.19,980.75,2,0,2,7.0,31.0,Hyderabad,No
CUST100053,34.0,Male,2021-04-12,Month-to-month,DSL,Electronic check,57,55.02,2986.74,5,1,3,6.0,18.0,Bengaluru,No
CUST101796,34.0,Female,2025-03-09,One year,Fiber optic,Electronic check,10,91.14,922.05,4,2,0,8.0,23.0,Hyderabad,No
CUST103588,28.0,Male,2024-08-14,Month-to-month,Fiber optic,Bank transfer,17,72.99,1283.01,5,1,2,7.0,8.0,Chennai,No
CUST101911,44.0,,2021-05-30,One year,DSL,Credit card,55,48.35,2850.02,3,1,1,6.0,14.0,Chennai,No
CUST102306,61.0,Male,2022-09-18,One year,DSL,Credit card,39,45.69,1966.4,4,4,3,5.0,27.0,Pune,No
CUST102553,18.0,Male,2024-07-13,Month-to-month,DSL,Electronic check,18,77.24,1503.22,5,1,2,7.0,21.0,Bengaluru,No
CUST102800,35.0,Male,2024-03-06,Month-to-month,DSL,Bank transfer,22,74.75,1736.84,6,3,0,5.0,13.0,Delhi,No
CUST100936,24.0,Female,2025-09-23,Two year,Fiber optic,Electronic check,3,59.78,183.33,3,4,4,6.0,19.0,Bengaluru,No
CUST104149,18.0,Male,2021-09-20,Two year,No internet,Credit card,51,56.83,2656.2,3,2,0,9.0,7.0,Hyderabad,No
CUST100824,,Male,2022-12-18,Month-to-month,Fiber optic,Credit card,36,71.94,2241.19,5,2,4,5.0,16.0,Hyderabad,No
CUST104757,48.0,Male,2022-01-28,One year,Fiber optic,Mailed check,47,93.46,3717.04,3,2,1,7.0,13.0,Hyderabad,No
CUST103178,46.0,Male,2021-06-06,Two year,Fiber optic,Credit card,55,39.35,2014.24,2,0,2,8.0,15.0,Chennai,No
CUST103401,48.0,Female,2022-08-09,Two year,Fiber optic,Electronic check,41,58.12,2606.31,4,1,0,8.0,23.0,Delhi,No
CUST101389,27.0,Female,2021-05-09,Two year,Fiber optic,Mailed check,56,51.71,3227.97,3,3,2,6.0,19.0,Pune,No
CUST103564,55.0,Male,2022-06-24,Month-to-month,Fiber optic,Electronic check,42,60.38,2467.58,3,0,2,7.0,12.0,Mumbai,No
CUST104901,39.0,Male,2025-07-03,One year,DSL,Electronic check,6,54.91,352.08,5,1,1,7.0,17.0,Hyderabad,No
CUST100884,25.0,Male,2024-07-12,One year,DSL,Bank transfer,18,77.06,1598.2,6,1,1,5.0,31.0,Chennai,No
CUST103855,18.0,Male,2023-08-29,One year,DSL,Bank transfer,28,50.64,1462.1,5,1,1,8.0,4.0,Hyderabad,No
CUST101607,40.0,Female,2022-06-17,One year,DSL,Electronic check,43,38.91,1745.64,2,3,1,7.0,14.0,Delhi,No
CUST101594,43.0,Female,2024-11-16,Month-to-month,No internet,Electronic check,14,73.79,826.94,6,2,0,8.0,18.0,Mumbai,No
CUST100771,54.0,Female,2023-11-17,One year,Fiber optic,Bank transfer,25,48.96,1381.97,3,2,2,7.0,39.0,Delhi,Yes
CUST102611,48.0,Male,2025-02-11,Month-to-month,DSL,Credit card,11,69.77,737.21,6,0,0,7.0,22.0,Mumbai,No
CUST103906,19.0,Female,2021-02-02,Month-to-month,DSL,Bank transfer,59,27.98,1700.73,2,3,2,6.0,45.0,Chennai,No
CUST102273,49.0,Female,2022-09-29,Month-to-month,DSL,Electronic check,39,62.29,2496.6,6,1,4,6.0,7.0,Chennai,No
CUST101868,34.0,Male,2025-07-10,Month-to-month,No internet,Electronic check,6,44.99,261.37,2,2,1,8.0,10.0,Hyderabad,No
CUST101085,33.0,Male,2024-11-01,Month-to-month,DSL,Electronic check,14,50.57,633.51,4,1,1,8.0,24.0,Chennai,No
CUST100010,49.0,Male,2022-06-09,One year,DSL,Bank transfer,43,56.9,2376.72,5,4,1,7.0,21.0,Hyderabad,No
CUST103661,43.0,Female,2023-03-09,Month-to-month,No internet,Bank transfer,34,35.12,1314.72,2,3,2,6.0,37.0,Delhi,No
CUST101325,50.0,Female,2022-03-26,One year,DSL,Electronic check,45,44.93,1893.35,3,3,2,6.0,26.0,Delhi,No
CUST103390,25.0,Female,2022-04-26,Month-to-month,No internet,Electronic check,44,,1183.69,3,1,1,6.0,7.0,Bengaluru,Yes
CUST101463,44.0,Male,2023-12-28,One year,DSL,Electronic check,24,66.22,1737.36,7,2,1,7.0,17.0,Chennai,No
CUST100806,36.0,Female,2022-07-10,Month-to-month,No internet,Electronic check,42,64.47,2791.74,6,3,3,6.0,28.0,Hyderabad,Yes
CUST103785,23.0,Male,2021-04-19,Month-to-month,DSL,Credit card,56,22.0,1014.47,2,1,4,7.0,24.0,Delhi,No
CUST104038,30.0,Male,2023-01-28,Month-to-month,DSL,Bank transfer,35,26.0,803.6,3,0,1,8.0,75.0,Pune,No
CUST103821,53.0,Male,2024-01-31,Month-to-month,Fiber optic,Bank transfer,23,79.89,1715.24,6,2,2,7.0,47.0,Mumbai,No
CUST102108,28.0,Female,2022-08-29,Month-to-month,DSL,Credit card,40,44.91,1824.89,4,3,2,8.0,8.0,Pune,Yes
CUST104258,56.0,Male,2023-08-02,One year,DSL,Electronic check,29,66.61,2052.3,5,0,1,10.0,44.0,Hyderabad,No
CUST104981,40.0,Female,2021-12-18,Month-to-month,Fiber optic,Credit card,48,35.8,1662.5,1,2,0,8.0,29.0,Delhi,No
CUST102234,27.0,Male,2024-08-07,One year,Fiber optic,Bank transfer,17,35.25,739.62,1,2,3,7.0,24.0,Chennai,No
CUST103211,37.0,Male,2023-03-28,Two year,Fiber optic,Electronic check,33,53.6,1435.06,1,2,0,8.0,29.0,Bengaluru,No
CUST100963,37.0,Male,2025-04-24,Month-to-month,Fiber optic,,8,62.6,513.43,3,3,1,5.0,41.0,Chennai,No
CUST103415,39.0,Male,2022-03-20,Month-to-month,DSL,Electronic check,45,32.52,1612.66,3,1,2,6.0,10.0,Chennai,No
CUST103803,42.0,Male,2022-08-05,One year,Fiber optic,Credit card,41,56.26,2558.42,3,2,2,8.0,,Bengaluru,No
CUST100398,44.0,Female,2025-06-09,Month-to-month,DSL,Electronic check,7,63.42,445.91,6,1,0,7.0,11.0,Chennai,No
CUST102632,37.0, female ,2023-02-14,Month-to-month,Fiber optic,Credit card,35,87.03,2915.5,4,3,1,6.0,12.0,Hyderabad,No
CUST104929,51.0,Male,2022-08-16,Month-to-month,DSL,Electronic check,41,40.36,1708.17,3,1,0,7.0,25.0,Hyderabad,No
CUST102996,23.0,Male,2023-12-03,Month-to-month,No internet,Mailed check,25,37.66,973.84,3,1,0,7.0,3.0,Delhi,No
CUST100704,51.0,Male,2024-04-18,One year,DSL,Credit card,20,22.28,473.46,3,2,1,5.0,31.0,Pune,No
CUST100431,,Male,2023-12-24,Month-to-month,No internet,Bank transfer,24,46.34,1210.3,4,0,3,7.0,25.0,Delhi,Yes
CUST100292,56.0,Male,2022-02-23,Two year,No internet,Mailed check,46,41.32,2252.78,2,0,0,7.0,8.0,Chennai,No
CUST104894,28.0,Male,2022-11-23,Month-to-month,Fiber optic,Electronic check,37,85.58,3667.92,5,2,0,6.0,21.0,Mumbai,No
CUST100145,33.0,Male,2023-04-29,Month-to-month,Fiber optic,Bank transfer,32,66.66,1985.61,4,2,1,5.0,34.0,Bengaluru,Yes
CUST104168,37.0,Male,2021-10-24,Month-to-month,No internet,,50,46.83,2528.62,3,2,1,7.0,15.0,Delhi,No
CUST102033,33.0,Female,2025-06-20,Month-to-month,DSL,Bank transfer,6,48.49,281.78,3,4,1,6.0,11.0,Hyderabad,No
CUST104228,30.0,Male,2024-12-14,Month-to-month,Fiber optic,Electronic check,13,69.91,920.41,3,3,1,7.0,33.0,Hyderabad,No
CUST101165,28.0,Male,2024-04-20,One year,DSL,Credit card,20,45.38,875.16,2,2,0,5.0,8.0,Mumbai,No
CUST103500,35.0,Female,2022-02-07,Two year,Fiber optic,Credit card,47,45.75,2111.43,1,2,2,7.0,40.0,Hyderabad,No
CUST102050,47.0,Female,2023-07-15,Month-to-month,Fiber optic,Bank transfer,30,64.55,1930.44,3,6,2,6.0,25.0,Mumbai,No
CUST102624,31.0,Female,2021-09-28,Two year,Fiber optic,Bank transfer,51,69.09,3734.6,6,1,1,8.0,13.0,Chennai,No
CUST104401,32.0,Male,2023-01-16,Month-to-month,No internet,Mailed check,36,52.42,2095.95,3,5,3,3.0,41.0,Pune,Yes
CUST100339,45.0,Female,2022-07-04,Month-to-month,DSL,Credit card,42,68.77,2912.93,5,0,0,9.0,9.0,Delhi,No
CUST103931,47.0,,2024-02-06,One year,No internet,Mailed check,23,57.64,1145.83,3,4,3,6.0,19.0,Delhi,No
CUST103722,49.0,Female,2023-12-11,Month-to-month,DSL,Credit card,25,50.71,1167.01,5,3,0,6.0,13.0,Hyderabad,Yes
CUST102973,31.0,Male,2022-12-09,One year,Fiber optic,Electronic check,37,86.98,3163.66,4,2,3,5.0,45.0,Mumbai,No
CUST100265,50.0,Male,2022-07-23,Month-to-month,DSL,Electronic check,41,46.32,1829.5,5,1,1,8.0,3.0,Delhi,No
CUST102424,39.0,MALE,2025-10-05,Two year,DSL,Mailed check,3,81.24,246.89,7,0,2,6.0,56.0,Mumbai,No
CUST101262,48.0,Female,2025-12-03,Month-to-month,DSL,Credit card,1,68.3,73.52,6,0,2,6.0,6.0,Chennai,Yes
CUST101771,39.0,Male,2024-12-24,Month-to-month,Fiber optic,Electronic check,12,55.23,671.4,3,3,2,5.0,32.0,Bengaluru,No
CUST103511,21.0,Male,2024-11-27,Month-to-month,Fiber optic,Bank transfer,13,51.66,689.85,2,1,1,7.0,4.0,Delhi,No
CUST100271,42.0,Female,2025-05-18,Month-to-month,No internet,Credit card,7,51.67,349.87,4,1,2,6.0,19.0,Chennai,No
CUST100696,18.0,Male,2024-05-24,Month-to-month,No internet,Credit card,19,38.12,629.36,2,1,1,4.0,10.0,Chennai,No
CUST100747,44.0,Male,2025-06-09,One year,Fiber optic,Mailed check,7,44.29,309.99,2,1,1,8.0,19.0,Delhi,No
CUST100244,64.0,Female,2024-10-04,Two year,DSL,Credit card,15,30.89,489.58,4,0,0,10.0,11.0,Delhi,No
CUST100317,30.0,Female,2025-11-06,One year,Fiber optic,Bank transfer,2,80.0,179.74,5,2,2,5.0,26.0,Chennai,No
CUST100476,51.0,Male,2025-06-02,Month-to-month,DSL,Electronic check,7,57.42,412.26,6,1,2,6.0,26.0,Mumbai,Yes
CUST102032,46.0,Female,2023-07-19,One year,No internet, electronic check ,29,32.52,993.31,2,3,3,7.0,57.0,Delhi,Yes
CUST100957,65.0,Male,2025-06-05,Two year,No internet,Electronic check,7,56.92,399.4,4,2,1,7.0,7.0,Hyderabad,No
CUST103867,58.0,Male,2025-07-20,Month-to-month,Fiber optic,Electronic check,5,60.38,323.8,2,3,0,6.0,34.0,Pune,No
CUST100813,32.0,Male,2024-03-20,One year,No internet,Bank transfer,21,95.78,1983.91,7,3,0,7.0,5.0,Chennai,No
CUST104193,26.0,Male,2022-09-10,Two year,DSL,Mailed check,40,47.68,1994.82,2,0,2,6.0,34.0,Pune,No
CUST101914,52.0,Female,2021-02-06,One year,No internet,Electronic check,59,48.59,2445.64,5,0,0,8.0,12.0,Hyderabad,No
CUST104626,32.0,Female,2025-10-14,Month-to-month,Fiber optic,Credit card,3,59.88,172.04,3,4,1,5.0,17.0,Chennai,No
CUST103487,41.0,Male,2022-10-21,Two year,DSL,Credit card,38,54.01,2075.27,4,2,0,8.0,32.0,Chennai,No
CUST101297,30.0,Female,2024-12-04,Month-to-month,Fiber optic,Electronic check,13,62.04,759.87,3,0,1,9.0,7.0,Bengaluru,No
CUST104083,34.0,Male,2021-11-06,Month-to-month,Fiber optic,Bank transfer,50,90.68,4960.92,6,2,0,7.0,14.0,Mumbai,No
CUST101804,39.0,Male,2024-12-13,Month-to-month,Fiber optic,Credit card,13,106.91,1519.55,8,3,1,6.0,16.0,Mumbai,No
CUST100758,46.0,Male,2021-11-23,Two year,No internet,Bank transfer,49,53.21,2592.07,3,0,2,8.0,25.0,Bengaluru,No
CUST100250,34.0,Female,2025-10-28,Month-to-month,No internet,Credit card,2,64.74,110.55,4,1,1,6.0,23.0,Pune,No
CUST102461,22.0,,2023-01-24,Month-to-month,DSL,Credit card,35,47.26,1451.73,3,0,3,5.0,28.0,Delhi,No
CUST100545,36.0,Male,2023-10-20,Month-to-month,No internet,Credit card,26,45.42,1180.3,4,2,0,8.0,27.0,Mumbai,No
CUST103241,28.0,Male,2023-02-04,Month-to-month,Fiber optic,Credit card,35,56.64,1980.6,2,0,4,7.0,18.0,Delhi,No
CUST100738,19.0,Male,2025-10-26,Month-to-month,Fiber optic,,2,63.59,141.28,3,0,1,7.0,13.0,Mumbai,No
CUST100310,52.0,Male,2021-10-06,One year,Fiber optic,Bank transfer,51,87.86,4367.69,6,1,2,6.0,9.0,Bengaluru,No
CUST103830,26.0,Male,2023-04-30,One year,Fiber optic,,32,47.99,1524.96,1,2,1,6.0,9.0,Chennai,No
CUST102941,53.0,Female,2022-03-03,One year,DSL,Electronic check,46,43.58,1887.39,2,1,2,5.0,15.0,Delhi,No
CUST101131,35.0,Male,2025-01-30,Two year,No internet,Mailed check,11,47.38,538.73,4,2,1,8.0,16.0,Chennai,No
CUST101449,31.0,Female,2025-06-19,One year,DSL,Credit card,6,60.76,361.62,6,2,2,7.0,4.0,Delhi,No
CUST104944,36.0,Female,2024-12-12,Month-to-month,Fiber optic,Credit card,13,70.33,920.2,3,3,0,7.0,28.0,Hyderabad,No
CUST100015,28.0,Male,2021-08-11,Month-to-month,Fiber optic,Electronic check,53,86.26,4413.8,5,0,0,8.0,10.0,Mumbai,No
CUST103232,25.0,Male,2021-07-21,Month-to-month,DSL,Bank transfer,53,86.6,4907.31,8,1,1,8.0,45.0,Delhi,Yes
CUST102769,47.0,Female,2022-06-28,Month-to-month,DSL,Bank transfer,42,39.28,1617.61,2,3,2,8.0,18.0,Delhi,No
CUST103468,55.0,Female,2023-04-26,Month-to-month,Fiber optic,Credit card,32,55.66,1716.52,2,0,0,10.0,17.0,Bengaluru,No
CUST100920,34.0,Male,2025-04-21,Two year,DSL,Electronic check,8,67.37,523.8,5,1,3,9.0,16.0,Pune,No
CUST103029,41.0,Female,2023-07-09,One year,Fiber optic,Bank transfer,30,79.1,2203.17,4,3,2,5.0,22.0,Delhi,Yes
CUST101372,43.0,Male,2022-09-11,Month-to-month,DSL,Credit card,40,33.71,1264.82,4,2,0,7.0,12.0,Chennai,No
CUST103587,40.0,Male,2025-11-09,One year,DSL,Credit card,2,35.9,78.21,2,1,2,6.0,13.0,Hyderabad,No
CUST102544,37.0,Male,2025-01-15,Month-to-month,DSL,Credit card,12,79.87,890.44,5,2,3,6.0,8.0,Bengaluru,No
CUST103598,18.0,Male,2024-03-21,One year,Fiber optic,Mailed check,21,74.01,1775.25,5,2,2,6.0,13.0,Pune,Yes
CUST100038,28.0,Male,2025-06-03,Month-to-month,Fiber optic,Bank transfer,7,88.3,746.84,5,2,0,7.0,22.0,Hyderabad,Yes
CUST100363,25.0,Female,2024-01-05,Month-to-month,DSL,Mailed check,24,,1492.37,5,2,0,7.0,9.0,Mumbai,Yes
CUST104331,24.0,Female,2023-09-13,Two year,No internet,Bank transfer,28,55.75,1691.1,4,1,1,8.0,16.0,Pune,No
CUST100182,33.0,Male,2025-04-08,Month-to-month,DSL,Mailed check,9,21.86,188.27,1,0,1,8.0,14.0,Hyderabad,No
CUST103033,42.0,Female,2024-07-01,Month-to-month,DSL,Bank transfer,18,77.52,1282.6,5,1,1,8.0,10.0,Pune,No
CUST102983,41.0,Female,2022-02-20,One year,DSL,Electronic check,46,30.91,1279.99,2,3,1,5.0,35.0,Bengaluru,No
CUST101194,61.0,Male,2021-01-06,Two year,No internet,Electronic check,60,71.63,3696.9,6,2,0,7.0,9.0,Pune,No
CUST102852,54.0,Male,2024-03-10,Two year,No internet,Electronic check,22,43.53,848.3,2,3,0,5.0,23.0,Chennai,No
CUST103816,37.0,Male,2025-10-19,Two year,Fiber optic,Credit card,2,66.38,134.06,3,4,1,6.0,33.0,Hyderabad,No
CUST101121,38.0,Male,2025-02-04,One year,Fiber optic,Credit card,11,50.47,520.52,2,3,3,7.0,11.0,Hyderabad,No
CUST102235,25.0,Female,2024-08-24,One year,DSL,Bank transfer,16,50.36,784.0,4,1,1,8.0,4.0,Pune,No
CUST102667,35.0,Female,2024-09-11,One year,DSL,Electronic check,16,48.69,828.88,3,0,3,7.0,1.0,Bengaluru,No
CUST103749,54.0,Female,2024-12-19,Month-to-month,DSL,Credit card,12,50.51,528.67,2,3,3,4.0,22.0,Chennai,No
CUST103223,18.0,Female,2025-10-02,Two year,Fiber optic,Bank transfer,3,66.85,212.56,4,2,1,8.0,12.0,Mumbai,No
CUST101182,28.0,Male,2023-04-03,One year,Fiber optic,Credit card,33,98.73,3038.97,8,0,2,8.0,18.0,Mumbai,No
CUST104306,41.0,Male,2022-09-28,Month-to-month,Fiber optic,Electronic check,39,65.33,2107.41,5,2,0,6.0,19.0,Mumbai,No
CUST104316,45.0,Female,2025-05-12,One year,Fiber optic,Bank transfer,8,82.04,641.77,6,3,1,7.0,14.0,Chennai,No
CUST100614,28.0,Female,2023-01-29,Month-to-month,DSL,Electronic check,35,73.24,2678.57,7,2,2,,13.0,Bengaluru,No
CUST104933,44.0,Female,2023-04-27,Month-to-month,Fiber optic,Electronic check,32,56.58,1678.5,2,3,1,6.0,31.0,Hyderabad,Yes
CUST101466,23.0,Female,2023-07-21,Month-to-month,DSL,Bank transfer,29,53.04,1472.56,5,2,1,7.0,11.0,Pune,No
CUST100401,40.0,Male,2023-08-05,One year,Fiber optic,Bank transfer,29,88.31,2892.83,4,2,1,8.0,8.0,Chennai,No
CUST103042,27.0,Male,2021-06-26,One year,Fiber optic,Bank transfer,54,92.42,4473.03,5,4,1,6.0,24.0,Mumbai,No
CUST100934,42.0,Male,2024-02-27,Month-to-month,DSL,Mailed check,22,51.11,1152.39,4,2,1,6.0,10.0,Pune,No
CUST102419,18.0,Female,2023-12-30,Month-to-month,No internet,Electronic check,24,83.1,1828.04,8,4,1,6.0,16.0,Mumbai,No
CUST104082,39.0,Male,2025-07-26,One year,DSL,Credit card,5,43.63,234.31,2,0,2,7.0,11.0,Delhi,No
CUST104537,42.0,Female,2024-09-17,Two year,Fiber optic,Bank transfer,15,77.6,1183.66,5,2,1,5.0,5.0,Bengaluru,No
CUST102641,37.0,Male,2022-05-08,Month-to-month,Fiber optic,Bank transfer,44,63.47,2981.58,3,1,4,7.0,7.0,Delhi,No
CUST104653,33.0,Female,2023-12-27,Month-to-month,Fiber optic,Bank transfer,24,92.07,2564.67,6,1,1,7.0,3.0,Bengaluru,No
CUST100726,41.0,Male,2024-12-31,One year,DSL,Mailed check,12,78.16,828.48,8,1,0,5.0,9.0,Pune,No
CUST100826,38.0,Female,2022-03-21,Month-to-month,Fiber optic,Credit card,45,77.68,3542.01,6,0,0,9.0,8.0,Delhi,No
CUST101521,18.0,Male,2025-03-23,One year,Fiber optic,Bank transfer,9,58.53,554.89,3,1,0,8.0,27.0,Pune,Yes
CUST104768,20.0,Female,2022-09-18,Two year,DSL,Electronic check,39,31.02,1357.93,2,4,1,7.0,10.0,Chennai,Yes
CUST102930,29.0,Female,2023-12-30,Month-to-month,DSL,Electronic check,24,33.15,874.73,2,1,0,8.0,5.0,Bengaluru,No
CUST100136,42.0,Male,2023-08-26,Month-to-month,No internet,Mailed check,28,53.38,1379.07,5,3,2,7.0,27.0,Pune,No
CUST103590,37.0,Male,2023-09-23,Month-to-month,Fiber optic,Electronic check,27,59.74,1758.01,3,1,0,6.0,20.0,Chennai,No
CUST100628,26.0,Female,2023-08-07,Month-to-month,Fiber optic,Bank transfer,29,38.2,963.72,1,1,2,5.0,13.0,Mumbai,No
CUST100334,38.0,Female,2022-05-29,Month-to-month,Fiber optic,Credit card,43,63.11,2911.84,2,2,0,7.0,17.0,Mumbai,No
CUST100390,18.0,Female,2022-10-15,One year,No internet,Electronic check,39,44.46,1610.62,1,2,0,5.0,14.0,Mumbai,No
CUST104410,55.0,Female,2021-12-05,Month-to-month,Fiber optic,Credit card,49,105.3,5363.26,8,4,1,5.0,13.0,Pune,No
CUST104900,18.0,Male,2024-07-10,Month-to-month,No internet,Credit card,18,48.6,847.01,5,1,1,9.0,25.0,Hyderabad,Yes
CUST103883,53.0,Male,2024-06-14,Month-to-month,Fiber optic,Credit card,19,64.64,1173.29,3,1,2,6.0,11.0,Hyderabad,No
CUST101817,49.0,Male,2025-08-14,Month-to-month,Fiber optic,Bank transfer,5,102.83,511.68,7,1,1,7.0,18.0,Bengaluru,No
CUST100400,36.0,Male,2024-10-08,Month-to-month,DSL,Credit card,15,40.85,705.89,2,1,0,7.0,18.0,Pune,Yes
CUST100710,38.0,Male,2023-06-04,Month-to-month,DSL,Mailed check,31,46.02,1505.98,4,2,0,5.0,17.0,Chennai,Yes
CUST101039,46.0,Female,2024-06-10,One year,DSL,Mailed check,19,59.11,1209.94,5,2,1,7.0,23.0,Hyderabad,No
CUST104369,47.0,Male,2022-11-09,Month-to-month,Fiber optic,Credit card,38,70.13,2982.69,4,3,2,6.0,20.0,Mumbai,No
CUST103359,40.0,Male,2024-10-06,Month-to-month,No internet,Bank transfer,15,34.18,546.23,3,2,4,3.0,40.0,Pune,Yes
CUST100046,48.0,Female,2024-04-22,One year,Fiber optic,Bank transfer,20,105.0,1882.81,7,2,0,7.0,44.0,Pune,No
CUST101561,40.0,Female,2022-07-17,One year,Fiber optic,Electronic check,42,58.89,2569.04,3,5,1,5.0,24.0,Hyderabad,No
CUST104823,31.0,Male,2022-11-07,One year,Fiber optic,Electronic check,38,70.15,2768.14,3,2,0,6.0,13.0,Chennai,No
CUST103642,37.0,Female,2022-10-31,Month-to-month,Fiber optic,Credit card,38,71.79,2522.64,3,0,1,8.0,21.0,Chennai,No
CUST103726,41.0,Female,2023-02-17,One year,No internet,Electronic check,34,31.51,961.25,2,2,2,7.0,15.0,Delhi,Yes
CUST104867,34.0,Male,2025-08-13,One year,DSL,Electronic check,5,78.0,411.47,6,1,2,7.0,46.0,Chennai,No
CUST101112,24.0,Male,2021-01-02,One year,No internet,Credit card,60,38.78,1926.82,2,2,1,7.0,28.0,Delhi,No
CUST102513,48.0,Male,2022-06-26,One year,DSL,Bank transfer,42,35.09,1619.77,2,2,0,6.0,34.0,Chennai,No
CUST103608,47.0,Male,2025-11-22,Two year,Fiber optic,Bank transfer,1,,57.38,3,1,1,8.0,35.0,Hyderabad,No
CUST101223,47.0,Male,2024-06-30,One year,Fiber optic,Electronic check,18,64.84,1006.72,4,0,3,7.0,7.0,Hyderabad,No
CUST104881,41.0,Male,2022-09-04,Month-to-month,Fiber optic,Credit card,40,100.95,4473.83,8,1,0,6.0,14.0,Hyderabad,No
CUST103023,29.0,Female,2022-02-16,Two year,DSL,Credit card,46,43.64,1889.18,5,4,0,7.0,24.0,Chennai,No
CUST102421,35.0,Female,2025-09-18,Month-to-month,No internet,,3,67.4,228.46,5,0,0,8.0,,Bengaluru,No
CUST101508,62.0,Female,2022-03-01,Month-to-month,DSL,Electronic check,46,38.12,1856.25,3,0,1,8.0,12.0,Mumbai,No
CUST101750,29.0,Female,2023-10-16,Month-to-month,No internet,Electronic check,27,55.49,1496.23,4,1,0,8.0,22.0,Hyderabad,No
CUST104861,45.0,Female,2022-11-10,Month-to-month,DSL,Electronic check,38,61.13,2140.69,4,1,0,5.0,21.0,Delhi,No
CUST104118,30.0,Female,2022-02-15,One year,No internet,Electronic check,47,36.51,1557.62,3,4,0,5.0,31.0,Chennai,No
CUST101799,33.0,Female,2023-02-15,Two year,No internet,Mailed check,35,74.68,2427.09,8,1,0,7.0,19.0,Bengaluru,No
CUST100338,52.0,,2021-11-28,Two year,DSL,Mailed check,49,68.35,3283.91,7,1,3,7.0,7.0,Delhi,No
CUST100215,50.0,Female,2021-04-24,Two year,Fiber optic,Mailed check,56,58.08,3199.97,3,2,2,7.0,19.0,Mumbai,Yes
CUST103663,42.0,Female,2021-05-30,One year,DSL,,55,40.34,1816.91,3,1,2,6.0,9.0,Bengaluru,No
CUST101341,43.0,Female,2025-01-09,Two year,DSL,Credit card,12,55.91,642.67,3,0,0,7.0,21.0,Bengaluru,No
CUST100011,47.0,Male,2021-01-20,Two year,Fiber optic,Electronic check,59,63.5,4116.9,1,0,2,6.0,3.0,Chennai,No
CUST101520,23.0,Female,2022-03-05,Month-to-month,No internet,Mailed check,46,45.77,2236.26,4,4,2,7.0,10.0,Bengaluru,No
CUST103640,19.0,Male,2024-03-04,Two year,Fiber optic,Bank transfer,22,60.7,1436.77,4,2,0,9.0,34.0,Bengaluru,No
CUST103989,27.0,Female,2022-07-07,Month-to-month,Fiber optic,Electronic check,42,70.6,2624.27,4,0,0,8.0,31.0,Bengaluru,No
CUST103825,35.0,Male,2021-10-04,Month-to-month,Fiber optic,Mailed check,51,71.58,3627.09,4,4,2,4.0,20.0,Chennai,No
CUST103004,35.0,Male,2025-08-21,Month-to-month,Fiber optic,Electronic check,4,111.34,378.52,8,0,1,6.0,8.0,Hyderabad,No
CUST102864,25.0,Male,2025-06-17,One year,No internet,Electronic check,7,93.72,655.62,7,3,1,7.0,20.0,Bengaluru,Yes
CUST103115,47.0,Female,2023-07-02,Month-to-month,DSL,Credit card,30,67.1,2178.08,4,1,4,6.0,13.0,Hyderabad,No
CUST104864,28.0,Female,2023-10-31,Month-to-month,Fiber optic,Mailed check,26,81.08,2196.83,5,1,2,7.0,18.0,Bengaluru,No
CUST102322,52.0,Male,2023-04-23,Month-to-month,Fiber optic,Electronic check,32,83.0,2495.72,3,2,1,6.0,26.0,Delhi,No
CUST102571,46.0,Male,2024-05-01,Month-to-month,DSL,Electronic check,20,44.51,976.24,3,3,0,7.0,22.0,Mumbai,Yes
CUST102913,18.0,Male,2022-01-30,One year,Fiber optic,Electronic check,47,35.32,1675.01,2,2,1,6.0,11.0,Hyderabad,No
CUST100101,54.0,Male,2022-07-27,Month-to-month,DSL,Electronic check,41,49.91,1797.82,4,1,0,9.0,9.0,Mumbai,No
CUST103549,45.0,Male,2021-10-22,One year,Fiber optic,Credit card,50,56.95,2867.69,2,3,1,7.0,16.0,Mumbai,No
CUST101458,59.0,Female,2022-02-28,One year,Fiber optic,Credit card,46,76.89,3340.98,3,2,4,6.0,19.0,Chennai,No
CUST100171,43.0,Female,2023-07-10,Month-to-month,Fiber optic,Electronic check,30,59.63,1629.76,3,1,3,5.0,4.0,Mumbai,No
CUST100107,34.0,Male,2022-01-31,Month-to-month,No internet,Electronic check,47,52.17,2208.09,5,0,0,7.0,,Pune,No
CUST104848,29.0,Female,2023-01-20,Month-to-month,DSL,Bank transfer,35,53.95,1913.81,4,2,0,7.0,6.0,Bengaluru,No
CUST103569,48.0,Male,2024-07-10,Month-to-month,No internet,Credit card,18,51.39,944.48,5,4,2,5.0,17.0,Chennai,Yes
CUST101073,19.0,Male,2024-09-28,Month-to-month,DSL,Bank transfer,15,46.16,762.34,3,1,0,,13.0,Delhi,No
CUST104318,27.0,Male,2025-01-04,Month-to-month,DSL,Bank transfer,12,48.98,633.24,3,1,2,8.0,6.0,Pune,No
CUST100024,33.0,Female,2024-02-22,Two year,Fiber optic,Mailed check,22,88.51,1823.98,6,2,3,4.0,16.0,Pune,No
CUST104606,25.0,Male,2025-10-31,Month-to-month,DSL,Electronic check,2,52.87,108.46,4,2,2,7.0,22.0,Mumbai,No
CUST104144,55.0,Female,2024-08-20,Two year,Fiber optic,Bank transfer,16,71.48,1128.15,5,3,1,4.0,21.0,Mumbai,No
CUST100938,49.0,Female,2023-12-28,One year,DSL,Electronic check,24,29.81,713.61,2,2,1,7.0,22.0,Bengaluru,No
CUST100060,18.0,Male,2024-11-13,Month-to-month,Fiber optic,Credit card,14,69.17,946.58,5,0,1,7.0,24.0,Chennai,No
CUST101240,53.0,Female,2025-07-22,Two year,Fiber optic,Credit card,5,76.55,387.68,5,1,2,7.0,5.0,Bengaluru,No
CUST104661,34.0,Female,2025-02-14,Two year,DSL,Credit card,11,27.64,293.68,1,2,1,8.0,30.0,Chennai,No
CUST101040,27.0,Female,2023-11-11,One year,Fiber optic,Bank transfer,26,87.8,2171.96,7,1,2,6.0,6.0,Pune,No
CUST104209,34.0,Female,2022-02-05,Month-to-month,Fiber optic,Credit card,47,76.77,3831.06,6,1,2,6.0,23.0,Chennai,No
CUST102760,30.0,Male,2024-07-08,Month-to-month,DSL,Credit card,18,64.34,1146.53,7,3,1,7.0,12.0,Bengaluru,No
CUST102120,45.0,Male,2025-02-19,Month-to-month,DSL,Electronic check,10,39.96,395.6,3,0,1,8.0,7.0,Pune,No
CUST101524,33.0,Male,2024-07-11,Two year,No internet,Bank transfer,18,37.52,626.45,3,2,2,6.0,12.0,Chennai,No
CUST103521,38.0,Male,2025-02-04,Month-to-month,No internet,Electronic check,11,54.51,614.29,5,3,0,5.0,10.0,Pune,No
CUST100153,32.0,Male,2024-05-13,Month-to-month,DSL,Credit card,20,45.25,860.48,3,2,3,,10.0,Hyderabad,No
CUST102248,37.0,Female,2021-10-03,Month-to-month,DSL,Electronic check,51,46.75,2279.68,3,1,3,8.0,31.0,Hyderabad,Yes
CUST100481,55.0,Female,2023-09-01,Month-to-month,Fiber optic,Bank transfer,28,77.73,2205.91,4,1,4,9.0,26.0,Delhi,No
CUST104255,50.0,Female,2023-08-09,One year,DSL,Bank transfer,29,34.63,943.74,2,4,0,5.0,43.0,Delhi,Yes
CUST104328,45.0,Male,2021-09-18,Month-to-month,DSL,Credit card,51,53.51,2315.42,5,3,0,8.0,25.0,Delhi,Yes
CUST103578,45.0,Male,2022-08-09,Month-to-month,DSL,Credit card,41,36.5,1548.17,3,1,0,9.0,12.0,Mumbai,No
CUST104147,62.0,Female,2022-03-25,Month-to-month,No internet,Electronic check,45,81.39,3644.46,6,3,2,,24.0,Delhi,No
CUST103562,23.0,Female,2022-09-02,Month-to-month,Fiber optic,Electronic check,40,38.49,1647.87,2,1,2,5.0,31.0,Bengaluru,No
CUST103315,48.0,Male,2022-10-13,Two year,Fiber optic,Credit card,39,45.68,1720.24,1,1,2,7.0,10.0,Mumbai,No
CUST101762,30.0,Female,2024-07-20,Month-to-month,DSL,Credit card,17,48.19,720.51,3,6,0,,29.0,Bengaluru,No
CUST103538,48.0,Male,2022-04-10,Two year,Fiber optic,Electronic check,45,109.09,5128.84,7,0,0,8.0,23.0,Bengaluru,No
CUST104827,35.0,Female,2022-07-10,One year,Fiber optic,Electronic check,42,95.57,3759.11,3,3,2,8.0,11.0,Bengaluru,No
CUST100750,38.0,Male,2022-08-03,Month-to-month,Fiber optic,Credit card,41,48.79,1846.26,3,0,1,8.0,18.0,Delhi,No
CUST103619,35.0,Male,2024-11-20,Month-to-month,Fiber optic,Credit card,13,87.35,825.9,5,2,1,6.0,16.0,Pune,No
CUST101785,53.0,Female,2022-06-04,Month-to-month,DSL,Electronic check,43,49.06,2177.03,3,2,1,6.0,26.0,Delhi,No
CUST104293,53.0,Female,2021-11-02,One year,Fiber optic,Mailed check,50,74.27,3541.47,4,1,3,7.0,,Chennai,No
CUST103383,30.0,Female,2025-08-07,Month-to-month,DSL,Credit card,5,22.65,118.44,2,1,1,6.0,13.0,Bengaluru,No
CUST104160,22.0,Female,2022-04-12,Two year,Fiber optic,Credit card,45,58.38,2661.04,3,2,2,9.0,28.0,Bengaluru,No
CUST100405,35.0,Male,2023-11-11,Month-to-month,DSL,Electronic check,26,67.03,1725.36,5,5,2,4.0,20.0,Mumbai,No
CUST100757,48.0,Female,2024-10-20,One year,No internet,Electronic check,14,55.97,769.02,5,6,1,5.0,,Delhi,Yes
CUST102711,46.0,Male,2021-10-03,Month-to-month,Fiber optic,Mailed check,51,88.06,4766.37,6,1,2,8.0,2.0,Hyderabad,No
CUST102670,46.0,Male,2025-01-25,Month-to-month,DSL,Mailed check,11,68.49,739.08,6,1,1,6.0,30.0,Hyderabad,No
CUST104036,64.0,Male,2024-05-26,Month-to-month,Fiber optic,Mailed check,19,80.51,1465.25,3,4,1,5.0,14.0,Mumbai,No
CUST100097,26.0,Male,2021-09-22,Month-to-month,Fiber optic,Electronic check,51,73.17,3893.04,4,1,3,5.0,13.0,Chennai,No
CUST101333,9.0,Female,2021-09-04,Two year,DSL,Credit card,52,42.7,2081.5,3,1,0,6.0,30.0,Chennai,No
CUST104934,33.0,Male,2022-12-28,Month-to-month,Fiber optic,Credit card,36,83.41,3082.85,4,1,0,9.0,27.0,Chennai,No
CUST102791,37.0,Male,2025-11-10,One year,Fiber optic,Mailed check,2,69.79,131.85,4,1,2,8.0,15.0,Bengaluru,No
CUST102854,28.0,Female,2022-12-21,Month-to-month,DSL,Electronic check,36,55.79,2166.79,5,1,2,7.0,31.0,Delhi,Yes
CUST100186,40.0,Male,2021-11-19,Two year,DSL,Mailed check,49,75.31,3803.94,5,2,0,8.0,23.0,Hyderabad,No
CUST104056,48.0,Male,2021-12-30,Month-to-month,Fiber optic,Bank transfer,48,62.06,3035.84,2,1,1,8.0,16.0,Pune,No
CUST102723,40.0,Male,2021-08-12,Month-to-month,No internet, electronic check ,53,59.24,3135.82,5,1,0,8.0,15.0,Delhi,No
CUST103583,37.0,Male,2025-07-15,One year,No internet,Bank transfer,6,47.89,298.96,4,1,1,7.0,24.0,Bengaluru,No
CUST102058,,Male,2024-03-15,One year,Fiber optic,Mailed check,22,61.03,1453.45,3,4,1,3.0,31.0,Bengaluru,No
CUST101319,52.0,Male,2023-04-17,One year,Fiber optic,Credit card,33,57.39,1975.86,3,1,0,8.0,3.0,Bengaluru,No
CUST104220,57.0,Male,2024-06-15,Month-to-month,No internet,Credit card,19,68.69,1304.21,6,2,2,6.0,28.0,Chennai,No
CUST100148,51.0,Male,2022-10-02,Month-to-month,DSL,Bank transfer,39,49.55,1761.72,4,3,3,6.0,6.0,Mumbai,No
CUST100028,43.0,Male,2022-04-20,Month-to-month,DSL,Electronic check,44,59.71,2451.59,5,0,1,6.0,27.0,Pune,No
CUST104162,44.0,Male,2022-09-10,Month-to-month,DSL,Bank transfer,40,77.69,3028.84,7,2,0,9.0,19.0,Mumbai,No
CUST104062,30.0,Female,2021-10-23,One year,No internet,Credit card,50,59.9,3169.18,5,0,1,7.0,20.0,Pune,No
CUST103363,27.0,Female,2024-06-18,Month-to-month,Fiber optic,Electronic check,18,37.07,596.96,3,0,3,7.0,5.0,Pune,No
CUST100692,49.0,Female,2025-08-28,One year,Fiber optic,Credit card,4,49.32,182.76,2,0,0,8.0,16.0,Chennai,Yes
CUST102866,44.0,Female,2025-08-15,One year,Fiber optic,Electronic check,5,71.48,371.26,3,4,0,6.0,39.0,Mumbai,No
CUST103776,27.0,Male,2021-05-21,One year,Fiber optic,Bank transfer,55,44.03,2153.61,2,2,1,7.0,12.0,Mumbai,No
CUST101386,53.0, female ,2024-04-05,Two year,DSL,Bank transfer,21,68.48,1212.85,3,1,2,5.0,22.0,Chennai,No
CUST101845,18.0,Female,2022-05-29,Month-to-month,Fiber optic,Electronic check,43,83.48,3525.85,4,2,1,7.0,38.0,Hyderabad,No
CUST104754,59.0,Male,2025-10-26,One year,DSL,Electronic check,2,63.41,120.62,5,0,2,7.0,9.0,Pune,No
CUST100129,27.0,Male,2021-06-09,Two year,Fiber optic,Bank transfer,55,75.13,4098.31,5,0,2,9.0,12.0,Delhi,No
CUST101599,25.0,Male,2023-08-07,Month-to-month,Fiber optic,,29,,1705.19,2,3,1,5.0,9.0,Hyderabad,Yes
CUST103629,46.0,Female,2024-03-03,Month-to-month,Fiber optic,Credit card,22,79.34,1874.72,5,2,1,8.0,15.0,Hyderabad,No
CUST104526,35.0,Male,2022-07-19,Month-to-month,Fiber optic, electronic check ,41,75.37,3136.36,4,0,2,6.0,5.0,Mumbai,No
CUST100701,35.0,Female,2023-10-29,One year,DSL,Electronic check,26,62.34,1379.32,3,0,3,7.0,15.0,Chennai,No
CUST104035,40.0,Male,2025-01-27,Month-to-month,Fiber optic,Mailed check,11,60.56,722.24,4,0,2,5.0,14.0,Bengaluru,No
CUST103028,28.0,Male,2024-08-17,Month-to-month,Fiber optic,Credit card,16,77.89,1304.28,5,3,2,7.0,32.0,Hyderabad,No
CUST102969,38.0,Male,2021-07-02,Month-to-month,Fiber optic,Bank transfer,54,72.01,3593.14,4,0,2,7.0,33.0,Mumbai,No
CUST104379,22.0,Female,2025-07-04,One year,DSL,Credit card,6,37.44,242.31,2,2,3,5.0,25.0,Hyderabad,No
CUST101708,50.0,Female,2023-02-14,Month-to-month,No internet,Credit card,35,48.07,1856.68,4,1,0,10.0,7.0,Hyderabad,No
CUST102953,,Female,2023-05-07,Month-to-month,Fiber optic,Credit card,32,57.59,1704.36,2,1,3,6.0,,Mumbai,Yes
CUST100454,39.0,Male,2024-04-14,Two year,DSL,Mailed check,21,73.27,1464.29,6,0,3,8.0,23.0,Hyderabad,No
CUST102868,39.0,Female,2024-02-27,Two year,DSL,Credit card,22,56.3,1309.63,5,1,0,9.0,23.0,Hyderabad,No
CUST102040,49.0,Male,2021-07-03,Month-to-month,No internet,Bank transfer,54,50.02,2651.41,3,2,1,,9.0,Mumbai,No
CUST101772,22.0,Male,2023-11-22,Two year,Fiber optic,Mailed check,25,72.51,1592.03,3,0,2,9.0,4.0,Chennai,No
CUST102315,42.0,Male,2023-01-04,Month-to-month,Fiber optic,Bank transfer,36,69.51,2503.71,2,2,1,7.0,22.0,Delhi,No
CUST100609,44.0,Male,2023-05-25,Month-to-month,Fiber optic,Electronic check,31,65.1,2370.75,2,3,2,3.0,20.0,Mumbai,No
CUST100167,43.0,Male,2024-06-16,One year,DSL,Bank transfer,19,46.59,950.49,5,2,0,7.0,12.0,Bengaluru,No
CUST100730,43.0,Female,2021-08-29,Two year,DSL,Electronic check,52,53.3,2764.01,3,1,0,9.0,9.0,Pune,No
CUST104271,25.0,Female,2024-06-21,Month-to-month,DSL,Electronic check,18,40.95,637.33,3,3,1,7.0,27.0,Delhi,No
CUST103358,26.0,Female,2023-06-03,Two year,DSL,Mailed check,31,73.84,2574.5,7,1,1,8.0,29.0,Mumbai,No
CUST103896,22.0,Male,2025-09-10,Month-to-month,DSL,Electronic check,4,84.62,325.17,8,3,0,10.0,28.0,Hyderabad,No
CUST102074,39.0,Female,2023-08-12,One year,Fiber optic,Electronic check,29,83.64,2461.65,5,5,2,5.0,16.0,Delhi,No
CUST104092,29.0,Male,2025-01-08,Month-to-month,Fiber optic,Bank transfer,12,62.72,714.1,4,0,2,7.0,10.0,Delhi,No
CUST103700,37.0,Male,2024-07-20,One year,Fiber optic,Electronic check,17,55.75,852.09,2,3,3,6.0,11.0,Bengaluru,No
CUST101622,47.0,Male,2024-01-08,Month-to-month,DSL,Electronic check,24,27.89,593.48,2,3,0,7.0,21.0,Bengaluru,No
CUST100587,28.0,Male,2022-07-12,Month-to-month,Fiber optic,Mailed check,42,67.89,2899.47,4,2,0,6.0,19.0,Delhi,No
CUST101401,34.0,Male,2021-07-07,One year,DSL,Credit card,54,76.47,3745.98,6,2,1,8.0,18.0,Pune,No
CUST103045,34.0,Female,2024-01-01,One year,No internet,Bank transfer,24,36.99,897.41,3,2,1,4.0,25.0,Pune,No
CUST103224,41.0,Female,2023-10-15,Month-to-month,DSL,Electronic check,27,102.41,2817.21,8,2,2,7.0,9.0,Chennai,No
CUST101700,24.0,Female,2022-03-31,One year,Fiber optic,Credit card,45,48.79,2097.5,1,3,2,5.0,11.0,Bengaluru,No
CUST103088,40.0,Female,2024-09-28,Month-to-month,DSL,Bank transfer,15,44.04,585.66,4,3,2,3.0,14.0,Chennai,No
CUST104879,25.0,Female,2022-04-30,Month-to-month,DSL,Credit card,44,60.15,3047.94,5,2,0,8.0,9.0,Pune,No
CUST102981,57.0,Female,2023-07-30,One year,Fiber optic,Bank transfer,29,64.83,1844.64,3,2,0,7.0,6.0,Bengaluru,No
CUST100040,47.0,Female,2022-11-20,Month-to-month,Fiber optic,Credit card,37,73.87,2777.37,5,2,2,7.0,6.0,Chennai,No
CUST101379,56.0,Female,2022-12-01,One year,Fiber optic,Bank transfer,37,85.22,3257.39,5,2,1,6.0,19.0,Chennai,No
CUST102089,44.0,Female,2023-11-26,Month-to-month,Fiber optic,Bank transfer,25,83.37,2120.1,7,2,0,6.0,18.0,Hyderabad,Yes
CUST102175,39.0,Female,2025-01-01,Month-to-month,DSL,Electronic check,12,43.08,547.32,4,4,1,5.0,36.0,Hyderabad,No
CUST103217,52.0,Male,2021-11-22,Two year,No internet,Credit card,49,48.85,2424.08,4,3,1,5.0,24.0,Bengaluru,No
CUST102885,42.0,Female,2021-12-08,Two year,Fiber optic,Credit card,49,70.15,3495.44,4,3,0,5.0,9.0,Chennai,No
CUST100074,40.0,Female,2023-01-21,One year,No internet,Credit card,35,50.4,1987.95,2,3,1,5.0,11.0,Delhi,No
CUST103961,54.0, female ,2023-02-02,Month-to-month,No internet,Electronic check,35,600.0,2089.37,3,0,0,7.0,4.0,Chennai,No
CUST104643,38.0,Male,2023-02-17,One year,DSL,Credit card,34,70.8,2506.43,4,2,0,7.0,7.0,Bengaluru,No
CUST102657,27.0,Male,2023-09-05,Two year,Fiber optic,Mailed check,28,41.72,1386.78,2,1,0,6.0,38.0,Pune,No
CUST103180,26.0,Male,2025-06-13,One year,No internet,Bank transfer,7,48.1,332.66,4,1,0,7.0,22.0,Pune,No
CUST102076,38.0,Female,2022-07-18,Two year,Fiber optic,Mailed check,41,96.3,4166.96,5,2,1,7.0,9.0,Hyderabad,No
CUST100441,42.0,Male,2025-10-23,One year,No internet,Bank transfer,2,42.58,78.17,2,0,0,5.0,18.0,Bengaluru,No
CUST104100,45.0,Male,2024-10-16,One year,Fiber optic,Electronic check,15,52.38,771.72,2,1,1,7.0,2.0,Delhi,No
CUST102051,23.0,Female,2021-08-11,Month-to-month,No internet,Bank transfer,53,65.38,2872.06,6,1,2,5.0,48.0,Delhi,No
CUST102541,43.0,Female,2023-03-29,One year,Fiber optic,Bank transfer,33,57.88,1945.64,2,0,1,8.0,2.0,Delhi,No
CUST103306,44.0,Male,2023-05-28,One year,DSL,Electronic check,31,68.81,2011.68,6,0,3,7.0,55.0,Hyderabad,No
CUST101301,18.0,Female,2022-06-29,Month-to-month,No internet,Credit card,42,68.68,2777.06,7,4,2,5.0,15.0,Bengaluru,No
CUST101781,39.0,Female,2025-03-16,Two year,DSL,Electronic check,10,53.91,618.16,3,2,1,6.0,5.0,Bengaluru,No
CUST104838,52.0,Male,2021-12-07,Month-to-month,No internet,Credit card,49,55.66,2723.92,5,3,0,5.0,45.0,Mumbai,Yes
CUST103430,19.0,Female,2025-05-10,Month-to-month,Fiber optic,Credit card,8,65.86,526.36,4,0,0,8.0,12.0,Delhi,No
CUST101304,35.0,Male,2025-04-13,Month-to-month,Fiber optic,Credit card,9,86.47,631.64,5,2,2,8.0,12.0,Hyderabad,No
CUST100236,18.0,Male,2024-07-01,Month-to-month,DSL,Bank transfer,18,58.35,1117.22,5,0,0,8.0,3.0,Hyderabad,No
CUST102599,50.0,Male,2024-07-23,Month-to-month,Fiber optic,,17,58.24,919.73,4,3,1,6.0,21.0,Delhi,No
CUST100520,26.0,Female,2023-06-11,Month-to-month,DSL,Credit card,31,42.01,1226.77,3,0,2,9.0,34.0,Pune,No
CUST102573,40.0,Male,2022-11-02,One year,DSL,Bank transfer,38,31.18,1275.24,1,2,0,6.0,12.0,Mumbai,No
CUST103280,59.0,Male,2025-07-20,Month-to-month,DSL,Electronic check,5,49.79,222.46,4,2,0,6.0,25.0,Pune,No
CUST103186,26.0,Female,2024-08-08,Month-to-month,No internet,Credit card,17,62.6,1092.46,5,0,2,7.0,4.0,Hyderabad,Yes
CUST102768,48.0,Female,2022-02-12,Month-to-month,DSL,Bank transfer,47,41.73,2022.8,2,1,0,9.0,3.0,Pune,No
CUST100735,40.0,Female,2025-11-24,Month-to-month,Fiber optic,Credit card,1,83.8,80.33,6,2,1,6.0,26.0,Delhi,No
CUST104727,25.0,Male,2023-11-18,Month-to-month,No internet,Mailed check,25,,1909.71,6,4,2,,23.0,Mumbai,Yes
CUST104954,51.0,Female,2023-10-09,Month-to-month,DSL,Bank transfer,27,43.68,1248.43,3,1,4,5.0,18.0,Pune,No
CUST102106,55.0,Male,2025-05-29,Month-to-month,Fiber optic,Bank transfer,7,48.26,366.65,2,2,3,6.0,37.0,Mumbai,No
CUST102679,43.0,Male,2023-06-06,Month-to-month,No internet,Credit card,31,18.0,625.95,1,2,1,7.0,24.0,Pune,No
CUST103229,21.0,Female,2025-06-24,Month-to-month,Fiber optic,Electronic check,6,58.76,367.76,3,0,1,9.0,9.0,Hyderabad,No
CUST102761,19.0,Male,2023-07-25,Two year,Fiber optic,Electronic check,29,80.98,2104.84,6,2,1,8.0,25.0,Mumbai,No
CUST100592,60.0,Female,2024-04-21,Month-to-month,Fiber optic,Electronic check,20,59.6,1313.02,4,0,2,8.0,8.0,Pune,No
CUST101303,47.0,Male,2023-02-01,One year,Fiber optic,Credit card,35,47.34,1489.87,2,1,1,6.0,6.0,Delhi,No
CUST101387,25.0,Female,2021-07-02,Two year,Fiber optic,Electronic check,54,61.45,3342.63,4,3,1,7.0,14.0,Chennai,No
CUST104719,40.0,Female,2025-03-29,One year,Fiber optic,Bank transfer,9,65.62,563.22,3,2,0,6.0,21.0,Chennai,No
CUST104549,28.0,Male,2022-11-09,One year,No internet,Bank transfer,38,54.75,1931.05,4,0,2,8.0,8.0,Mumbai,No
CUST103999,23.0,Female,2022-12-06,One year,DSL,Credit card,37,29.67,1039.06,3,2,0,6.0,11.0,Delhi,No
CUST101890,50.0,Female,2022-08-17,Two year,Fiber optic,Bank transfer,41,46.37,1783.5,3,1,2,9.0,50.0,Bengaluru,No
CUST102987,57.0,Female,2025-03-24,Month-to-month,Fiber optic,Mailed check,9,82.68,799.0,5,1,0,7.0,6.0,Hyderabad,No
CUST104949,48.0,Female,2024-09-07,Month-to-month,DSL,Bank transfer,16,44.18,791.53,3,2,2,7.0,24.0,Pune,Yes
CUST103297,37.0,Male,2022-02-05,Month-to-month,Fiber optic,Mailed check,47,83.56,4256.03,5,0,1,6.0,8.0,Mumbai,No
CUST100904,31.0,Female,2022-12-07,Month-to-month,Fiber optic,Credit card,37,88.31,3215.55,5,1,0,6.0,6.0,Bengaluru,No
CUST104633,24.0,Female,2021-02-02,One year,DSL,Electronic check,59,48.68,2731.32,4,2,0,8.0,15.0,Pune,No
CUST101279,35.0,Male,2021-11-30,Month-to-month,DSL,Electronic check,49,88.76,4434.64,7,0,0,10.0,32.0,Mumbai,No
CUST100933,58.0,Male,2025-10-16,Two year,DSL,Credit card,3,46.23,156.5,3,1,0,9.0,8.0,Delhi,No
CUST104924,21.0,Male,2022-06-21,Month-to-month,DSL,Mailed check,42,56.22,2286.96,4,2,0,10.0,14.0,Hyderabad,Yes
CUST102308,53.0,Female,2025-06-07,Month-to-month,No internet,Electronic check,7,53.57,400.4,3,0,3,7.0,5.0,Mumbai,No
CUST101555,30.0,Male,2021-02-10,Month-to-month,DSL,Electronic check,59,42.87,2287.5,2,3,1,8.0,12.0,Pune,No
CUST104556,42.0,Female,2024-07-19,One year,Fiber optic,Electronic check,17,72.42,1102.54,5,3,1,5.0,12.0,Mumbai,No
CUST103190,21.0,Male,2025-01-09,One year,No internet,Electronic check,12,51.27,677.37,3,1,1,7.0,14.0,Mumbai,No
CUST104464,50.0,Female,2024-10-28,Month-to-month,Fiber optic,Credit card,14,44.62,577.35,1,2,2,8.0,9.0,Chennai,No
CUST100706,27.0,Male,2022-05-10,Month-to-month,DSL,Electronic check,44,32.27,1448.66,2,2,0,,30.0,Pune,No
CUST104714,31.0,Male,2024-09-23,One year,Fiber optic,Credit card,15,89.21,1347.31,6,1,0,9.0,25.0,Bengaluru,No
CUST103070,48.0,Female,2025-05-12,Month-to-month,Fiber optic,Electronic check,8,107.29,854.67,6,2,1,7.0,10.0,Delhi,No
CUST100745,49.0,Female,2023-03-01,Month-to-month,No internet,Mailed check,34,91.98,3553.2,8,7,0,5.0,,Chennai,No
CUST103594,33.0,Male,2025-02-15,One year,DSL,Electronic check,11,69.0,800.54,7,2,2,4.0,8.0,Mumbai,No
CUST101939,28.0,Male,2023-09-22,Month-to-month,Fiber optic,Credit card,27,72.4,1776.97,5,1,0,8.0,30.0,Bengaluru,No
CUST104423,30.0,Female,2024-05-27,One year,DSL,,19,37.73,727.07,3,1,1,7.0,35.0,Mumbai,No
CUST102862,29.0,Female,2023-02-23,Month-to-month,Fiber optic,Electronic check,34,49.64,1462.39,2,1,1,8.0,20.0,Bengaluru,No
CUST104049,,Male,2021-04-12,Two year,Fiber optic,Credit card,57,70.55,3853.95,3,1,0,6.0,29.0,Delhi,No
CUST100513,37.0,Male,2022-04-05,Month-to-month,No internet,Credit card,45,76.68,3770.49,6,1,0,6.0,6.0,Delhi,No
CUST100081,30.0,Male,2023-10-07,One year,Fiber optic,Electronic check,27,41.32,1097.58,2,1,0,8.0,25.0,Mumbai,No
CUST102586,39.0,Male,2021-06-27,Two year,DSL,Bank transfer,54,22.61,1202.19,2,1,1,7.0,4.0,Hyderabad,No
CUST101308,18.0,Male,2021-05-17,One year,Fiber optic,Credit card,56,97.96,5111.08,6,0,2,7.0,6.0,Delhi,No
CUST104571,58.0,Female,2023-08-08,Month-to-month,Fiber optic,Bank transfer,29,49.54,1495.44,2,2,3,7.0,17.0,Pune,No
CUST100914,50.0,Female,2021-04-10,Month-to-month,Fiber optic,Bank transfer,57,450.0,6030.34,6,0,1,8.0,25.0,Delhi,No
CUST103452,61.0,Male,2022-09-18,Month-to-month,DSL,Credit card,39,27.93,1167.36,2,0,2,7.0,13.0,Hyderabad,No
CUST103695,29.0,Female,2023-07-22,One year,Fiber optic,Bank transfer,29,74.79,2212.21,4,1,0,7.0,30.0,Pune,No
CUST104828,53.0,Female,2023-08-26,Month-to-month,DSL,Bank transfer,28,56.59,1290.31,3,1,3,6.0,7.0,Mumbai,No
CUST103156,70.0,Female,2022-06-29,Two year,DSL,Electronic check,42,39.52,1621.75,2,2,1,7.0,8.0,Delhi,No
CUST102198,35.0,Male,2023-08-02,Month-to-month,No internet,Mailed check,29,32.62,875.88,1,3,1,6.0,23.0,Mumbai,No
CUST104254,29.0,Male,2023-04-30,Month-to-month,No internet,Bank transfer,32,49.1,1967.87,3,1,1,7.0,14.0,Chennai,No
CUST100774,38.0,Female,2022-10-03,Two year,DSL,Credit card,39,35.92,1395.16,2,2,0,6.0,21.0,Chennai,No
CUST100329,32.0,Male,2021-11-30,Month-to-month,No internet,Bank transfer,49,53.16,2846.58,4,1,1,8.0,2.0,Bengaluru,No
CUST102054,42.0,Male,2022-02-23,Month-to-month,Fiber optic,Electronic check,46,90.33,4122.73,5,3,1,6.0,21.0,Delhi,No
CUST102001,30.0,Female,2023-09-18,Two year,DSL,Electronic check,27,51.78,1470.81,2,1,1,5.0,9.0,Bengaluru,Yes
CUST100943,52.0,Male,2024-01-15,One year,DSL,Bank transfer,24,64.25,1425.89,4,2,1,8.0,19.0,Bengaluru,No
CUST100822,24.0,Female,2025-01-26,Two year,DSL,Electronic check,11,35.82,349.45,4,1,0,8.0,23.0,Chennai,No
CUST104550,50.0,Female,2021-01-08,One year,DSL,Electronic check,60,35.44,2169.45,3,5,2,7.0,47.0,Delhi,No
CUST100909,25.0,Male,2024-05-04,One year,No internet,Bank transfer,20,33.8,610.96,3,2,1,7.0,18.0,Hyderabad,No
CUST102516,38.0,Female,2021-04-13,Month-to-month,Fiber optic,Bank transfer,57,61.5,3712.79,4,0,2,8.0,26.0,Mumbai,No
CUST100181,41.0,Female,2023-01-22,Month-to-month,Fiber optic,Credit card,35,58.17,2039.54,2,3,1,6.0,17.0,Chennai,No
CUST100164,48.0,Male,2023-07-03,Month-to-month,Fiber optic,Credit card,30,49.07,1406.97,3,2,1,8.0,13.0,Chennai,No
CUST101523,36.0,Female,2024-10-13,One year,DSL,Credit card,15,32.65,475.26,3,1,2,6.0,6.0,Delhi,No
CUST100451,42.0,Male,2023-09-08,One year,Fiber optic,,28,81.0,2329.64,4,1,3,6.0,17.0,Bengaluru,No
CUST103983,22.0,Female,2024-08-14,One year,Fiber optic,Electronic check,17,59.57,867.73,3,0,1,9.0,10.0,Mumbai,No
CUST102538,45.0,Female,2024-10-06,Month-to-month,No internet,Bank transfer,15,48.61,720.5,3,2,3,6.0,13.0,Pune,Yes
CUST104128,35.0,Female,2025-11-17,One year,DSL,Electronic check,1,60.78,61.76,6,0,0,7.0,6.0,Hyderabad,No
CUST104799,33.0,Male,2022-12-23,One year,DSL,Electronic check,36,53.93,1886.53,4,1,0,9.0,15.0,Chennai,No
CUST101311,48.0,Male,2025-05-14,One year,DSL,Credit card,8,40.29,296.91,3,2,2,7.0,31.0,Chennai,Yes
CUST103149,41.0,Male,2025-03-03,Two year,Fiber optic,Bank transfer,10,55.2,573.55,4,4,0,6.0,10.0,Delhi,No
CUST101111,35.0,Female,2023-05-24,Month-to-month,No internet,Bank transfer,31,64.67,2142.51,6,1,2,6.0,5.0,Pune,No
CUST104570,37.0,Male,2023-08-28,Month-to-month,Fiber optic,Bank transfer,28,68.1,1934.48,4,3,1,4.0,30.0,Delhi,No
CUST103874,,Female,2025-09-29,Month-to-month,Fiber optic,Bank transfer,3,68.1,216.7,3,2,1,6.0,17.0,Mumbai,No
CUST103489,35.0,Male,2023-11-10,Two year,Fiber optic,Electronic check,26,61.61,1490.06,4,1,1,7.0,48.0,Chennai,No
CUST101287,38.0,Female,2024-02-19,Month-to-month,Fiber optic,Credit card,22,107.01,2191.23,8,2,0,9.0,7.0,Pune,No
CUST104792,47.0,Male,2021-10-08,Month-to-month,No internet,Credit card,51,82.39,3599.8,8,1,0,8.0,34.0,Bengaluru,No
CUST104669,29.0,Male,2025-04-26,One year,Fiber optic,Credit card,8,82.66,668.19,6,0,2,6.0,4.0,Hyderabad,No
CUST103680,30.0,Male,2022-12-19,One year,Fiber optic,Electronic check,36,63.82,2282.58,2,1,2,6.0,6.0,Pune,Yes
CUST104353,20.0,Male,2021-03-14,Two year,DSL,Electronic check,58,64.53,4255.42,5,2,2,6.0,22.0,Chennai,No
CUST104190,50.0,MALE,2024-10-10,Two year,Fiber optic,Credit card,15,58.7,930.97,3,1,0,8.0,8.0,Delhi,No
CUST103300,45.0,Female,2021-12-30,One year,Fiber optic,Credit card,48,65.39,3190.42,2,2,3,6.0,7.0,Pune,No
CUST103310,32.0,Male,2025-05-12,Month-to-month,No internet,Electronic check,8,44.59,309.4,4,2,0,7.0,9.0,Chennai,No
CUST104579,47.0,Male,2024-05-14,Two year,DSL,Credit card,20,39.56,794.75,2,2,2,8.0,32.0,Bengaluru,No
CUST103125,45.0,Male,2025-09-29,Month-to-month,Fiber optic,Bank transfer,3,57.26,151.64,2,2,1,5.0,9.0,Delhi,Yes
CUST100327,37.0,Female,2021-12-26,Month-to-month,Fiber optic,Credit card,48,46.11,2190.7,2,2,1,7.0,20.0,Delhi,No
CUST101790,18.0,Female,2024-05-11,Month-to-month,Fiber optic,Credit card,20,,1719.6,6,1,2,7.0,22.0,Pune,Yes
CUST102490,48.0,Female,2023-05-31,Month-to-month,Fiber optic,Electronic check,31,66.14,1866.29,3,1,1,7.0,15.0,Chennai,No
CUST102006,37.0,Male,2021-10-12,One year,No internet,Credit card,51,30.39,1542.72,2,3,3,5.0,7.0,Delhi,No
CUST102007,25.0,Female,2025-09-15,One year,Fiber optic,Credit card,4,450.0,237.22,6,1,0,9.0,16.0,Mumbai,No
CUST101858,43.0,Female,2024-04-22,Month-to-month,Fiber optic,Electronic check,20,66.75,1468.89,5,1,0,8.0,37.0,Bengaluru,No
CUST104709,45.0,Female,2024-05-25,Month-to-month,DSL,Credit card,19,39.84,710.48,4,1,0,8.0,49.0,Mumbai,No
CUST100312,59.0,Male,2021-08-20,One year,No internet,Credit card,52,25.16,1313.11,2,1,1,7.0,19.0,Bengaluru,No
CUST100832,24.0,Male,2022-01-26,Month-to-month,DSL,Bank transfer,47,52.62,2169.66,5,3,1,6.0,13.0,Delhi,No
CUST103079,51.0,Male,2024-10-21,Two year,No internet,Bank transfer,14,73.33,966.17,6,2,1,6.0,9.0,Hyderabad,No
CUST104741,37.0,Male,2022-04-09,Month-to-month,Fiber optic,Mailed check,45,50.7,2245.37,2,5,1,6.0,21.0,Pune,No
CUST103462,22.0,Male,2022-01-08,Two year,No internet,Electronic check,48,82.8,3999.52,7,2,1,6.0,8.0,Mumbai,No
CUST101201,32.0,Female,2022-05-18,Month-to-month,DSL,Electronic check,43,25.05,1077.29,1,2,2,5.0,15.0,Pune,Yes
CUST104414,36.0,Male,2023-06-25,One year,DSL,Electronic check,30,51.98,1375.26,4,2,1,8.0,13.0,Hyderabad,No
CUST103547,51.0,Female,2021-03-01,Month-to-month,DSL,Bank transfer,58,23.76,1579.09,2,4,1,6.0,75.0,Mumbai,No
CUST104046,36.0,Male,2025-08-31,One year,DSL,Bank transfer,4,76.34,256.89,4,3,1,6.0,21.0,Pune,No
CUST102134,28.0,Male,2023-08-22,One year,DSL,Electronic check,28,65.01,1711.94,6,2,1,7.0,7.0,Delhi,Yes
CUST103451,46.0,Female,2024-10-16,Month-to-month,No internet,Electronic check,15,76.87,1068.25,7,1,2,7.0,16.0,Chennai,No
CUST102209,33.0,Male,2022-03-23,Month-to-month,DSL,Electronic check,45,49.04,2097.91,5,2,2,5.0,10.0,Mumbai,No
CUST101901,51.0,Male,2021-07-31,Month-to-month,Fiber optic,Bank transfer,53,68.88,4097.04,4,0,2,9.0,35.0,Chennai,No
CUST101481,45.0,Male,2024-10-04,Two year,DSL,Credit card,15,53.71,788.96,3,0,1,8.0,9.0,Delhi,No
CUST100777,43.0,Female,2024-11-08,One year,No internet,Credit card,14,32.23,453.71,3,1,0,7.0,7.0,Pune,No
CUST100799,38.0,Male,2025-06-20,Month-to-month,No internet,Electronic check,6,48.32,280.82,4,1,2,6.0,14.0,Hyderabad,Yes
CUST103714,29.0,Male,2024-11-25,Month-to-month,No internet,Credit card,13,62.39,901.41,5,2,2,4.0,39.0,Chennai,No
CUST103942,28.0,Female,2023-12-27,Month-to-month,Fiber optic, electronic check ,24,52.17,1160.23,3,2,2,5.0,15.0,Delhi,No
CUST100054,32.0,Male,2023-01-18,Month-to-month,Fiber optic,Electronic check,35,88.22,3515.67,5,2,0,6.0,41.0,Pune,No
CUST102972,38.0,Female,2021-05-02,Month-to-month,No internet,Credit card,56,44.61,2205.29,3,0,2,5.0,12.0,Delhi,No
CUST103335,35.0,Female,2024-10-23,One year,Fiber optic,Bank transfer,14,62.65,856.12,2,0,1,8.0,12.0,Mumbai,No
CUST101920,25.0,Male,2025-11-16,Two year,DSL,,2,63.41,122.15,3,1,1,9.0,17.0,Chennai,No
CUST103715,28.0,Female,2022-03-27,Month-to-month,DSL,Bank transfer,45,62.17,2837.89,6,2,1,9.0,12.0,Hyderabad,No
CUST104670,18.0,Male,2021-10-13,Month-to-month,DSL,Credit card,51,43.25,2117.72,4,0,0,9.0,20.0,Hyderabad,No
CUST100946,42.0,Male,2022-11-17,Month-to-month,Fiber optic,Credit card,37,63.67,2235.64,4,2,2,8.0,10.0,Bengaluru,No
CUST101701,32.0,Male,2025-05-15,Two year,DSL,Bank transfer,8,68.19,549.81,6,2,1,9.0,18.0,Hyderabad,No
CUST103293,45.0,Male,2024-09-20,Two year,Fiber optic,Electronic check,15,90.76,1400.85,7,1,1,6.0,19.0,Hyderabad,No
CUST102161,27.0,Male,2021-08-05,One year,Fiber optic,Credit card,53,54.34,2741.04,3,0,2,7.0,3.0,Mumbai,No
CUST101136,39.0,Male,2022-06-16,Month-to-month,Fiber optic,Electronic check,43,88.69,3459.19,7,1,2,8.0,23.0,Pune,No
CUST100987,42.0,Male,2023-11-18,Month-to-month,No internet,Bank transfer,25,46.96,1042.99,2,3,1,6.0,13.0,Bengaluru,No
CUST102549,44.0,Female,2024-05-08,Month-to-month,DSL,Electronic check,20,89.03,1644.25,8,1,3,8.0,12.0,Delhi,No
CUST100193,56.0,Male,2021-01-01,Month-to-month,DSL,Mailed check,60,47.62,2637.38,3,1,1,7.0,45.0,Chennai,No
CUST103057,32.0,Female,2025-02-10,One year,DSL,Credit card,11,61.97,657.73,5,3,1,5.0,19.0,Chennai,No
CUST103246,28.0,Female,2025-02-10,Month-to-month,Fiber optic,Mailed check,11,71.07,636.0,3,1,0,6.0,11.0,Chennai,No
CUST101394,18.0,Male,2021-08-05,Month-to-month,DSL,Mailed check,53,54.4,2770.91,3,0,2,7.0,16.0,Delhi,No
CUST102637,35.0,Male,2025-03-09,Month-to-month,Fiber optic,Bank transfer,10,42.55,484.03,3,5,2,3.0,30.0,Hyderabad,Yes
CUST100768,23.0,Male,2023-07-18,Two year,DSL,Bank transfer,30,67.73,2058.06,3,3,0,8.0,7.0,Mumbai,No
CUST104726,34.0,Male,2024-07-10,Month-to-month,No internet,Credit card,18,67.65,1245.79,6,1,0,7.0,16.0,Mumbai,No
CUST103090,53.0,Female,2024-12-27,Month-to-month,Fiber optic,Electronic check,12,73.89,762.38,4,3,2,8.0,11.0,Mumbai,Yes
CUST103495,37.0,Female,2021-11-06,Month-to-month,Fiber optic,Bank transfer,50,80.09,3865.35,6,0,0,7.0,12.0,Delhi,No
CUST103215,44.0,Female,2024-06-14,Month-to-month,DSL,Credit card,19,45.27,898.15,5,5,0,5.0,36.0,Mumbai,No
CUST100285,32.0,Male,2022-03-15,One year,DSL,Credit card,46,41.57,1971.38,4,1,0,9.0,26.0,Mumbai,No
CUST104963,32.0,Female,2025-07-13,Month-to-month,Fiber optic,Mailed check,6,103.91,625.9,8,0,1,7.0,13.0,Chennai,No
CUST100428,21.0,Male,2024-03-18,Month-to-month,DSL,Credit card,21,48.24,1136.16,5,4,2,5.0,22.0,Pune,No
CUST104471,29.0,Female,2025-08-17,One year,DSL,Mailed check,5,63.45,303.06,6,2,0,9.0,10.0,Mumbai,No
CUST102332,41.0,Female,2024-11-22,Month-to-month,No internet,Bank transfer,13,57.93,737.47,5,4,0,8.0,17.0,Chennai,No
CUST102717,40.0,Female,2025-03-03,Two year,DSL,Mailed check,10,48.56,487.2,2,1,0,7.0,5.0,Pune,No
CUST102079,27.0,Male,2021-12-06,Two year,Fiber optic,,49,64.31,2556.49,4,1,2,9.0,4.0,Pune,No
CUST103389,32.0,Male,2024-07-27,Month-to-month,DSL,Bank transfer,17,63.0,1016.72,5,1,1,8.0,37.0,Mumbai,Yes
CUST100722,18.0,Female,2022-12-18,Month-to-month,DSL,Bank transfer,36,61.05,2065.26,6,2,0,5.0,29.0,Delhi,No
CUST100951,43.0,Male,2022-02-15,Two year,Fiber optic,Bank transfer,47,61.64,2588.0,2,1,0,8.0,12.0,Delhi,No
CUST104406,32.0,Male,2025-03-12,Month-to-month,Fiber optic,Electronic check,10,84.43,738.27,4,1,0,7.0,11.0,Bengaluru,No
CUST104845,48.0,Male,2023-09-10,Month-to-month,DSL,Electronic check,28,47.54,1327.78,5,0,1,7.0,18.0,Mumbai,No
CUST102262,40.0,Male,2022-08-15,Month-to-month,DSL,Bank transfer,41,79.13,3371.3,8,5,3,4.0,14.0,Pune,No
CUST100989,32.0,Male,2022-11-12,Two year,DSL,Mailed check,38,31.68,1099.25,2,2,1,8.0,5.0,Pune,No
CUST103212,46.0,Female,2025-12-03,One year,DSL,Electronic check,1,71.14,74.23,8,2,2,8.0,5.0,Mumbai,No
CUST101759,39.0,Male,2024-12-16,One year,Fiber optic,Credit card,13,59.18,707.0,2,2,0,4.0,8.0,Bengaluru,No
CUST104129,26.0,Male,2022-12-04,Month-to-month,No internet,Bank transfer,37,50.22,1605.71,3,1,0,9.0,24.0,Pune,Yes
CUST100326,19.0,Male,2023-12-22,Month-to-month,DSL,Credit card,24,26.5,630.0,2,2,1,9.0,48.0,Delhi,No
CUST102608,48.0,Male,2022-10-07,One year,Fiber optic,Electronic check,39,61.05,2373.22,3,0,0,8.0,22.0,Pune,No
CUST101383,36.0,Female,2022-06-27,Month-to-month,DSL,Electronic check,42,44.16,1865.79,3,2,1,6.0,15.0,Chennai,No
CUST101724,52.0,Male,2024-07-18,Month-to-month,Fiber optic,Credit card,17,64.83,1052.16,4,2,1,6.0,16.0,Pune,No
CUST101086,21.0,Male,2023-02-05,Month-to-month,Fiber optic,Electronic check,35,89.97,3232.57,5,4,1,6.0,10.0,Hyderabad,No
CUST102523,18.0,Female,2023-04-06,Month-to-month,Fiber optic,Credit card,33,87.42,2857.33,6,3,2,2.0,11.0,Bengaluru,No
CUST100341,42.0,Male,2024-09-19,One year,Fiber optic,Credit card,15,57.91,797.23,3,2,1,7.0,39.0,Pune,Yes
CUST103701,27.0,Female,2022-02-12,Month-to-month,DSL,Credit card,47,40.25,2045.6,3,6,1,5.0,27.0,Bengaluru,No
CUST100147,36.0,Female,2021-01-01,One year,Fiber optic,Credit card,60,68.45,4255.81,3,0,1,7.0,7.0,Chennai,No
CUST100688,32.0,Female,2023-06-25,Month-to-month,Fiber optic,Credit card,30,67.96,1865.0,3,3,0,7.0,35.0,Bengaluru,Yes
CUST103432,34.0,Female,2025-05-28,One year,DSL,Electronic check,7,32.6,221.27,3,4,1,6.0,24.0,Mumbai,No
CUST100966,35.0,Male,2025-02-05,One year,Fiber optic,Credit card,11,80.78,845.14,3,1,2,6.0,13.0,Chennai,No
CUST104751,41.0,Female,2023-04-01,One year,Fiber optic,Credit card,33,57.81,1980.34,3,2,1,4.0,,Bengaluru,No
CUST102203,45.0,Female,2021-05-19,Month-to-month,Fiber optic,Mailed check,55,92.55,5543.02,4,0,1,8.0,12.0,Mumbai,No
CUST102713,24.0,Female,2025-03-23,Month-to-month,Fiber optic,Bank transfer,9,80.96,728.98,5,0,1,10.0,25.0,Pune,No
CUST103572,42.0,Male,2025-05-31,One year,Fiber optic,Electronic check,7,40.41,284.58,1,1,1,10.0,19.0,Pune,No
CUST101990,43.0,Female,2023-01-30,Month-to-month,DSL,Bank transfer,35,27.62,962.95,2,3,1,6.0,10.0,Hyderabad,No
CUST104124,47.0,Female,2021-01-12,One year,No internet,,60,58.94,3377.79,5,3,1,8.0,20.0,Bengaluru,No
CUST104766,26.0,Female,2021-08-04,One year,DSL,Credit card,53,38.73,2173.86,3,0,1,8.0,8.0,Mumbai,No
CUST103600,50.0,Male,2025-11-11,Month-to-month,Fiber optic,Electronic check,2,80.69,167.47,5,3,1,5.0,17.0,Chennai,No
CUST104590,48.0,Male,2023-09-16,One year,DSL,Credit card,28,45.58,1175.31,2,3,4,3.0,19.0,,No
CUST100106,27.0,Male,2022-03-12,One year,No internet,Mailed check,46,60.59,2837.41,6,0,1,9.0,29.0,Bengaluru,No
CUST104416,53.0,Male,2024-08-19,Month-to-month,No internet,Credit card,16,36.11,570.71,1,1,0,10.0,11.0,Bengaluru,No
CUST100385,28.0,Male,2025-12-04,One year,No internet,Bank transfer,1,39.31,36.14,3,0,2,8.0,9.0,Delhi,No
CUST104393,27.0,Male,2023-08-18,Two year,Fiber optic,Bank transfer,28,75.58,2220.0,5,0,1,7.0,10.0,Delhi,No
CUST104618,71.0,Female,2021-04-16,Month-to-month,Fiber optic,Electronic check,57,58.23,3255.79,1,2,1,6.0,42.0,Bengaluru,No
CUST100536,32.0, female ,2025-08-09,Month-to-month,DSL,Credit card,5,59.07,312.36,4,1,3,6.0,6.0,Hyderabad,No
CUST104689,31.0,MALE,2024-11-02,One year,DSL,Credit card,14,63.62,850.66,4,4,2,4.0,20.0,Pune,No
CUST103507,43.0,Male,2023-07-09,Month-to-month,Fiber optic,Electronic check,30,59.41,1861.06,3,1,0,5.0,9.0,Pune,No
CUST100201,55.0,Female,2024-07-15,Month-to-month,Fiber optic,Credit card,18,58.84,1065.31,5,1,1,7.0,10.0,Bengaluru,No
CUST101332,49.0,Male,2021-05-04,Two year,Fiber optic,Mailed check,56,64.53,3466.06,4,2,1,7.0,10.0,Mumbai,No
CUST103502,46.0,,2023-09-06,Month-to-month,Fiber optic,Credit card,28,89.38,2723.04,6,0,1,9.0,13.0,Bengaluru,No
CUST102708,42.0,Male,2022-11-17,Month-to-month,DSL,Bank transfer,37,25.09,830.52,2,4,0,5.0,41.0,Delhi,Yes
CUST104021,42.0,Male,2021-11-14,Month-to-month,DSL,Electronic check,50,54.73,2683.29,5,2,3,6.0,20.0,Pune,No
CUST101854,44.0,Male,2021-08-24,One year,No internet,Credit card,52,58.23,3023.18,5,3,1,6.0,44.0,Bengaluru,No
CUST104558,47.0,Male,2024-03-05,Month-to-month,DSL,Credit card,22,49.49,1089.6,5,2,0,8.0,5.0,Mumbai,No
CUST102872,25.0,Female,2022-06-28,Month-to-month,No internet,Electronic check,42,55.92,2457.33,5,2,2,7.0,26.0,Bengaluru,No
CUST103030,37.0,Female,2021-10-18,One year,Fiber optic,Bank transfer,50,79.36,3825.08,5,0,1,8.0,8.0,Hyderabad,No
CUST101205,30.0,Female,2021-11-02,Month-to-month,DSL,Credit card,50,44.72,2365.16,4,1,2,5.0,25.0,Hyderabad,No
CUST101645,39.0,Female,2023-03-30,Two year,No internet,Credit card,33,62.86,2161.92,6,2,2,7.0,11.0,Delhi,No
CUST103417,49.0,Male,2021-06-11,Month-to-month,Fiber optic,Electronic check,55,49.95,2526.51,2,3,3,5.0,19.0,Hyderabad,No
CUST103476,18.0,Female,2024-12-10,Month-to-month,Fiber optic,Electronic check,13,67.29,673.03,3,1,0,8.0,10.0,Hyderabad,No
CUST102861,46.0,Female,2025-03-29,One year,Fiber optic,Electronic check,9,77.71,654.96,5,0,1,7.0,14.0,Hyderabad,No
CUST101792,41.0,Female,2025-10-10,One year,DSL,Credit card,3,65.18,194.86,5,2,3,6.0,34.0,Chennai,No
CUST103797,25.0,Female,2022-01-28,Month-to-month,Fiber optic,Bank transfer,47,80.14,3913.73,4,3,0,7.0,18.0,Mumbai,No
CUST103368,42.0,Female,2022-07-26,Month-to-month,Fiber optic,Electronic check,41,88.54,4233.03,5,0,1,8.0,9.0,Mumbai,No
CUST103367,35.0,Female,2024-04-28,Month-to-month,DSL,Credit card,20,34.37,620.47,3,3,1,5.0,13.0,Mumbai,No
CUST103533,42.0,Male,2021-07-13,Month-to-month,DSL,Credit card,54,30.64,1576.8,1,2,2,6.0,12.0,Bengaluru,No
CUST103449,38.0,Female,2023-05-18,Month-to-month,No internet,Bank transfer,32,62.41,2030.6,4,0,1,8.0,32.0,Hyderabad,No
CUST100603,30.0,Female,2023-02-02,One year,Fiber optic,Electronic check,35,66.88,2046.7,2,1,1,8.0,13.0,Hyderabad,No
CUST103056,33.0,Female,2022-12-28,Month-to-month,DSL,Bank transfer,36,80.26,2723.28,7,4,2,,21.0,Bengaluru,No
CUST104383,30.0,Female,2021-12-05,Month-to-month,DSL,Electronic check,49,64.48,3247.81,4,3,1,6.0,52.0,Mumbai,No
CUST100126,56.0,Male,2022-11-06,Month-to-month,DSL,Credit card,38,41.92,1686.19,2,2,2,7.0,6.0,Chennai,No
CUST103876,25.0,Male,2023-05-26,One year,Fiber optic,Mailed check,31,55.0,1550.94,3,3,3,6.0,14.0,Chennai,No
CUST102935,18.0,Female,2021-07-22,Two year,Fiber optic,Bank transfer,53,40.59,2069.77,3,0,4,6.0,7.0,Bengaluru,No
CUST103531,36.0,Female,2025-10-26,Month-to-month,No internet,Electronic check,2,65.46,143.74,5,2,1,5.0,16.0,Delhi,Yes
CUST102730,24.0,Female,2021-05-18,One year,DSL,Electronic check,55,81.75,5349.95,8,2,1,7.0,14.0,Chennai,No
CUST100827,37.0,Male,2021-10-10,Two year,Fiber optic,Credit card,51,60.4,3138.47,3,1,0,8.0,6.0,Pune,No
CUST101639,36.0,Male,2024-04-02,Month-to-month,DSL,Bank transfer,21,43.23,912.14,3,2,2,7.0,12.0,Mumbai,No
CUST100984,42.0,Female,2021-07-25,One year,Fiber optic,Electronic check,53,50.32,2817.45,2,3,0,6.0,7.0,Bengaluru,No
CUST103281,47.0,Female,2023-05-03,Two year,Fiber optic,,32,65.93,1991.16,3,5,3,6.0,16.0,Pune,No
CUST104996,34.0,Female,2023-07-18,Month-to-month,Fiber optic,Electronic check,30,70.17,1988.24,5,0,1,7.0,15.0,Bengaluru,No
CUST102188,62.0,Male,2025-08-16,Month-to-month,Fiber optic,Electronic check,5,70.29,336.15,5,1,0,7.0,30.0,Hyderabad,No
CUST104904,63.0,Male,2021-07-12,Month-to-month,DSL,Bank transfer,54,30.1,1710.14,2,0,0,10.0,1.0,Bengaluru,No
CUST102443,47.0,Male,2022-08-11,Month-to-month,Fiber optic,Bank transfer,41,50.65,2126.96,1,2,3,8.0,5.0,Mumbai,No
CUST100362,50.0,Male,2022-12-25,One year,DSL,Credit card,36,46.55,1598.46,3,2,2,6.0,7.0,Mumbai,No
CUST102349,47.0,Male,2025-03-11,One year,No internet,Credit card,10,37.22,400.83,2,2,0,8.0,21.0,Mumbai,No
CUST100345,18.0,Female,2022-09-18,One year,No internet,Credit card,39,39.76,1602.2,3,0,1,9.0,9.0,Bengaluru,No
CUST100814,30.0,Female,2021-07-18,Month-to-month,DSL,Electronic check,53,33.84,1892.11,3,2,1,8.0,16.0,Pune,No
CUST103205,34.0,Female,2022-07-08,Month-to-month,DSL,Electronic check,42,28.81,1001.17,2,3,3,8.0,18.0,Bengaluru,Yes
CUST104182,21.0,Female,2021-04-23,One year,Fiber optic,Bank transfer,56,76.49,4557.93,4,1,1,8.0,13.0,Mumbai,No
CUST104819,21.0,Female,2021-11-21,Month-to-month,Fiber optic,Credit card,49,60.64,3276.5,4,2,0,5.0,36.0,Hyderabad,No
CUST103325,41.0,Male,2024-06-12,Month-to-month,DSL,Electronic check,19,55.42,1011.88,4,2,2,4.0,42.0,Pune,Yes
CUST104106,18.0,Female,2021-11-30,Month-to-month,No internet,Credit card,49,19.95,1193.5,1,4,1,7.0,8.0,Hyderabad,No
CUST102116,39.0,Female,2025-03-04,Month-to-month,No internet,Electronic check,10,62.82,787.51,5,3,2,4.0,28.0,Delhi,Yes
CUST101834,45.0,Male,2021-10-24,Month-to-month,No internet,Bank transfer,50,49.97,2498.06,3,0,1,8.0,7.0,Pune,No
CUST100793,43.0,Male,2024-03-22,Month-to-month,Fiber optic,Bank transfer,21,71.42,1738.97,4,2,1,6.0,9.0,Mumbai,No
CUST104971,21.0,Male,2024-02-10,Month-to-month,Fiber optic,Electronic check,23,56.4,1452.31,4,1,1,8.0,10.0,Chennai,No
CUST102674,35.0,Female,2021-04-23,Month-to-month,Fiber optic,Credit card,56,62.78,3840.09,3,1,1,7.0,15.0,Chennai,No
CUST100094,18.0,Male,2025-05-08,Month-to-month,DSL,Credit card,8,45.73,368.42,2,0,2,7.0,14.0,Hyderabad,No
CUST103756,36.0,Female,2022-11-10,Month-to-month,Fiber optic,Bank transfer,38,69.02,2938.76,2,2,1,5.0,25.0,Mumbai,No
CUST102891,43.0,Female,2023-04-01,Two year,DSL,Bank transfer,33,69.39,2286.18,5,2,1,8.0,24.0,Bengaluru,No
CUST102371,35.0,Female,2022-04-13,Month-to-month,DSL,Credit card,45,19.6,843.03,2,3,3,7.0,17.0,Bengaluru,No
CUST104767,51.0,Male,2023-11-05,One year,Fiber optic,Mailed check,26,71.44,2031.11,3,2,2,6.0,15.0,Pune,No
CUST104455,68.0,Male,2025-07-18,Month-to-month,DSL,Mailed check,5,88.73,451.95,7,2,1,8.0,20.0,Pune,No
CUST103228,45.0,Male,2025-06-05,Two year,Fiber optic,Mailed check,7,75.9,535.83,3,3,1,6.0,14.0,Chennai,No
CUST102853,41.0,Female,2022-09-17,Month-to-month,DSL,Mailed check,39,80.97,2996.07,8,3,2,6.0,31.0,Pune,Yes
CUST102912,38.0,Male,2025-06-22,Two year,Fiber optic,Bank transfer,6,53.99,311.3,3,0,1,4.0,14.0,Mumbai,No
CUST101865,40.0,Female,2023-01-24,Month-to-month,DSL,Bank transfer,35,70.89,2381.76,5,1,0,7.0,22.0,Chennai,No
CUST101857,51.0,Female,2022-04-02,Month-to-month,Fiber optic,Bank transfer,45,53.13,2400.39,2,1,1,10.0,24.0,Pune,No
CUST102645,36.0,Female,2021-04-02,Month-to-month,Fiber optic,Mailed check,57,66.51,3710.53,4,2,2,6.0,33.0,Bengaluru,No
CUST102243,49.0,Male,2023-06-20,Month-to-month,No internet,Credit card,30,20.96,520.75,1,3,3,4.0,,Mumbai,No
CUST102336,71.0,Female,2021-08-21,Month-to-month,Fiber optic,Credit card,52,67.67,3488.72,4,2,1,6.0,27.0,Chennai,No
CUST100950,18.0,Male,2025-03-19,Month-to-month,DSL,Bank transfer,9,77.95,679.67,6,1,4,7.0,8.0,Bengaluru,No
CUST103068,63.0,Female,2021-12-30,Two year,DSL,Mailed check,48,31.83,1625.35,2,2,3,8.0,42.0,Chennai,No
CUST101120,43.0,MALE,2023-04-07,One year,Fiber optic,Bank transfer,33,60.11,1860.98,3,2,1,5.0,23.0,Chennai,No
CUST102597,,Female,2025-08-23,Month-to-month,DSL,Electronic check,4,52.25,189.57,6,1,0,8.0,26.0,Delhi,No
CUST102204,51.0,Male,2024-10-15,One year,DSL,Credit card,15,59.21,980.83,4,2,2,7.0,9.0,Chennai,No
CUST100419,54.0,Female,2022-11-30,Two year,Fiber optic,Electronic check,37,72.58,2824.48,4,0,3,8.0,7.0,Delhi,No
CUST100922,39.0,Female,2023-01-03,Month-to-month,DSL,Bank transfer,36,58.49,1907.82,4,1,0,6.0,4.0,Hyderabad,No
CUST101254,29.0,Male,2024-10-30,Month-to-month,DSL,Bank transfer,14,89.72,1204.96,8,3,3,5.0,11.0,Hyderabad,Yes
CUST100477,24.0,Female,2024-06-30,One year,DSL,Credit card,18,49.77,794.31,3,1,1,6.0,8.0,Pune,Yes
CUST102035,47.0,Female,2023-05-13,Two year,DSL,Mailed check,32,47.15,1393.08,3,0,4,6.0,23.0,Mumbai,No
CUST101202,43.0,Male,2024-07-02,Two year,DSL,Electronic check,18,32.22,551.41,2,2,1,5.0,26.0,Pune,No
CUST102626,54.0,Female,2022-03-31,Month-to-month,DSL,Mailed check,45,49.51,2144.71,3,2,0,7.0,14.0,Hyderabad,No
CUST104842,20.0,Female,2021-02-19,Month-to-month,No internet,Bank transfer,58,58.47,3208.3,5,0,1,7.0,24.0,Hyderabad,No
CUST101970,35.0, female ,2021-10-16,Two year,No internet,Electronic check,51,27.85,1357.25,1,2,2,10.0,21.0,Bengaluru,No
CUST103110,41.0,Male,2022-11-16,Month-to-month,Fiber optic,Bank transfer,38,59.09,1767.53,2,2,2,6.0,27.0,Chennai,No
CUST104018,34.0,Male,2021-02-27,Month-to-month,DSL,Credit card,58,52.18,3211.08,4,1,0,9.0,22.0,Chennai,No
CUST102151,47.0,MALE,2021-01-31,Month-to-month,DSL,Electronic check,59,42.93,2376.37,3,2,2,7.0,14.0,Mumbai,No
CUST103687,,Female,2022-04-01,Two year,No internet,Credit card,45,38.21,1757.83,1,1,4,,28.0,Chennai,No
CUST101997,37.0,Male,2024-04-18,Month-to-month,Fiber optic,Electronic check,20,89.27,1660.06,7,0,0,8.0,13.0,Bengaluru,No
CUST104033,45.0,Male,2024-09-13,Month-to-month,Fiber optic,Bank transfer,16,80.99,1205.89,5,1,1,6.0,12.0,Pune,No
CUST103054,33.0,Female,2022-09-05,Month-to-month,DSL,Credit card,40,44.28,1713.35,3,3,1,6.0,23.0,Mumbai,No
CUST101248,36.0,Female,2025-11-11,Two year,Fiber optic,Credit card,2,63.09,119.5,4,1,2,7.0,16.0,Delhi,Yes
CUST102192,26.0,Female,2025-09-17,Month-to-month,Fiber optic,Electronic check,3,95.85,281.69,8,5,0,5.0,9.0,Chennai,No
CUST102712,37.0,Female,2025-10-16,One year,Fiber optic,Credit card,3,66.39,189.97,3,3,0,7.0,19.0,Mumbai,No
CUST100992,60.0,Female,2021-11-22,One year,No internet,Bank transfer,49,39.89,1686.72,2,3,0,6.0,17.0,Hyderabad,No
CUST102190,47.0,Male,2022-10-17,Month-to-month,No internet,Electronic check,39,78.06,2941.29,8,3,1,5.0,7.0,Pune,No
CUST103762,42.0,Male,2025-05-23,Month-to-month,Fiber optic,Mailed check,7,53.18,416.66,2,2,2,7.0,12.0,Bengaluru,No
CUST103597,31.0,Female,2023-03-06,One year,DSL,Mailed check,34,64.4,2182.87,5,3,2,3.0,11.0,Delhi,No
CUST101318,20.0,Female,2025-03-10,Two year,No internet,Credit card,10,34.94,334.85,2,2,1,8.0,28.0,Hyderabad,No
CUST101863,50.0,Male,2025-04-19,Month-to-month,Fiber optic,Credit card,8,71.65,551.06,5,4,0,7.0,29.0,Hyderabad,No
CUST102343,36.0,Female,2021-10-22,Month-to-month,Fiber optic,Bank transfer,50,63.15,3160.64,3,1,2,5.0,7.0,Chennai,No
CUST102449,48.0,Female,2023-07-19,Month-to-month,Fiber optic,Electronic check,29,48.64,1525.76,1,2,0,6.0,46.0,Hyderabad,No
CUST102136,41.0,Female,2023-10-20,Two year,Fiber optic,Electronic check,26,59.32,1414.01,4,1,1,9.0,32.0,Delhi,Yes
CUST101065,37.0,Female,2021-09-16,Month-to-month,Fiber optic,Mailed check,52,58.25,3054.75,1,1,1,8.0,11.0,Chennai,No
CUST104985,43.0,Male,2024-06-18,Two year,Fiber optic,Electronic check,18,78.69,1355.05,5,2,0,7.0,12.0,Bengaluru,No
CUST102621,30.0,,2021-03-05,Month-to-month,Fiber optic,Electronic check,58,68.05,4017.41,4,4,0,7.0,41.0,Bengaluru,No
CUST100077,40.0,Female,2024-09-02,One year,DSL,Electronic check,16,56.29,874.06,3,2,2,6.0,19.0,Mumbai,Yes
CUST102898,28.0,Female,2022-02-03,One year,DSL,Electronic check,47,59.18,3053.74,5,2,0,8.0,8.0,Chennai,No
CUST101314,45.0,Male,2022-12-15,Month-to-month,DSL,Credit card,37,27.76,1056.11,4,1,0,10.0,10.0,Mumbai,No
CUST104395,41.0,Female,2023-04-22,One year,Fiber optic,Mailed check,32,39.02,1273.9,2,2,1,7.0,35.0,Pune,No
CUST100872,47.0,Female,2023-09-27,Month-to-month,No internet,Mailed check,27,32.89,973.2,3,0,0,8.0,15.0,Delhi,No
CUST103850,45.0,Male,2023-02-21,One year,DSL,Mailed check,34,38.3,1372.08,2,0,2,8.0,7.0,Mumbai,No
CUST104811,33.0,Male,2024-07-08,Month-to-month,No internet,Credit card,18,64.45,1251.28,4,3,0,6.0,32.0,Hyderabad,Yes
CUST102965,19.0,Female,2025-11-24,Month-to-month,Fiber optic,Electronic check,1,73.53,73.81,4,3,1,8.0,23.0,Mumbai,No
CUST103391,18.0,Male,2024-03-04,One year,No internet,Bank transfer,22,45.42,1039.99,3,0,0,8.0,3.0,Mumbai,No
CUST102560,42.0,Female,2025-11-18,One year,DSL,Electronic check,1,53.12,47.5,5,1,1,6.0,25.0,Hyderabad,No
CUST104921,48.0,Female,2021-11-18,Month-to-month,DSL,Credit card,49,57.12,2730.2,4,0,1,7.0,34.0,Mumbai,No
CUST102635,52.0,Male,2024-09-21,One year,DSL,Electronic check,15,55.68,772.29,5,2,1,9.0,16.0,Delhi,No
CUST103530,57.0,Female,2024-09-25,Month-to-month,No internet,Electronic check,15,38.55,566.87,3,3,0,7.0,12.0,Bengaluru,No
CUST100375,66.0,Female,2024-06-19,Two year,DSL,Electronic check,18,64.06,1122.17,6,0,4,7.0,17.0,Delhi,Yes
CUST101908,32.0,Female,2023-02-04,Month-to-month,DSL,Mailed check,35,52.64,1956.82,5,4,0,8.0,22.0,Mumbai,No
CUST104355,29.0,Female,2021-12-31,Month-to-month,Fiber optic,Bank transfer,48,78.83,3522.74,6,1,0,8.0,2.0,Bengaluru,No
CUST104402,30.0,Female,2021-01-30,One year,No internet,Bank transfer,59,40.46,2136.91,4,0,1,9.0,18.0,Hyderabad,No
CUST104027,46.0,Male,2025-04-16,Two year,Fiber optic,Bank transfer,9,71.76,613.01,5,2,1,5.0,15.0,Mumbai,No
CUST101604,34.0,Male,2023-04-23,Two year,DSL,Credit card,32,56.74,1781.45,5,1,1,6.0,12.0,Mumbai,No
CUST101118,42.0,Female,2024-04-27,One year,Fiber optic,Electronic check,20,84.12,1823.26,7,3,1,7.0,15.0,Bengaluru,No
CUST103677,45.0,Male,2022-01-09,Month-to-month,DSL,Electronic check,48,59.86,2932.47,6,4,2,4.0,32.0,Hyderabad,Yes
CUST103490,23.0,Female,2025-02-05,Month-to-month,DSL,Bank transfer,11,71.27,909.61,6,2,0,7.0,23.0,Hyderabad,No
CUST104888,36.0,Male,2023-08-13,Month-to-month,DSL,Electronic check,29,57.88,1545.97,4,1,0,7.0,10.0,Pune,No
CUST102958,40.0,Female,2021-10-17,Month-to-month,Fiber optic,Mailed check,50,81.87,4227.92,6,0,0,8.0,4.0,Chennai,No
CUST101994,39.0,Female,2021-03-15,Month-to-month,Fiber optic,Credit card,58,102.35,5549.77,7,3,0,7.0,15.0,Bengaluru,Yes
CUST104980,45.0,Female,2025-07-13,Month-to-month,DSL,Bank transfer,6,47.75,304.16,4,1,1,9.0,10.0,Bengaluru,No
CUST104378,32.0,Male,2022-10-09,One year,Fiber optic,Mailed check,39,55.87,2110.93,3,2,1,6.0,14.0,Pune,No
CUST102376,44.0,Male,2021-11-26,Month-to-month,DSL,Credit card,49,43.37,2358.5,3,4,3,7.0,15.0,Pune,No
CUST101342,43.0,Male,2025-09-25,Month-to-month,Fiber optic,Bank transfer,3,73.97,194.72,5,1,1,8.0,45.0,Pune,No
CUST100320,47.0,Female,2022-02-23,Month-to-month,Fiber optic,Electronic check,46,55.42,2528.83,2,1,1,8.0,5.0,Delhi,No
CUST101619,29.0,Female,2022-04-10,Month-to-month,DSL,Bank transfer,45,63.11,2927.91,5,3,1,7.0,24.0,Bengaluru,No
CUST103713,39.0,Male,2023-04-24,One year,No internet,Bank transfer,32,68.71,2343.05,7,0,1,7.0,8.0,Delhi,No
CUST102060,21.0,Male,2022-09-11,One year,No internet,Bank transfer,40,55.21,2362.76,6,1,2,5.0,11.0,Chennai,No
CUST102219,20.0,Female,2021-04-22,Month-to-month,Fiber optic,Credit card,56,61.97,3477.45,3,1,1,8.0,12.0,Bengaluru,No
CUST101673,43.0,Female,2023-09-27,Month-to-month,Fiber optic,Credit card,27,80.87,2323.24,4,3,1,7.0,26.0,Hyderabad,Yes
CUST100260,35.0,Female,2021-07-25,One year,Fiber optic,Mailed check,53,60.65,3027.18,3,0,2,9.0,26.0,Hyderabad,No
CUST104440,42.0,Male,2025-04-01,Month-to-month,Fiber optic,Bank transfer,9,81.45,733.18,6,2,1,4.0,7.0,Chennai,Yes
CUST102039,42.0,Female,2022-08-12,One year,Fiber optic,Electronic check,41,250.0,3490.95,6,2,0,8.0,16.0,Pune,No
CUST100901,39.0,Male,2023-07-16,Month-to-month,No internet,Electronic check,30,53.45,1677.74,4,2,2,8.0,8.0,Bengaluru,No
CUST103744,72.0,Male,2024-04-17,Month-to-month,No internet,Electronic check,20,81.59,1524.82,7,0,1,8.0,6.0,Mumbai,No
CUST102026,45.0,,2022-09-26,Two year,Fiber optic,Bank transfer,39,54.82,2017.73,2,3,2,5.0,9.0,Pune,No
CUST104234,53.0,Male,2025-08-24,Month-to-month,DSL,Electronic check,4,18.0,68.02,1,2,0,6.0,39.0,Hyderabad,No
CUST101917,50.0,Female,2024-09-17,Two year,Fiber optic,Electronic check,15,90.83,1605.22,7,3,1,7.0,12.0,Pune,No
CUST101828,27.0,Female,2022-04-08,One year,No internet,Mailed check,45,31.7,1574.37,3,1,1,7.0,14.0,Hyderabad,No
CUST101573,38.0,Male,2021-02-12,Two year,No internet,Credit card,59,58.66,3438.29,4,4,1,6.0,,Bengaluru,No
CUST104417,42.0,Female,2023-10-07,Month-to-month,Fiber optic,Electronic check,27,74.96,2163.07,6,3,0,,13.0,Pune,No
CUST104208,51.0,Female,2023-06-30,One year,Fiber optic,Bank transfer,30,93.21,3033.52,5,0,2,9.0,15.0,Bengaluru,No
CUST100224,39.0,Male,2024-07-06,Month-to-month,Fiber optic,Bank transfer,18,58.56,845.48,3,1,0,9.0,6.0,Chennai,No
CUST100723,20.0,Male,2024-12-03,Month-to-month,DSL,Electronic check,13,67.23,765.28,6,2,0,6.0,13.0,Bengaluru,Yes
CUST104508,27.0,Female,2022-03-01,Month-to-month,DSL,Electronic check,46,41.85,1946.49,2,2,3,5.0,14.0,Delhi,No
CUST101141,18.0,Male,2023-07-08,Month-to-month,DSL,Credit card,30,52.67,1337.46,5,4,0,6.0,23.0,Bengaluru,No
CUST102762,32.0,Female,2025-12-01,Two year,No internet,Electronic check,1,48.8,40.73,3,2,1,5.0,15.0,Hyderabad,No
CUST100846,75.0,Male,2024-05-03,One year,Fiber optic,Mailed check,20,82.66,1797.14,4,0,1,,15.0,Pune,No
CUST102551,37.0,Female,2025-02-18,Month-to-month,DSL,Credit card,10,45.22,509.6,3,2,1,8.0,22.0,Chennai,No
CUST102928,22.0,Female,2021-10-24,One year,No internet,Credit card,50,41.67,1923.37,3,7,4,2.0,22.0,Mumbai,Yes
CUST100117,38.0,Male,2024-04-04,Month-to-month,Fiber optic,Electronic check,21,77.14,1539.38,3,0,0,8.0,8.0,Mumbai,No
CUST100645,36.0,Male,2024-01-19,One year,Fiber optic,Credit card,23,79.9,1970.23,4,1,3,7.0,24.0,Delhi,No
CUST100003,49.0,Female,2021-06-12,Two year,No internet,Electronic check,55,43.59,2540.99,3,2,1,6.0,34.0,Delhi,No
CUST104170,51.0,Female,2021-03-08,One year,DSL,Bank transfer,58,34.86,1685.27,3,0,3,8.0,6.0,Delhi,No
CUST100467,61.0,Male,2023-04-29,Two year,Fiber optic,Bank transfer,32,74.62,2467.87,5,2,3,7.0,9.0,Hyderabad,No
CUST100005,22.0,Male,2021-08-17,Month-to-month,Fiber optic,Credit card,52,84.82,4439.97,7,3,2,7.0,54.0,Chennai,Yes
CUST100919,18.0,Male,2024-10-29,Month-to-month,DSL,Mailed check,14,30.94,402.57,2,2,1,6.0,13.0,Delhi,No
CUST102595,28.0,Female,2025-01-07,Month-to-month,No internet,Credit card,12,75.34,863.18,7,3,1,7.0,24.0,Delhi,No
CUST101063,52.0,Male,2025-01-09,Month-to-month,No internet,Bank transfer,12,68.77,906.57,5,1,0,9.0,14.0,Chennai,No
CUST102590,28.0,Female,2024-02-29,Month-to-month,DSL,Mailed check,22,23.2,543.58,2,1,2,7.0,5.0,Chennai,Yes
CUST100242,18.0,Female,2022-03-22,Month-to-month,DSL,Electronic check,45,66.12,3397.8,6,4,0,5.0,13.0,Mumbai,No
CUST101160,24.0,Male,2024-11-09,Two year,No internet,Electronic check,14,69.02,872.08,4,6,0,5.0,44.0,Chennai,Yes
CUST102870,18.0,Female,2024-06-25,Month-to-month,DSL,Bank transfer,18,62.65,1354.68,4,2,1,8.0,17.0,Bengaluru,No
CUST103735,33.0,Female,2025-08-16,One year,No internet,Bank transfer,5,46.88,253.68,3,1,2,4.0,33.0,Mumbai,No
CUST102397,36.0,Male,2022-03-22,Month-to-month,DSL,Electronic check,45,56.14,2536.94,3,1,1,7.0,13.0,Mumbai,Yes
CUST103517,37.0,Female,2024-01-22,Month-to-month,Fiber optic,Credit card,23,57.64,1260.67,4,2,0,7.0,12.0,Bengaluru,No
CUST103421,37.0,Male,2022-01-14,Month-to-month,No internet,Bank transfer,48,59.13,2704.87,4,2,1,9.0,4.0,Mumbai,No
CUST102563,58.0,Male,2021-10-25,Two year,Fiber optic,Bank transfer,50,59.29,3109.17,4,1,1,5.0,53.0,Hyderabad,Yes
CUST101605,54.0,Male,2022-10-26,Month-to-month,Fiber optic,Electronic check,38,63.12,2443.21,3,5,5,5.0,49.0,Delhi,Yes
CUST104852,62.0,Male,2022-01-26,One year,Fiber optic,Electronic check,47,90.2,4065.04,8,2,1,6.0,6.0,Mumbai,No
CUST102324,18.0,Female,2024-05-05,Month-to-month,DSL,Electronic check,20,67.18,1311.5,6,2,1,7.0,43.0,Hyderabad,Yes
CUST102709,37.0,Female,2021-02-13,Two year,Fiber optic,Mailed check,59,66.75,3969.73,3,3,1,7.0,34.0,Delhi,No
CUST104421,47.0,Male,2024-02-26,Month-to-month,Fiber optic,Credit card,22,66.18,1232.7,6,3,3,5.0,25.0,Pune,Yes
CUST101312,30.0,Female,2021-07-03,Month-to-month,DSL,Bank transfer,54,46.02,2272.64,3,4,2,5.0,32.0,Delhi,Yes
CUST103448,32.0,Female,2023-07-30,Month-to-month,DSL,Bank transfer,29,48.65,1507.99,4,3,0,6.0,20.0,Pune,No
CUST103812,32.0,Female,2022-01-29,Two year,Fiber optic,Mailed check,47,88.92,4812.69,5,1,3,6.0,7.0,Chennai,No
CUST104679,25.0,Male,2024-12-25,Month-to-month,DSL,Credit card,12,33.51,431.24,3,0,1,10.0,12.0,Bengaluru,No
CUST102362,34.0,Female,2023-09-25,One year,DSL,Credit card,27,21.79,621.95,2,2,1,8.0,23.0,Delhi,No
CUST101975,47.0,Male,2023-02-11,Month-to-month,Fiber optic,Bank transfer,35,46.28,1718.94,3,1,3,10.0,4.0,Hyderabad,No
CUST103514,42.0,Male,2021-11-23,One year,DSL,Electronic check,49,53.14,2563.14,4,0,1,8.0,10.0,Bengaluru,No
CUST101761,29.0,Male,2021-03-15,One year,Fiber optic,Credit card,58,68.37,4502.28,5,0,1,7.0,3.0,Mumbai,No
CUST102739,55.0,Female,2021-07-07,Two year,Fiber optic,Bank transfer,54,39.38,2205.4,2,1,0,8.0,19.0,Pune,No
CUST104683,31.0,Male,2021-08-14,Two year,DSL,Electronic check,53,35.07,1782.2,2,2,4,8.0,29.0,Bengaluru,No
CUST102472,42.0,Female,2023-05-15,One year,Fiber optic,Electronic check,32,88.51,3069.33,6,4,0,5.0,21.0,Hyderabad,No
CUST104007,44.0,Male,2025-12-01,Month-to-month,DSL,Electronic check,1,69.42,61.7,6,1,0,8.0,19.0,Chennai,Yes
CUST101493,25.0,Female,2021-04-03,Month-to-month,Fiber optic,Electronic check,57,65.35,4138.61,3,0,0,7.0,2.0,Hyderabad,No
CUST104206,38.0,Male,2023-12-23,Month-to-month,Fiber optic,Mailed check,24,70.33,1859.09,4,6,3,4.0,17.0,Chennai,No
CUST102158,46.0,Female,2025-05-16,Month-to-month,Fiber optic,Electronic check,8,78.68,704.79,4,3,0,4.0,27.0,Hyderabad,No
CUST101169,34.0,Female,2023-10-08,Month-to-month,DSL,Bank transfer,27,45.63,1367.87,3,3,2,7.0,33.0,Pune,No
CUST104539,46.0,Male,2022-10-04,One year,Fiber optic,Electronic check,39,76.83,2990.17,4,0,1,8.0,4.0,Chennai,No
CUST100232,42.0,Female,2021-05-10,Month-to-month,Fiber optic,Electronic check,56,70.95,3527.25,5,1,2,7.0,5.0,Delhi,No
CUST100066,34.0,Female,2023-03-09,Month-to-month,Fiber optic,Mailed check,34,55.93,2021.48,1,3,1,6.0,13.0,Mumbai,No
CUST101603,21.0,Male,2024-07-14,Month-to-month,Fiber optic,Bank transfer,18,67.73,1370.13,4,1,2,6.0,10.0,Bengaluru,No
CUST103283,54.0,Female,2021-05-05,One year,Fiber optic,Credit card,56,58.31,2870.43,3,0,0,9.0,3.0,Pune,No
CUST103596,33.0,Male,2023-11-03,Month-to-month,DSL,Bank transfer,26,53.08,1298.21,3,2,1,7.0,5.0,Bengaluru,No
CUST100125,42.0,Male,2021-03-30,Two year,No internet,Credit card,57,42.17,2190.67,2,2,0,9.0,48.0,Hyderabad,No
CUST101296,19.0,Male,2021-10-07,One year,DSL,Credit card,51,66.51,3354.29,3,2,3,8.0,10.0,Delhi,No
CUST101976,18.0,Male,2021-04-22,Month-to-month,Fiber optic,Bank transfer,56,48.15,2702.58,3,2,0,7.0,14.0,Chennai,No
CUST104540,51.0,Female,2022-09-29,One year,DSL,Electronic check,39,89.74,3992.48,7,3,2,9.0,16.0,Bengaluru,No
CUST104504,30.0,Female,2023-03-13,Two year,Fiber optic,Credit card,34,65.31,2273.76,4,2,1,8.0,8.0,Bengaluru,No
CUST102075,23.0,Male,2021-11-29,Month-to-month,DSL,Mailed check,49,42.61,1667.96,2,2,2,7.0,15.0,Mumbai,No
CUST103086,24.0,Male,2021-10-31,Two year,Fiber optic,Electronic check,50,57.78,3267.55,3,3,2,5.0,,Pune,No
CUST104368,36.0,Female,2021-09-08,One year,Fiber optic,Credit card,52,50.89,2497.43,3,1,0,8.0,11.0,Mumbai,No
CUST103345,35.0,Male,2021-11-13,One year,DSL,Mailed check,50,38.46,1750.45,3,0,1,8.0,26.0,Chennai,No
CUST104487,25.0,Female,2025-11-17,Month-to-month,DSL,Bank transfer,1,54.3,49.87,4,0,0,7.0,2.0,Hyderabad,No
CUST102797,,Female,2023-10-23,Month-to-month,Fiber optic,,26,78.71,2286.71,5,6,2,4.0,34.0,Pune,No
CUST100918,54.0,Male,2022-02-08,Two year,Fiber optic,Bank transfer,47,95.71,4224.67,6,0,0,8.0,11.0,Delhi,No
CUST101646,37.0,Male,2023-02-05,Two year,Fiber optic,Credit card,35,73.37,2637.01,2,1,3,4.0,22.0,Pune,No
CUST100364,36.0, female ,2025-07-20,One year,Fiber optic,Mailed check,5,49.52,255.9,1,2,1,8.0,3.0,Delhi,No
CUST103287,51.0,Female,2025-08-11,Month-to-month,Fiber optic,Electronic check,5,63.22,309.04,3,0,1,8.0,10.0,Bengaluru,No
CUST102125,40.0,Female,2025-04-06,Month-to-month,DSL,Electronic check,9,29.53,243.46,4,2,3,6.0,15.0,Pune,No
CUST104123,42.0,Male,2025-08-02,Month-to-month,DSL,Bank transfer,5,82.67,440.19,7,0,1,6.0,13.0,Delhi,No
CUST100525,33.0,Female,2025-01-10,Two year,DSL,Credit card,12,63.55,782.23,4,0,0,9.0,21.0,Mumbai,No
CUST100055,30.0,Male,2023-01-21,Month-to-month,DSL,Credit card,35,37.1,1310.46,4,0,0,7.0,15.0,Mumbai,No
CUST100638,45.0,Male,2021-04-09,Two year,DSL,Credit card,57,60.86,3371.26,5,2,0,7.0,16.0,Hyderabad,No
CUST100302,48.0,Male,2025-02-26,Month-to-month,DSL,Credit card,10,37.74,387.38,3,3,0,5.0,36.0,Chennai,No
CUST102766,18.0,Male,2024-12-13,Month-to-month,Fiber optic,Bank transfer,13,18.0,218.3,1,1,2,5.0,22.0,Chennai,No
CUST101276,31.0,Male,2022-08-11,Month-to-month,No internet,Mailed check,41,58.75,2632.72,4,3,0,7.0,51.0,Chennai,No
CUST102055,45.0,Male,2021-07-16,One year,DSL,Electronic check,54,65.65,3853.11,5,3,2,7.0,15.0,Bengaluru,No
CUST103644,35.0,Male,2023-01-11,Month-to-month,Fiber optic,Mailed check,36,77.45,2465.04,5,4,1,7.0,28.0,Mumbai,No
CUST104143,,Male,2021-06-04,Two year,DSL,Electronic check,55,65.8,3989.73,6,1,4,7.0,30.0,Delhi,No
CUST102878,28.0,Female,2022-06-20,Month-to-month,Fiber optic,Bank transfer,42,66.66,3077.92,3,2,0,8.0,30.0,Hyderabad,No
CUST104202,44.0,Female,2021-09-19,Two year,Fiber optic,Bank transfer,51,73.35,3958.91,5,1,1,8.0,43.0,Mumbai,No
CUST102286,46.0,Female,2024-07-27,Month-to-month,Fiber optic,Credit card,17,75.89,1384.87,5,0,2,8.0,7.0,Chennai,No
CUST102261,29.0,Female,2024-11-05,Month-to-month,Fiber optic,Bank transfer,14,29.69,361.37,1,1,1,7.0,13.0,Chennai,No
CUST102296,69.0,Female,2022-12-17,Month-to-month,No internet,Electronic check,36,53.11,2102.12,5,1,3,7.0,8.0,Hyderabad,Yes
CUST101753,31.0,Male,2024-10-06,Month-to-month,Fiber optic,Bank transfer,15,42.4,580.32,3,2,1,7.0,28.0,Delhi,No
CUST101968,33.0,Male,2022-01-24,Month-to-month,Fiber optic,Electronic check,47,77.78,3586.88,5,2,2,5.0,29.0,Pune,No
CUST104374,49.0,Male,2025-08-07,Month-to-month,Fiber optic, electronic check ,5,39.53,180.85,2,1,2,6.0,3.0,Bengaluru,No
CUST103117,36.0,,2022-10-18,Month-to-month,DSL,Bank transfer,38,37.73,1478.76,2,1,1,6.0,21.0,Delhi,No
CUST102393,42.0,Female,2021-01-26,Month-to-month,Fiber optic,Electronic check,59,64.43,3501.54,4,0,1,8.0,14.0,Hyderabad,No
CUST100523,36.0,Female,2021-02-09,Month-to-month,DSL,Bank transfer,59,71.34,4666.17,5,0,1,7.0,13.0,Hyderabad,No
CUST103900,46.0,Female,2024-07-15,Month-to-month,No internet,Bank transfer,18,66.7,1306.78,3,2,1,9.0,32.0,Chennai,No
CUST103122,46.0,Male,2021-01-26,One year,Fiber optic,Credit card,59,56.58,3282.16,3,0,1,7.0,39.0,Bengaluru,No
CUST104156,42.0,Male,2024-02-15,Month-to-month,Fiber optic,Electronic check,23,59.81,1233.7,3,1,1,7.0,12.0,Bengaluru,Yes
CUST101969,48.0,Male,2021-11-07,Two year,Fiber optic,Credit card,50,94.41,4300.33,7,1,0,7.0,20.0,Hyderabad,No
CUST100671,41.0,Male,2023-08-07,One year,No internet,Bank transfer,29,38.45,1111.07,3,4,0,6.0,34.0,Mumbai,No
CUST104188,29.0,Female,2021-10-21,Month-to-month,Fiber optic,Bank transfer,50,64.66,3076.05,2,3,0,5.0,16.0,Hyderabad,No
CUST100666,19.0,Female,2021-07-11,Two year,DSL,Electronic check,54,53.7,3035.83,5,4,0,7.0,18.0,Hyderabad,Yes
CUST104361,42.0,Female,2023-03-29,Month-to-month,No internet,Electronic check,33,71.22,2137.11,5,5,0,7.0,24.0,Bengaluru,Yes
CUST101887,40.0,Male,2022-02-04,One year,Fiber optic,Bank transfer,47,50.15,2543.55,3,3,3,,15.0,Chennai,No
CUST103266,18.0,Female,2023-01-21,Month-to-month,Fiber optic,Credit card,35,95.96,2954.52,6,2,2,8.0,23.0,Hyderabad,No
CUST100280,44.0,Male,2021-07-19,One year,DSL,Electronic check,53,74.22,3964.01,7,2,0,9.0,25.0,Delhi,No
CUST101719,22.0, female ,2022-09-01,One year,DSL,,40,65.28,2896.13,5,0,1,9.0,30.0,Hyderabad,No
CUST102947,43.0,Male,2023-01-21,Month-to-month,DSL,Electronic check,35,60.62,2053.22,4,3,1,6.0,22.0,Delhi,No
CUST100899,20.0,Female,2023-10-22,One year,Fiber optic,Credit card,26,88.34,2399.63,4,0,3,7.0,17.0,Delhi,No
CUST104874,26.0,Male,2024-06-09,Month-to-month,DSL,Credit card,19,29.01,545.71,1,0,2,8.0,8.0,Bengaluru,No
CUST100760,53.0,Male,2024-06-26,Month-to-month,Fiber optic,Bank transfer,18,74.06,1107.45,6,0,1,7.0,35.0,Pune,No
CUST101906,38.0,Male,2024-01-20,Two year,DSL,Credit card,23,49.91,1211.86,2,3,1,8.0,16.0,Bengaluru,No
CUST104042,38.0,Female,2025-07-24,Month-to-month,DSL,Bank transfer,5,66.11,321.03,4,0,2,8.0,6.0,Chennai,No
CUST103823,35.0,Female,2024-10-18,Month-to-month,DSL,Credit card,14,55.74,804.29,5,1,2,6.0,16.0,Delhi,No
CUST104138,26.0,Male,2023-05-25,Two year,DSL,Electronic check,31,59.7,1846.24,5,1,2,7.0,37.0,Mumbai,Yes
CUST103818,57.0,Female,2023-12-03,Month-to-month,Fiber optic,Electronic check,25,82.2,2108.69,5,2,1,5.0,21.0,Chennai,No
CUST104300,33.0,Male,2023-06-17,One year,Fiber optic,Credit card,31,57.97,1943.93,2,3,3,7.0,19.0,Pune,No
CUST102593,47.0,Male,2023-07-06,Month-to-month,DSL,Electronic check,30,37.91,1117.83,3,3,1,9.0,43.0,Bengaluru,No
CUST104164,35.0,Male,2023-06-05,One year,DSL,Bank transfer,31,62.12,1847.88,5,3,0,8.0,15.0,Bengaluru,No
CUST103031,45.0,Female,2024-10-24,Two year,No internet,Electronic check,14,61.61,859.26,5,1,1,5.0,30.0,Hyderabad,Yes
CUST103579,22.0,Male,2025-05-28,Month-to-month,Fiber optic,Bank transfer,7,89.41,578.79,4,0,0,8.0,41.0,Hyderabad,No
CUST102832,50.0,Male,2022-10-06,Month-to-month,Fiber optic,Electronic check,39,75.78,2759.34,4,2,1,5.0,6.0,Chennai,No
CUST103472,51.0,Male,2022-12-26,Month-to-month,DSL,Electronic check,36,79.22,3022.13,8,1,1,5.0,6.0,Bengaluru,No
CUST100137,48.0,Male,2022-01-30,Month-to-month,Fiber optic,Credit card,47,58.95,2962.26,2,6,1,5.0,25.0,Delhi,No
CUST102180,63.0,Female,2025-01-17,One year,DSL,Credit card,11,83.99,887.95,6,0,0,9.0,43.0,Mumbai,No
CUST102128,43.0,Female,2022-07-31,Two year,DSL,Electronic check,41,52.91,2164.68,3,4,2,7.0,25.0,Chennai,No
CUST103177,40.0,Male,2024-03-19,Month-to-month,DSL,Electronic check,21,67.37,1453.19,4,1,1,7.0,12.0,Delhi,Yes
CUST104390,40.0,MALE,2021-10-28,Month-to-month,Fiber optic,Electronic check,50,70.46,3652.06,4,2,2,7.0,,Mumbai,No
CUST104261,51.0,,2021-08-15,One year,DSL,Bank transfer,53,90.39,4190.64,8,0,0,6.0,4.0,Pune,No
CUST104344,31.0,Male,2025-06-04,One year,Fiber optic,Credit card,7,79.44,532.28,5,4,4,4.0,19.0,Delhi,No
CUST101331,25.0,Male,2024-08-20,Two year,No internet,Credit card,16,36.84,586.47,3,3,0,8.0,8.0,Pune,No
CUST102017,30.0,Female,2024-11-23,Month-to-month,Fiber optic,Bank transfer,13,86.1,1122.34,7,2,2,6.0,21.0,Pune,Yes
CUST102482,41.0,Female,2024-01-25,Month-to-month,No internet,Electronic check,23,55.96,1255.22,5,2,2,7.0,19.0,Hyderabad,No
CUST101358,33.0,Male,2021-04-11,Two year,DSL,Bank transfer,57,41.79,2245.82,3,5,2,4.0,25.0,Hyderabad,No
CUST101329,47.0,,2025-04-14,Two year,No internet,Electronic check,9,38.18,326.02,2,0,2,6.0,42.0,Delhi,No
CUST102150,37.0,Female,2021-04-10,One year,Fiber optic,,57,89.35,4890.38,7,1,1,9.0,7.0,Hyderabad,No
CUST102122,28.0,Female,2023-05-21,Month-to-month,Fiber optic,Credit card,31,57.5,1850.13,2,0,0,6.0,16.0,Mumbai,No
CUST103981,35.0,Male,2023-02-12,Month-to-month,No internet,Mailed check,35,53.89,1842.63,4,3,1,8.0,19.0,Mumbai,No
CUST101252,28.0,Female,2022-07-28,Two year,DSL,Electronic check,41,80.19,2857.54,5,0,2,7.0,18.0,Bengaluru,No
CUST103278,29.0,Female,2024-08-04,Month-to-month,Fiber optic,Credit card,17,78.06,1429.25,3,1,1,7.0,30.0,Chennai,Yes
CUST103374,38.0,Female,2024-07-03,One year,DSL,Electronic check,18,50.03,830.37,5,2,0,,28.0,Pune,No
CUST102814,38.0,Male,2025-06-29,Month-to-month,DSL,Mailed check,6,58.0,368.53,4,0,0,9.0,8.0,Delhi,No
CUST101848,33.0,Female,2023-10-03,Two year,Fiber optic,Bank transfer,27,86.42,2011.62,5,2,2,6.0,29.0,Delhi,No
CUST103037,37.0,Male,2025-10-14,One year,Fiber optic,Electronic check,3,51.81,162.7,2,3,0,8.0,19.0,Hyderabad,No
CUST100388,41.0,Female,2021-05-24,Month-to-month,Fiber optic,Mailed check,55,51.86,2484.62,2,2,2,7.0,5.0,Delhi,No
CUST100235,30.0,Female,2022-10-10,Month-to-month,DSL,Electronic check,39,64.85,2416.19,6,1,2,8.0,7.0,Chennai,No
CUST101077,72.0,Male,2023-05-11,Month-to-month,Fiber optic,Bank transfer,32,62.28,2235.85,3,3,1,4.0,9.0,Hyderabad,No
CUST101984,29.0,Male,2024-09-12,Two year,DSL,Electronic check,16,34.34,523.53,5,1,1,7.0,10.0,Mumbai,No
CUST104363,31.0,Female,2025-05-01,One year,Fiber optic,Mailed check,8,75.79,509.06,5,3,1,6.0,20.0,Mumbai,No
CUST103962,44.0,Male,2025-05-21,One year,Fiber optic,Electronic check,7,104.64,633.32,8,1,0,7.0,11.0,Pune,No
CUST100770,59.0,Female,2022-09-16,Two year,Fiber optic,Electronic check,40,60.76,2352.77,2,3,2,,25.0,Pune,No
CUST102165,53.0,Female,2021-11-18,Two year,Fiber optic,Electronic check,49,64.62,3551.35,2,1,1,9.0,34.0,Bengaluru,No
CUST100673,22.0,Female,2021-11-11,Month-to-month,No internet,Electronic check,50,63.64,3565.48,4,1,1,8.0,4.0,Hyderabad,No
CUST100249,24.0,Male,2024-11-14,Two year,No internet,Mailed check,14,44.72,615.15,5,1,0,9.0,30.0,Pune,No
CUST101574,21.0,Male,2024-11-24,One year,Fiber optic,Bank transfer,13,41.76,629.91,1,4,0,6.0,20.0,Hyderabad,No
CUST103419,53.0,Male,2021-08-17,Two year,DSL,Electronic check,52,86.01,4890.96,8,2,1,7.0,13.0,Hyderabad,No
CUST102081,43.0,Male,2024-07-19,One year,DSL,Electronic check,17,49.15,826.82,2,2,0,6.0,16.0,Bengaluru,No
CUST101823,120.0,Male,2025-11-27,One year,Fiber optic,Bank transfer,1,76.03,66.76,5,1,2,6.0,33.0,Hyderabad,No
CUST100716,19.0,Female,2025-05-24,Two year,DSL,Electronic check,7,87.96,511.4,8,1,1,7.0,18.0,Hyderabad,No
CUST104692,41.0,Male,2022-04-24,Two year,DSL,Mailed check,44,60.55,2436.49,4,1,3,7.0,3.0,Pune,No
CUST102048,39.0,Male,2023-01-26,Month-to-month,Fiber optic,Electronic check,35,60.87,2486.12,3,2,1,6.0,9.0,Hyderabad,No
CUST104178,18.0,Male,2024-07-10,Month-to-month,Fiber optic,Mailed check,18,48.49,862.98,3,0,0,7.0,15.0,Chennai,No
CUST102724,31.0,Male,2025-08-04,Two year,No internet,Electronic check,5,30.98,127.15,3,3,0,7.0,11.0,Mumbai,No
CUST104544,45.0,Female,2021-11-30,One year,Fiber optic,Electronic check,49,89.95,3748.8,5,0,0,7.0,8.0,Bengaluru,Yes
CUST101460,50.0,Female,2022-03-12,Month-to-month,Fiber optic,Mailed check,46,65.13,2726.72,2,1,1,7.0,15.0,Delhi,No
CUST101668,41.0,Female,2025-04-16,Month-to-month,Fiber optic,Electronic check,9,59.75,419.84,3,1,2,7.0,15.0,Chennai,No
CUST102756,46.0,Female,2023-03-12,Month-to-month,DSL,Mailed check,34,43.66,1425.34,4,2,1,9.0,23.0,Mumbai,No
CUST102000,33.0,Male,2021-06-01,Month-to-month,DSL,,55,86.98,4712.9,8,1,2,6.0,14.0,Delhi,No
CUST100404,44.0,Female,2024-12-28,Month-to-month,No internet,Electronic check,12,52.57,613.0,4,0,0,9.0,17.0,Pune,Yes
CUST100384,,Male,2023-08-25,One year,DSL,Mailed check,28,52.13,1404.78,5,1,1,5.0,3.0,Bengaluru,No
CUST104515,49.0,Female,2024-11-04,One year,No internet,Electronic check,14,55.84,805.55,4,3,2,7.0,13.0,Hyderabad,No
CUST102152,28.0,Male,2022-04-03,Month-to-month,DSL,Electronic check,45,49.54,2285.01,4,1,1,8.0,17.0,Pune,No
CUST101633,38.0,Male,2024-01-17,Two year,Fiber optic,Credit card,23,55.64,1126.04,1,1,1,8.0,17.0,Bengaluru,No
CUST104609,33.0,Male,2021-02-22,Month-to-month,DSL,Electronic check,58,64.32,3693.33,5,0,1,6.0,12.0,Pune,No
CUST103925,49.0,Male,2024-05-06,Month-to-month,No internet,Electronic check,20,40.5,795.44,1,1,1,6.0,40.0,Chennai,No
CUST104158,51.0,Female,2023-10-07,Month-to-month,Fiber optic,Electronic check,27,,1370.67,2,2,3,6.0,,Delhi,No
CUST100223,25.0,Male,2022-08-26,Month-to-month,DSL,Bank transfer,40,75.34,3172.06,4,4,1,6.0,64.0,Chennai,No
CUST102193,38.0,,2022-11-10,Month-to-month,DSL,Bank transfer,38,64.49,2574.11,7,0,2,7.0,9.0,Delhi,No
CUST103136,53.0,Male,2023-01-13,Month-to-month,DSL,Mailed check,36,55.52,1741.22,3,5,2,5.0,35.0,Pune,No
CUST101824,27.0,Female,2025-03-20,Month-to-month,DSL,Credit card,9,73.41,702.01,5,1,0,5.0,10.0,Chennai,Yes
CUST104624,60.0,Female,2021-08-13,Month-to-month,Fiber optic,Bank transfer,53,81.17,3930.27,6,1,0,7.0,17.0,Mumbai,No
CUST100797,51.0,Female,2025-09-10,Month-to-month,DSL,Electronic check,4,54.16,202.19,4,3,1,6.0,29.0,Chennai,No
CUST102871,30.0,Male,2022-01-03,Two year,Fiber optic,Mailed check,48,62.28,3379.53,3,2,0,6.0,33.0,Delhi,No
CUST100009,28.0,Male,2022-06-28,Month-to-month,DSL,Credit card,42,42.32,1844.62,4,1,2,8.0,26.0,Mumbai,Yes
CUST101944,33.0,Female,2025-09-25,Month-to-month,DSL,Electronic check,3,44.43,139.12,3,4,0,6.0,14.0,Delhi,No
CUST101838,56.0,Female,2023-05-09,Month-to-month,Fiber optic,Bank transfer,32,68.66,2148.25,4,2,0,7.0,50.0,Pune,No
CUST100255,47.0,Male,2021-03-09,One year,Fiber optic,Electronic check,58,87.23,5205.76,5,1,2,9.0,36.0,Pune,No
CUST104531,,Male,2021-12-04,One year,Fiber optic,Credit card,49,41.47,1978.46,2,0,3,7.0,5.0,Pune,No
CUST101581,36.0,Female,2023-12-09,Two year,Fiber optic,Credit card,25,67.37,1774.08,3,5,1,7.0,13.0,,No
CUST102956,,Male,2024-10-12,Month-to-month,DSL,Bank transfer,15,37.29,521.81,2,1,3,7.0,9.0,Bengaluru,No
CUST100924,,Male,2024-10-18,One year,DSL,Bank transfer,14,41.77,523.62,3,1,1,7.0,15.0,Mumbai,No
CUST104632,27.0,Male,2024-11-29,Month-to-month,DSL,Mailed check,13,56.71,822.15,4,2,1,8.0,4.0,Hyderabad,Yes
CUST102508,49.0,Female,2025-01-10,Month-to-month,Fiber optic,Bank transfer,12,74.45,774.21,4,0,2,7.0,6.0,Hyderabad,No
CUST103775,27.0,Male,2024-10-06,Month-to-month,Fiber optic, electronic check ,15,58.02,880.57,4,4,2,6.0,18.0,Bengaluru,No
CUST104136,55.0,Female,2022-05-14,Month-to-month,DSL,Mailed check,44,36.13,1620.0,2,4,0,6.0,25.0,Bengaluru,No
CUST102779,26.0,Male,2022-05-04,Month-to-month,Fiber optic,Credit card,44,63.89,2764.86,4,3,1,7.0,7.0,Pune,No
CUST100539,29.0,Male,2024-05-14,Month-to-month,DSL,Electronic check,20,54.25,1142.43,4,1,0,5.0,26.0,Chennai,No
CUST102745,52.0,Male,2021-11-03,One year,Fiber optic,Mailed check,50,68.53,3101.62,5,1,2,7.0,11.0,Delhi,No
CUST104521,42.0,Female,2023-01-30,Month-to-month,No internet,Bank transfer,35,64.93,2031.68,5,0,2,5.0,34.0,Pune,No
CUST104594,47.0,Male,2025-05-12,Month-to-month,DSL,Electronic check,8,64.17,523.74,6,1,1,9.0,14.0,Pune,No
CUST101145,46.0,Male,2022-02-09,One year,Fiber optic,Credit card,47,44.6,2015.49,2,2,1,7.0,10.0,Hyderabad,No
CUST100667,44.0,Female,2022-11-01,One year,Fiber optic,Electronic check,38,48.45,2023.16,3,1,0,8.0,6.0,Delhi,No
CUST103019,18.0,Male,2024-05-05,Month-to-month,DSL,Credit card,20,57.24,1089.17,2,3,1,6.0,9.0,Mumbai,No
CUST100357,41.0,Female,2025-11-13,Month-to-month,No internet,Electronic check,2,22.16,48.55,1,3,1,5.0,29.0,Hyderabad,No
CUST102831,50.0,Female,2023-06-17,Two year,Fiber optic,Credit card,31,52.37,1627.56,2,3,2,6.0,12.0,Mumbai,No
CUST102783,51.0,Female,2023-11-18,One year,Fiber optic,Credit card,25,76.8,1919.82,6,0,1,6.0,24.0,Mumbai,No
CUST101353,42.0,Male,2022-07-06,Month-to-month,DSL,Bank transfer,42,64.96,2735.84,4,2,3,4.0,22.0,Delhi,Yes
CUST100470,42.0,Female,2024-09-23,One year,DSL,Credit card,15,44.42,691.27,4,2,1,8.0,37.0,Delhi,No
CUST102703,52.0,MALE,2021-03-11,Two year,No internet,Bank transfer,58,66.36,3685.3,6,3,2,4.0,37.0,Bengaluru,No
CUST103330,38.0,Male,2021-02-03,Month-to-month,No internet,Mailed check,59,36.83,1871.63,5,2,0,6.0,26.0,Hyderabad,No
CUST103637,54.0,Male,2024-07-25,One year,Fiber optic,Mailed check,17,52.39,837.73,2,1,3,9.0,18.0,Bengaluru,No
CUST101396,45.0,Female,2024-06-22,Month-to-month,Fiber optic,Electronic check,18,93.35,2052.53,6,3,0,8.0,15.0,Pune,No
CUST103584,42.0,Male,2021-12-26,Month-to-month,DSL,Electronic check,48,79.43,3507.93,6,2,1,6.0,14.0,Bengaluru,No
CUST104509,45.0,Female,2021-12-08,Two year,No internet,Bank transfer,49,42.88,2108.43,3,0,0,9.0,22.0,Hyderabad,No
CUST103376,46.0,Female,2024-11-18,Month-to-month,DSL,Electronic check,13,47.67,748.22,3,3,1,6.0,24.0,Delhi,No
CUST101256,47.0,Female,2022-11-30,Month-to-month,Fiber optic,Bank transfer,37,67.65,2421.36,4,1,3,6.0,16.0,Bengaluru,Yes
CUST103512,30.0,Female,2021-11-23,Month-to-month,DSL,Bank transfer,49,90.72,4432.6,8,2,0,6.0,28.0,Hyderabad,No
CUST101250,50.0,Male,2021-07-17,Month-to-month,Fiber optic,Bank transfer,54,66.41,3185.53,3,0,1,8.0,14.0,Mumbai,No
CUST104831,18.0,Female,2022-06-08,Two year,Fiber optic,Credit card,43,53.58,2264.56,5,0,2,7.0,12.0,Chennai,Yes
CUST104298,58.0,Female,2024-08-05,Month-to-month,No internet,Mailed check,17,68.55,1261.26,6,3,1,5.0,17.0,Hyderabad,No
CUST103284,29.0,Female,2025-06-15,Month-to-month,Fiber optic,Credit card,7,85.73,500.99,7,0,1,7.0,16.0,Chennai,No
CUST102933,51.0,Female,2022-01-26,One year,Fiber optic,Credit card,47,77.69,3882.97,4,1,1,9.0,34.0,Pune,No
CUST104175,32.0,Male,2022-08-21,One year,DSL,Electronic check,40,75.62,2623.38,5,1,1,7.0,29.0,Delhi,No
CUST101852,34.0,Female,2024-04-12,Month-to-month,Fiber optic,Credit card,21,91.5,2071.12,5,0,0,7.0,14.0,Chennai,No
CUST104893,28.0,Female,2022-09-26,One year,DSL,Credit card,39,54.94,1718.99,4,1,1,7.0,30.0,Delhi,No
CUST102105,32.0,Male,2025-09-18,Month-to-month,DSL,Electronic check,3,56.23,184.58,5,0,3,9.0,18.0,Delhi,No
CUST100133,35.0,Female,2022-09-19,Two year,Fiber optic,Electronic check,39,48.42,1986.03,2,2,1,8.0,25.0,Bengaluru,No
CUST100928,35.0,Male,2022-04-04,Month-to-month,DSL,Electronic check,45,47.83,2234.66,4,1,1,6.0,26.0,Hyderabad,No
CUST100823,18.0,Male,2022-09-13,Month-to-month,DSL,Electronic check,40,47.58,1776.14,4,1,3,6.0,11.0,Chennai,Yes
CUST104566,18.0,Female,2024-06-14,Two year,Fiber optic,Credit card,19,87.75,1617.23,5,2,1,8.0,16.0,Hyderabad,No
CUST101531,42.0,Female,2023-07-27,Two year,Fiber optic,Mailed check,29,41.49,1201.22,1,2,1,7.0,9.0,Pune,No
CUST101214,18.0,Male,2022-08-10,One year,DSL,Credit card,41,64.04,2057.47,6,1,1,5.0,19.0,Delhi,No
CUST100504,18.0,Female,2021-04-09,Month-to-month,DSL,Electronic check,57,35.4,1998.56,3,1,2,9.0,25.0,Chennai,No
CUST104285,58.0,Male,2021-12-30,Month-to-month,Fiber optic,Bank transfer,48,64.31,3144.99,3,2,2,6.0,32.0,Bengaluru,No
CUST101996,42.0,Female,2025-10-06,One year,Fiber optic,Credit card,3,49.04,144.74,3,2,0,8.0,4.0,Chennai,No
CUST103072,19.0,Female,2023-07-02,One year,No internet,Mailed check,30,74.6,2262.9,5,0,2,5.0,4.0,Mumbai,No
CUST101958,35.0,Female,2024-07-28,Month-to-month,Fiber optic,Bank transfer,17,87.43,1395.91,7,1,2,7.0,22.0,Bengaluru,No
CUST101384,18.0,Male,2021-03-11,Two year,DSL,Electronic check,58,35.25,2187.11,3,0,2,8.0,27.0,Bengaluru,No
CUST100894,34.0,Male,2025-08-14,Two year,DSL,Electronic check,5,44.37,210.68,1,3,1,8.0,37.0,Bengaluru,No
CUST100455,40.0,Female,2022-10-09,Month-to-month,Fiber optic,Bank transfer,39,53.41,1729.42,3,0,0,9.0,14.0,Pune,No
CUST104660,19.0,Female,2023-03-10,Two year,No internet,Bank transfer,34,,1812.25,3,1,2,4.0,16.0,Mumbai,No
CUST103709,35.0,Male,2022-03-09,Month-to-month,DSL,Mailed check,46,57.34,2538.79,6,1,2,6.0,6.0,Bengaluru,Yes
CUST104752,44.0,Male,2022-11-14,Month-to-month,Fiber optic,Bank transfer,38,62.78,2407.17,2,1,1,6.0,22.0,Bengaluru,No
CUST104268,52.0,Male,2023-01-22,One year,No internet,Bank transfer,35,58.92,1870.23,4,0,1,6.0,17.0,Mumbai,No
CUST103522,34.0,Male,2023-02-22,Two year,Fiber optic,Credit card,34,74.06,2589.43,4,1,0,8.0,19.0,Pune,No
CUST104134,25.0,Male,2021-09-11,Month-to-month,No internet,Bank transfer,52,45.74,2516.55,3,2,1,7.0,8.0,Hyderabad,No
CUST103602,21.0,Female,2025-09-15,One year,No internet,Electronic check,4,71.2,291.26,7,2,2,9.0,37.0,Chennai,No
CUST100713,38.0,Female,2023-02-20,Month-to-month,Fiber optic,Electronic check,34,70.34,2330.76,5,2,3,7.0,20.0,Pune,Yes
CUST104186,43.0,Female,2022-12-31,Month-to-month,DSL,Credit card,36,31.32,1098.61,2,2,2,6.0,16.0,Chennai,No
CUST102214,28.0,Female,2022-01-12,Month-to-month,DSL,Bank transfer,48,55.26,2551.85,5,0,1,7.0,11.0,Delhi,No
CUST102923,30.0,Female,2022-08-23,One year,Fiber optic,,40,78.47,2950.83,5,0,0,8.0,11.0,Chennai,No
CUST101810,18.0,Female,2023-07-29,One year,No internet,Electronic check,29,61.96,1831.34,5,1,1,8.0,20.0,Bengaluru,No
CUST103486,47.0,Female,2024-09-11,One year,Fiber optic,Electronic check,16,38.44,625.91,1,6,1,3.0,22.0,Hyderabad,No
CUST103141,74.0,Female,2024-09-05,Month-to-month,Fiber optic,Credit card,16,96.58,1386.11,8,2,0,6.0,17.0,Chennai,No
CUST101827,57.0,Female,2025-04-03,One year,No internet,Bank transfer,9,43.7,377.68,5,3,1,4.0,23.0,Chennai,No
CUST101155,39.0,Male,2025-05-01,Month-to-month,Fiber optic,Electronic check,8,82.52,743.51,5,3,2,5.0,26.0,Hyderabad,No
CUST101324,41.0,Male,2025-11-22,One year,DSL,Electronic check,1,82.08,80.84,6,4,0,5.0,13.0,Pune,No
CUST104312,39.0,Male,2024-05-15,Month-to-month,Fiber optic,Electronic check,20,,1172.08,3,0,1,8.0,28.0,Delhi,No
CUST100510,19.0,Male,2024-08-24,One year,Fiber optic,Bank transfer,16,41.79,613.46,1,1,1,8.0,10.0,Bengaluru,No
CUST101680,20.0,Female,2025-08-31,One year,No internet,Electronic check,4,48.69,195.42,4,2,0,7.0,12.0,Hyderabad,No
CUST100499,20.0,Male,2022-02-28,Month-to-month,DSL,Mailed check,46,75.75,3169.71,7,0,2,9.0,6.0,Delhi,No
CUST104559,23.0,Female,2024-04-24,One year,No internet,Electronic check,20,64.81,1541.79,6,3,0,9.0,11.0,Hyderabad,No
CUST101856,36.0,Male,2024-06-23,Two year,DSL,Bank transfer,18,48.39,788.31,3,1,3,6.0,39.0,Delhi,No
CUST101388,42.0,Female,2024-02-02,One year,DSL,Bank transfer,23,48.65,1028.94,4,4,2,6.0,33.0,Pune,Yes
CUST103719,41.0,Male,2023-07-20,Month-to-month,DSL,Bank transfer,29,35.64,947.6,2,1,1,7.0,9.0,Mumbai,No
CUST102386,19.0,Female,2025-05-01,Two year,DSL,Bank transfer,8,44.98,380.2,4,1,1,7.0,2.0,Chennai,No
CUST103236,,Male,2021-12-15,Month-to-month,Fiber optic,Electronic check,49,112.13,5161.9,8,1,0,8.0,4.0,Delhi,No
CUST101540,35.0,Female,2021-02-10,One year,DSL,Electronic check,59,27.53,1782.01,2,4,3,6.0,30.0,Delhi,No
CUST101217,18.0,Male,2025-06-02,Month-to-month,Fiber optic,,7,99.21,698.75,6,2,3,7.0,14.0,Chennai,No
CUST102681,35.0,Male,2023-02-03,One year,DSL,Bank transfer,35,62.7,2307.33,6,2,2,8.0,14.0,Hyderabad,No
CUST102993,67.0,Male,2021-09-21,One year,Fiber optic,Mailed check,51,56.29,2466.99,5,2,2,5.0,19.0,Pune,No
CUST101191,50.0,Female,2023-07-03,One year,No internet,Electronic check,30,60.62,1780.45,3,0,1,6.0,28.0,Chennai,No
CUST101542,41.0,Female,2024-08-28,One year,Fiber optic,Electronic check,16,64.1,1058.5,4,1,0,8.0,16.0,Hyderabad,No
CUST103301,63.0,Female,2023-07-02,Month-to-month,DSL,Bank transfer,30,93.07,3088.21,7,0,2,4.0,4.0,Chennai,No
CUST103324,49.0,Male,2021-01-20,Month-to-month,DSL,Electronic check,59,24.44,1518.15,1,1,1,6.0,12.0,Delhi,No
CUST102539,46.0,Male,2022-08-30,Month-to-month,Fiber optic,Mailed check,40,68.19,3075.67,3,3,2,5.0,25.0,Pune,Yes
CUST100953,24.0,Female,2023-05-01,Month-to-month,DSL,Electronic check,32,63.23,1961.66,7,0,2,7.0,12.0,Bengaluru,No
CUST104330,60.0,Male,2022-06-09,One year,Fiber optic,Electronic check,43,69.82,3356.09,5,3,2,6.0,6.0,Delhi,No
CUST100732,45.0,Male,2022-04-27,One year,Fiber optic,Electronic check,44,58.98,2482.41,2,3,1,7.0,21.0,Pune,No
CUST101156,38.0,Female,2021-07-28,Two year,Fiber optic,Credit card,53,51.37,2575.56,2,2,0,6.0,8.0,Bengaluru,No
CUST103294,31.0,Female,2024-04-18,Month-to-month,Fiber optic,Electronic check,20,65.38,1361.57,4,1,1,7.0,3.0,Hyderabad,No
CUST102982,36.0, female ,2022-01-22,Month-to-month,No internet,Bank transfer,47,43.18,1773.56,4,0,4,6.0,28.0,Chennai,No
CUST102156,42.0,Female,2022-03-17,Month-to-month,Fiber optic,Mailed check,46,64.92,2656.08,5,2,1,4.0,20.0,Pune,Yes
CUST101062,33.0,Female,2022-02-03,One year,DSL,Credit card,47,18.0,842.76,1,1,1,6.0,7.0,Chennai,No
CUST102616,38.0,Male,2024-07-02,One year,No internet,Electronic check,18,42.66,826.84,3,1,1,6.0,21.0,Hyderabad,No
CUST101167,60.0,Male,2021-11-23,Month-to-month,No internet,Electronic check,49,18.0,849.5,1,2,1,7.0,32.0,Hyderabad,No
CUST103222,18.0,Male,2022-05-26,Month-to-month,DSL,Electronic check,43,23.68,1073.01,3,3,2,8.0,,Chennai,No
CUST103636,35.0,Male,2024-09-26,Month-to-month,No internet,Electronic check,15,52.43,841.47,4,1,1,7.0,4.0,Mumbai,Yes
CUST102938,33.0,Female,2024-11-15,Two year,Fiber optic,Electronic check,14,83.54,1216.08,6,3,0,5.0,15.0,Chennai,No
CUST104491,27.0,Female,2025-07-23,Month-to-month,Fiber optic,Electronic check,5,59.85,327.89,2,2,1,6.0,10.0,Chennai,No
CUST103140,36.0,Male,2021-03-21,Two year,No internet,Electronic check,57,49.26,2828.98,5,3,1,6.0,27.0,Bengaluru,No
CUST100143,41.0,Male,2022-07-03,Month-to-month,Fiber optic,Credit card,42,89.51,3878.8,7,0,0,8.0,3.0,Hyderabad,No
CUST103577,40.0,Male,2023-12-29,Month-to-month,DSL,Bank transfer,24,82.09,2032.97,8,1,1,6.0,19.0,Delhi,No
CUST102782,44.0,Female,2025-07-22,One year,Fiber optic,Bank transfer,5,77.22,445.74,4,1,0,8.0,44.0,Chennai,No
CUST100717,46.0,Male,2025-06-02,One year,DSL,Bank transfer,7,58.41,433.04,5,3,1,8.0,27.0,Bengaluru,No
CUST101819,35.0,Female,2022-11-11,Month-to-month,Fiber optic,Credit card,38,84.02,3133.02,5,2,0,6.0,42.0,Mumbai,No
CUST102502,50.0,Male,2025-01-08,One year,DSL,Mailed check,12,60.18,666.6,6,2,0,8.0,9.0,Chennai,No
CUST104360,42.0,Male,2024-01-27,Month-to-month,Fiber optic,Electronic check,23,65.75,1626.49,4,0,0,7.0,9.0,Hyderabad,No
CUST104171,45.0,Female,2023-01-11,Month-to-month,DSL,Credit card,36,41.19,1464.37,3,2,1,10.0,24.0,Mumbai,No
CUST100395,40.0,Male,2025-10-20,One year,No internet,Electronic check,2,66.79,123.65,4,0,1,9.0,25.0,Hyderabad,No
CUST104860,19.0,Male,2021-05-28,Month-to-month,Fiber optic,Bank transfer,55,71.66,3506.95,6,1,1,7.0,12.0,Chennai,No
CUST104492,29.0,Male,2024-11-10,One year,Fiber optic,Bank transfer,14,58.92,829.69,4,4,1,5.0,,Pune,No
CUST101365,43.0,Male,2021-04-21,Month-to-month,Fiber optic,Bank transfer,56,61.42,3440.94,3,0,2,7.0,14.0,Chennai,No
CUST104581,48.0,Female,2024-11-07,One year,Fiber optic,Electronic check,14,99.6,1539.4,6,2,1,6.0,21.0,Chennai,No
CUST100595,33.0,Female,2021-02-02,Two year,DSL,Electronic check,59,66.78,4438.58,3,0,1,8.0,49.0,Pune,No
CUST103952,37.0,Female,2024-03-27,Month-to-month,Fiber optic,Electronic check,21,73.99,1148.47,5,3,1,6.0,23.0,Delhi,No
CUST102914,42.0,Female,2021-03-02,Month-to-month,Fiber optic,Credit card,58,60.86,3483.9,3,4,2,6.0,22.0,Chennai,No
CUST102326,18.0,Male,2024-06-05,Month-to-month,Fiber optic,Credit card,19,60.1,1063.4,3,2,3,6.0,24.0,Chennai,Yes
CUST103766,49.0,Female,2023-05-22,Month-to-month,DSL,Mailed check,31,54.04,1642.46,4,1,0,9.0,15.0,Delhi,No
CUST103440,62.0,Male,2022-04-28,Month-to-month,Fiber optic,Credit card,44,98.79,4172.5,8,5,0,6.0,22.0,Chennai,No
CUST103851,29.0,Female,2023-12-25,Month-to-month,No internet,Electronic check,24,50.37,1101.26,4,1,1,8.0,33.0,Pune,No
CUST104132,42.0,Female,2023-06-05,One year,Fiber optic,Credit card,31,107.72,3525.54,8,0,0,6.0,6.0,Mumbai,No
CUST104614,31.0,Female,2022-06-21,Month-to-month,Fiber optic,Bank transfer,42,66.21,3082.8,6,0,3,4.0,15.0,Delhi,No
CUST102143,43.0,Female,2024-04-04,Month-to-month,Fiber optic,Credit card,21,86.15,1806.41,8,0,0,10.0,17.0,Pune,No
CUST101571,35.0,Female,2024-05-04,One year,Fiber optic,Electronic check,20,49.94,908.57,1,1,0,8.0,22.0,Bengaluru,No
CUST104079,32.0,Male,2021-02-10,Month-to-month,Fiber optic,Electronic check,59,67.95,3702.11,4,4,3,8.0,34.0,Hyderabad,No
CUST101122,29.0,Female,2023-07-24,One year,No internet,Electronic check,29,70.56,1858.01,6,0,0,7.0,12.0,Chennai,No
CUST102786,38.0,Female,2025-10-02,Month-to-month,DSL,Mailed check,3,41.13,141.74,2,1,1,7.0,8.0,Chennai,No
CUST102967,30.0,Male,2021-12-09,Month-to-month,Fiber optic,Credit card,49,62.98,3339.15,4,2,3,6.0,50.0,Hyderabad,No
CUST102504,53.0,Male,2022-05-05,One year,No internet,Electronic check,44,64.29,3124.63,5,2,3,6.0,13.0,Pune,No
CUST103465,63.0,Male,2025-05-26,Month-to-month,DSL,Electronic check,7,41.63,301.87,3,2,1,6.0,12.0,Bengaluru,No
CUST100675,42.0,Female,2022-12-14,Month-to-month,Fiber optic,Credit card,37,89.45,-500.0,4,3,1,6.0,23.0,Pune,No
CUST102808,41.0,Female,2021-02-10,One year,Fiber optic,Electronic check,59,68.6,4527.0,4,1,1,8.0,10.0,Hyderabad,No
CUST103348,44.0,Male,2025-10-22,One year,Fiber optic,Mailed check,2,79.01,153.98,5,1,1,8.0,9.0,Bengaluru,No
CUST100728,24.0,Female,2025-05-02,One year,Fiber optic,Electronic check,8,72.01,557.1,3,0,0,8.0,6.0,Delhi,No
CUST100412,,Male,2022-12-02,Month-to-month,No internet,Electronic check,37,43.75,1407.71,5,2,2,,24.0,Hyderabad,No
CUST103146,48.0,Male,2021-12-08,Two year,Fiber optic,Electronic check,49,85.86,4561.59,7,2,1,7.0,12.0,Chennai,No
CUST101516,29.0,Female,2021-08-06,Two year,DSL,Bank transfer,53,47.7,2467.48,3,2,1,9.0,31.0,Chennai,No
CUST100825,38.0,Male,2024-07-14,Two year,DSL,Electronic check,18,41.42,795.4,2,2,1,,5.0,Delhi,No
CUST103267,38.0,Male,2024-04-18,Two year,Fiber optic,Electronic check,20,85.32,1779.16,7,3,0,6.0,28.0,Hyderabad,No
CUST103974,30.0,Female,2022-05-28,Month-to-month,Fiber optic,Credit card,43,65.75,2764.53,3,1,1,8.0,13.0,,No
CUST100616,47.0,Female,2025-06-27,One year,DSL,Bank transfer,6,41.54,272.88,2,0,0,8.0,28.0,Mumbai,No
CUST100114,39.0,Female,2023-05-04,Two year,No internet,Credit card,32,33.89,1115.01,2,4,0,9.0,52.0,Bengaluru,No
CUST100417,54.0,Male,2025-05-19,Month-to-month,No internet,Electronic check,7,36.21,215.15,3,4,0,6.0,17.0,Chennai,No
CUST103069,28.0,Female,2023-12-16,Month-to-month,No internet,Credit card,25,54.36,1506.91,5,3,1,6.0,46.0,Pune,No
CUST101625,52.0,Female,2023-06-29,One year,Fiber optic,Credit card,30,63.77,1981.85,3,4,0,5.0,32.0,Hyderabad,No
CUST104975,31.0,Male,2022-07-19,Month-to-month,Fiber optic,Credit card,41,47.15,1867.75,3,0,3,6.0,7.0,Delhi,No
CUST104185,43.0,MALE,2025-04-06,One year,Fiber optic,Credit card,9,74.5,603.98,4,2,3,6.0,43.0,Bengaluru,No
CUST102896,50.0,Female,2024-09-11,One year,No internet,Mailed check,16,49.31,708.64,3,6,4,5.0,22.0,Pune,No
CUST104695,42.0,Male,2022-03-22,One year,DSL,Credit card,45,44.97,2092.45,4,0,1,10.0,13.0,,No
CUST102082,24.0,Female,2022-06-28,Month-to-month,Fiber optic,Bank transfer,42,69.71,2850.53,3,1,4,6.0,12.0,Delhi,No
CUST100753,63.0,Male,2024-06-06,Two year,Fiber optic,Credit card,19,86.14,1482.25,5,2,0,6.0,25.0,Chennai,No
CUST102546,34.0,Male,2025-01-15,One year,Fiber optic,Credit card,12,46.54,516.23,3,0,1,8.0,14.0,Mumbai,No
CUST103969,26.0,Female,2024-03-07,Two year,Fiber optic,Credit card,22,78.58,1718.0,6,2,1,8.0,13.0,Pune,No
CUST103373,31.0,Female,2023-07-23,Month-to-month,Fiber optic,Credit card,29,46.46,1126.22,1,2,2,6.0,16.0,Delhi,No
CUST104107,53.0,Female,2025-09-08,Two year,DSL,Mailed check,4,38.48,156.88,5,0,2,8.0,27.0,Delhi,No
CUST102444,48.0,Female,2022-04-03,One year,DSL,Credit card,45,47.44,2268.86,4,0,1,8.0,7.0,Mumbai,No
CUST104380,61.0,Female,2025-03-25,Month-to-month,Fiber optic,Credit card,9,33.85,289.24,1,3,0,6.0,13.0,Pune,No
CUST101066,25.0,Male,2024-01-03,Month-to-month,DSL,Electronic check,24,51.85,1255.39,4,0,1,6.0,38.0,Mumbai,No
CUST103913,22.0,Male,2025-11-18,Month-to-month,Fiber optic,Bank transfer,1,88.72,100.4,5,2,1,5.0,21.0,Bengaluru,Yes
CUST103498,35.0,Female,2025-08-14,One year,DSL,Credit card,5,36.55,170.57,2,2,2,7.0,29.0,Hyderabad,No
CUST102738,67.0,Female,2025-05-23,Month-to-month,DSL,Electronic check,7,34.93,228.31,3,3,0,5.0,13.0,Mumbai,No
CUST104000,41.0,Female,2023-08-26,Month-to-month,Fiber optic,Mailed check,28,57.41,1745.86,1,3,0,7.0,24.0,Hyderabad,No
CUST101568,47.0,Male,2022-01-31,Two year,DSL,Electronic check,47,21.17,977.39,3,3,1,6.0,7.0,Bengaluru,No
CUST102427,31.0,Male,2021-07-11,One year,Fiber optic,Mailed check,54,48.45,2442.28,2,1,1,8.0,,Chennai,No
CUST103746,,Male,2021-10-31,Month-to-month,Fiber optic,Credit card,50,85.2,4773.04,7,2,0,6.0,51.0,Chennai,Yes
CUST104663,30.0,Female,2024-05-28,Two year,Fiber optic,Electronic check,19,81.73,1674.5,6,1,0,6.0,5.0,Bengaluru,No
CUST101687,41.0,Male,2023-08-24,Month-to-month,DSL,Mailed check,28,50.3,1238.7,3,3,1,8.0,14.0,Chennai,No
CUST100851,32.0,Female,2023-11-23,Month-to-month,DSL,Mailed check,25,67.58,1715.8,5,1,0,10.0,16.0,Delhi,Yes
CUST103546,57.0,Female,2025-11-01,One year,DSL,Credit card,2,59.56,111.72,8,2,1,6.0,9.0,Delhi,Yes
CUST100895,51.0,Male,2022-08-08,Month-to-month,DSL,Credit card,41,70.09,2636.75,5,1,0,8.0,14.0,Delhi,No
CUST104592,41.0,Female,2025-05-04,Two year,DSL,Bank transfer,8,32.1,225.13,4,1,1,5.0,43.0,Delhi,No
CUST100335,23.0,Male,2023-06-18,Month-to-month,DSL,Bank transfer,30,43.15,1454.14,1,2,2,6.0,6.0,Chennai,No
CUST102839,39.0,Male,2025-02-24,One year,DSL,Electronic check,10,50.72,557.83,5,2,0,8.0,39.0,Hyderabad,Yes
CUST103087,27.0,Female,2024-07-22,Month-to-month,No internet,Electronic check,17,39.1,687.96,3,3,2,7.0,17.0,Hyderabad,No
CUST104611,62.0,Female,2024-03-17,Two year,No internet,Mailed check,22,41.38,945.05,3,2,1,7.0,39.0,Mumbai,No
CUST101348,49.0,Female,2022-10-28,One year,Fiber optic,Electronic check,38,64.79,2439.81,3,1,1,10.0,62.0,Pune,No
CUST101015,26.0,Female,2025-03-20,Month-to-month,DSL,Electronic check,9,42.81,399.42,2,5,3,5.0,25.0,Mumbai,No
CUST102816,20.0,Male,2023-08-05,Month-to-month,DSL,Electronic check,29,83.26,2487.68,7,2,1,8.0,23.0,Bengaluru,Yes
CUST101631,28.0,Female,2024-11-14,One year,DSL,,14,51.31,740.58,5,0,2,8.0,33.0,Chennai,No
CUST102489,38.0,MALE,2025-07-20,Month-to-month,No internet,Bank transfer,5,21.16,91.4,2,3,0,4.0,26.0,Chennai,No
CUST103730,29.0,Male,2022-06-09,Month-to-month,DSL,Electronic check,43,55.25,2322.01,4,3,1,8.0,22.0,Mumbai,Yes
CUST103251,37.0,Male,2022-06-05,Month-to-month,DSL,Electronic check,43,47.87,1978.0,2,3,1,8.0,24.0,Delhi,No
CUST104995,51.0,Female,2022-05-11,Two year,Fiber optic,Bank transfer,44,47.23,1993.09,2,1,0,6.0,19.0,,No
CUST102070,34.0,Male,2025-02-27,Month-to-month,No internet,Electronic check,10,53.48,497.92,5,1,2,7.0,19.0,Delhi,No
CUST104452,22.0,Female,2023-03-17,Month-to-month,DSL,Bank transfer,34,56.5,1672.04,6,4,0,5.0,43.0,Hyderabad,No
CUST104907,26.0,Female,2023-12-30,Month-to-month,Fiber optic,Electronic check,24,71.0,1560.97,4,1,0,5.0,13.0,Hyderabad,No
CUST101635,51.0,Female,2022-11-10,Month-to-month,Fiber optic,Electronic check,38,58.66,2415.57,2,1,1,8.0,6.0,Bengaluru,No
CUST102479,35.0,Female,2025-01-25,One year,Fiber optic,Credit card,11,77.89,759.35,4,0,2,7.0,25.0,,No
CUST102265,47.0,Female,2021-12-26,One year,Fiber optic,Bank transfer,48,68.61,3807.6,4,2,0,7.0,7.0,Delhi,No
CUST102959,61.0,Male,2025-03-08,Month-to-month,Fiber optic, electronic check ,10,103.51,1014.18,7,1,0,8.0,21.0,Mumbai,No
CUST104755,31.0,Female,2022-02-21,Two year,Fiber optic,Credit card,46,33.56,1443.65,3,1,1,8.0,14.0,Chennai,No
CUST103059,34.0,Male,2023-01-30,One year,DSL,Electronic check,35,51.02,1851.17,3,2,0,7.0,15.0,Bengaluru,No
CUST102141,34.0,Female,2021-07-31,One year,DSL,Electronic check,53,52.56,2727.15,4,0,2,6.0,1.0,Chennai,No
CUST103118,28.0,Male,2025-08-15,Month-to-month,Fiber optic,Electronic check,5,66.25,342.84,6,1,0,7.0,13.0,Mumbai,Yes
CUST104749,18.0,Male,2025-07-13,Month-to-month,Fiber optic,Credit card,6,71.01,464.95,6,1,1,8.0,7.0,Bengaluru,No
CUST104045,36.0,Female,2021-10-01,One year,DSL,Electronic check,51,41.94,2227.43,2,2,0,8.0,19.0,Mumbai,No
CUST103356,31.0,Male,2023-05-17,Two year,DSL,Credit card,32,50.93,1496.64,3,2,1,,28.0,Bengaluru,No
CUST102744,50.0,Male,2025-10-22,Two year,DSL,Credit card,2,42.21,78.52,2,4,2,5.0,19.0,Hyderabad,No
CUST103506,36.0,Female,2024-01-17,Month-to-month,DSL,Electronic check,23,55.27,1249.55,5,4,1,5.0,58.0,Bengaluru,No
CUST101679,35.0,Male,2022-01-28,Two year,DSL,Bank transfer,47,34.47,1824.2,4,1,1,8.0,5.0,Mumbai,No
CUST104249,56.0,Female,2023-10-08,Two year,DSL,Electronic check,27,63.95,1557.44,5,2,0,6.0,11.0,Pune,No
CUST103147,37.0,Female,2022-07-07,Month-to-month,Fiber optic,Mailed check,42,104.73,4458.97,8,0,4,6.0,2.0,Mumbai,No
CUST102294,52.0,Female,2022-02-08,Month-to-month,DSL,Credit card,47,68.63,3114.81,5,1,0,9.0,27.0,Delhi,No
CUST100580,18.0,Male,2024-09-24,Month-to-month,Fiber optic,Bank transfer,15,58.12,854.22,3,3,1,5.0,26.0,Bengaluru,No
CUST101470,39.0,Female,2022-03-14,One year,DSL,Mailed check,46,54.11,2683.45,4,0,1,9.0,9.0,Bengaluru,No
CUST104070,35.0,Male,2022-06-16,One year,DSL,Electronic check,43,44.99,1820.56,4,3,2,5.0,25.0,Mumbai,No
CUST103343,47.0,Female,2024-03-20,Month-to-month,DSL, electronic check ,21,64.01,1369.15,5,1,0,5.0,7.0,Mumbai,Yes
CUST104583,53.0,Male,2025-07-06,Month-to-month,Fiber optic,Mailed check,6,58.78,313.62,4,2,0,7.0,8.0,Delhi,No
CUST103672,45.0,Female,2021-06-27,One year,Fiber optic,Electronic check,54,65.77,4022.48,4,0,0,7.0,18.0,Mumbai,No
CUST100559,27.0,Female,2025-07-28,Month-to-month,Fiber optic,Credit card,5,63.02,311.51,3,2,1,7.0,11.0,Pune,No
CUST102849,50.0,Female,2024-06-06,Month-to-month,DSL,Mailed check,19,68.46,1283.93,5,2,0,8.0,8.0,Mumbai,No
CUST100512,39.0,Male,2022-10-31,Month-to-month,Fiber optic,Bank transfer,38,78.19,2518.82,5,0,2,6.0,16.0,Chennai,No
CUST101081,36.0,Female,2024-06-17,Month-to-month,No internet,Credit card,18,50.8,859.28,5,1,1,7.0,53.0,Pune,No
CUST101664,52.0,Male,2023-07-26,Month-to-month,No internet,Credit card,29,57.09,1538.39,4,1,0,7.0,8.0,Mumbai,No
CUST101012,32.0,Male,2024-08-04,Month-to-month,Fiber optic,Electronic check,17,67.81,1061.41,3,3,2,5.0,7.0,Delhi,No
CUST101931,33.0,Male,2024-08-10,Month-to-month,DSL,Mailed check,17,31.89,512.35,2,2,1,7.0,27.0,Bengaluru,No
CUST101150,40.0,Male,2023-06-19,Month-to-month,Fiber optic,Electronic check,30,59.19,2076.29,2,2,1,5.0,13.0,Bengaluru,No
CUST102838,52.0,Female,2025-07-04,Month-to-month,No internet,Mailed check,6,56.06,345.04,5,2,0,7.0,26.0,Delhi,No
CUST100116,41.0,Male,2023-12-02,Two year,DSL,Electronic check,25,41.04,885.39,3,2,1,7.0,39.0,Mumbai,No
CUST100740,50.0,Male,2024-06-07,Month-to-month,DSL,Mailed check,19,43.05,758.69,4,1,1,8.0,32.0,Delhi,No
CUST104830,22.0,Female,2022-02-27,Month-to-month,Fiber optic,Bank transfer,46,97.46,4539.62,5,4,2,4.0,12.0,Hyderabad,No
CUST103675,62.0,Male,2024-10-10,Month-to-month,Fiber optic,Mailed check,15,91.86,1266.27,6,1,3,9.0,13.0,Mumbai,No
CUST100830,43.0,Male,2021-11-02,One year,No internet,Electronic check,50,37.07,1825.02,3,0,0,8.0,13.0,Bengaluru,No
CUST100119,35.0,Male,2025-04-21,Two year,Fiber optic,Credit card,8,85.26,653.79,5,3,1,7.0,35.0,Hyderabad,Yes
CUST104803,50.0,Male,2025-08-17,Two year,DSL,Electronic check,5,45.01,262.09,2,2,0,8.0,19.0,Mumbai,No
CUST104762,42.0,Male,2021-10-02,One year,DSL,Mailed check,51,73.16,3239.96,6,2,1,7.0,24.0,Mumbai,No
CUST100635,35.0,Male,2025-07-11,Month-to-month,DSL,Credit card,6,53.51,349.84,5,5,1,3.0,35.0,Mumbai,Yes
CUST104465,,Male,2024-01-21,Month-to-month,Fiber optic,Mailed check,23,59.39,1380.97,3,3,1,7.0,29.0,Delhi,No
CUST104364,18.0,Male,2023-12-17,Month-to-month,Fiber optic,Electronic check,25,63.37,1651.12,4,1,2,7.0,11.0,Hyderabad,No
CUST104142,41.0,Female,2023-10-28,Month-to-month,Fiber optic,Credit card,26,52.93,1779.94,2,0,2,8.0,36.0,Bengaluru,No
CUST100991,56.0,Male,2022-06-28,One year,Fiber optic,Mailed check,42,77.81,3492.35,3,0,1,8.0,26.0,Pune,No
CUST100876,38.0,Female,2021-09-16,Month-to-month,DSL,Electronic check,52,36.54,1940.69,2,0,1,7.0,15.0,Chennai,No
CUST100004,18.0,Male,2021-03-31,One year,DSL,Electronic check,57,82.74,4617.35,8,4,2,4.0,18.0,Mumbai,No
CUST103051,27.0,Female,2023-11-16,One year,No internet,Electronic check,26,34.64,941.32,3,0,2,5.0,20.0,Hyderabad,Yes
CUST103124,41.0,Male,2025-04-05,Month-to-month,No internet,Bank transfer,9,65.19,625.27,4,1,2,6.0,8.0,Delhi,Yes
CUST102660,26.0,Male,2024-02-11,Month-to-month,DSL,Mailed check,23,48.86,1204.08,3,1,5,7.0,5.0,Bengaluru,Yes
CUST102491,30.0,Female,2021-11-06,Two year,Fiber optic,Credit card,50,76.14,3769.23,5,6,1,4.0,44.0,Mumbai,No
CUST103854,39.0,Male,2024-01-05,One year,Fiber optic,Credit card,24,59.52,1449.57,2,2,2,8.0,15.0,Pune,No
CUST101715,40.0,Male,2023-08-15,Month-to-month,DSL,Electronic check,29,31.41,925.54,2,6,1,4.0,26.0,Chennai,No
CUST101148,50.0,Male,2024-01-22,Month-to-month,No internet,Mailed check,23,38.68,869.19,1,1,1,8.0,16.0,Delhi,No
CUST103261,25.0,Male,2021-07-26,Month-to-month,DSL,Electronic check,53,31.25,1526.2,4,0,1,7.0,0.0,Mumbai,No
CUST100574,40.0,Male,2025-12-05,Month-to-month,Fiber optic,Electronic check,1,58.81,58.6,1,3,1,7.0,15.0,Pune,No
CUST103769,47.0,Female,2022-04-05,Two year,Fiber optic,Mailed check,45,60.1,2546.93,2,1,2,6.0,7.0,Mumbai,No
CUST103736,32.0,Female,2025-07-01,Month-to-month,DSL,Electronic check,6,62.15,346.41,5,4,3,5.0,31.0,Bengaluru,Yes
CUST104146,39.0,Female,2023-01-08,One year,Fiber optic,Credit card,36,82.09,3034.63,6,4,3,6.0,18.0,Pune,No
CUST100853,38.0,Female,2022-12-11,Month-to-month,DSL,Electronic check,37,53.39,2159.61,4,0,3,8.0,10.0,Chennai,No
CUST101982,38.0,Male,2024-04-29,Two year,DSL,Credit card,20,54.28,894.27,4,2,0,7.0,20.0,Pune,No
CUST102774,33.0,Female,2025-05-31,Two year,No internet,Credit card,7,25.98,150.82,1,1,2,8.0,7.0,Chennai,No
CUST101166,67.0,Female,2024-07-28,Month-to-month,Fiber optic,Mailed check,17,61.67,1212.7,3,1,1,6.0,8.0,Hyderabad,No
CUST100971,37.0,Female,2022-11-04,One year,Fiber optic,Electronic check,38,88.31,3105.77,7,2,1,7.0,9.0,Pune,No
CUST102701,25.0,Male,2022-09-07,Month-to-month,DSL,Bank transfer,40,29.89,1305.64,1,0,0,10.0,26.0,Pune,No
CUST104495,22.0,Male,2023-09-04,Month-to-month,Fiber optic,Electronic check,28,45.8,1032.41,2,2,2,6.0,7.0,Chennai,No
CUST103847,71.0,Female,2021-08-07,Month-to-month,No internet,Electronic check,53,73.95,3823.4,7,2,2,7.0,9.0,Delhi,No
CUST102368,27.0,Male,2022-03-29,Two year,Fiber optic,Electronic check,45,57.45,2765.94,1,2,1,6.0,11.0,Mumbai,No
CUST104115,31.0,Male,2022-08-22,One year,Fiber optic,Bank transfer,40,68.87,2815.05,3,2,1,7.0,14.0,Delhi,No
CUST104131,29.0,Female,2021-01-23,Month-to-month,No internet,Credit card,59,22.16,1266.63,3,1,1,6.0,23.0,Pune,No
CUST102950,24.0,Female,2025-08-25,Two year,Fiber optic,Electronic check,4,74.87,328.58,6,2,1,6.0,37.0,Pune,No
CUST100524,55.0,Male,2025-06-16,Month-to-month,Fiber optic,Electronic check,7,68.66,468.96,4,0,1,7.0,31.0,Delhi,No
CUST102455,39.0,Female,2023-02-05,One year,Fiber optic,Credit card,35,44.86,1579.01,1,2,1,8.0,46.0,Chennai,No
CUST101841,38.0,Female,2022-08-14,One year,Fiber optic,Credit card,41,71.7,3105.48,5,2,0,7.0,7.0,Bengaluru,No
CUST100537,52.0,Male,2021-12-14,Two year,No internet,Electronic check,49,59.73,2683.82,4,2,2,7.0,33.0,Delhi,No
CUST102806,59.0,Male,2023-07-22,One year,No internet,Credit card,29,71.52,1851.24,6,3,2,7.0,11.0,Pune,Yes
CUST104341,51.0,Male,2024-07-13,Month-to-month,Fiber optic,Credit card,18,63.16,1207.05,2,0,1,7.0,15.0,Pune,No
CUST103175,18.0,Female,2023-04-13,Month-to-month,DSL,Credit card,33,62.55,1945.73,7,2,1,7.0,29.0,Mumbai,No
CUST100784,38.0,Female,2021-06-20,Month-to-month,DSL,Credit card,54,65.18,3338.96,4,0,2,8.0,15.0,Bengaluru,No
CUST104057,47.0,Female,2023-09-03,Two year,Fiber optic,Electronic check,28,82.52,2216.37,4,1,1,7.0,24.0,Chennai,No
CUST101409,44.0,Male,2024-03-14,Month-to-month,DSL,Credit card,22,55.46,1226.89,5,2,3,5.0,17.0,Pune,Yes
CUST102537,19.0,Male,2022-06-10,One year,Fiber optic,Electronic check,43,65.51,2706.63,3,3,1,5.0,5.0,Hyderabad,No
CUST100154,37.0,Female,2025-11-29,Month-to-month,Fiber optic,Credit card,1,56.9,59.57,3,2,0,7.0,24.0,Mumbai,No
CUST103009,47.0,Female,2022-06-27,One year,Fiber optic,Electronic check,42,63.93,2423.12,4,1,4,9.0,19.0,Chennai,No
CUST101686,32.0,Female,2024-12-05,Two year,Fiber optic,Mailed check,13,87.29,1180.38,8,0,0,8.0,34.0,Bengaluru,No
CUST102901,21.0,Female,2025-11-24,Month-to-month,Fiber optic,Credit card,1,78.59,70.21,6,4,3,5.0,41.0,Pune,Yes
CUST104974,33.0,Female,2021-10-09,Month-to-month,Fiber optic,Electronic check,51,73.46,3953.01,4,0,1,7.0,10.0,Chennai,No
CUST103863,58.0,Female,2021-06-10,Two year,DSL,Electronic check,55,45.88,2557.94,5,0,0,10.0,5.0,Bengaluru,No
CUST102733,32.0,Male,2025-04-17,Month-to-month,Fiber optic,Credit card,9,75.04,788.78,4,0,0,6.0,23.0,Bengaluru,No
CUST101895,31.0,Male,2023-01-23,One year,Fiber optic,Mailed check,35,85.73,3038.56,6,1,1,8.0,7.0,Pune,No
CUST100569,40.0,Female,2021-12-28,Month-to-month,No internet,Credit card,48,45.13,2296.01,5,1,1,9.0,21.0,Chennai,No
CUST101816,46.0,Female,2021-08-11,One year,DSL,Electronic check,53,49.44,2296.51,3,0,0,8.0,3.0,,No
CUST102065,36.0,Male,2024-09-13,Month-to-month,Fiber optic,Bank transfer,16,75.42,1222.12,5,3,1,6.0,15.0,Mumbai,No
CUST100127,24.0,Male,2021-03-22,Month-to-month,DSL,Credit card,57,57.25,3921.59,4,4,3,4.0,14.0,Pune,No
CUST103394,45.0,Female,2025-06-29,Month-to-month,Fiber optic,Bank transfer,6,56.86,386.31,3,3,3,5.0,59.0,Chennai,Yes
CUST103327,39.0,Male,2024-02-24,Month-to-month,Fiber optic,Electronic check,22,56.35,1286.75,4,0,1,8.0,27.0,Delhi,No
CUST100228,28.0,Male,2024-05-13,One year,DSL,Credit card,20,87.82,1780.71,8,0,0,8.0,2.0,Hyderabad,No
CUST102975,42.0,Male,2021-06-15,Month-to-month,No internet,Bank transfer,55,79.61,4307.84,8,2,1,6.0,25.0,Hyderabad,No
CUST100980,44.0,Male,2025-01-07,Month-to-month,Fiber optic,Bank transfer,12,66.11,764.83,3,0,1,6.0,51.0,Bengaluru,No
CUST102300,32.0,Male,2024-11-08,One year,No internet,Electronic check,14,61.03,771.63,6,0,0,9.0,8.0,Hyderabad,No
CUST100190,59.0,Male,2021-03-09,One year,No internet,Bank transfer,58,50.16,3043.74,5,1,3,7.0,3.0,Mumbai,No
CUST101139,38.0,Female,2025-04-24,Month-to-month,DSL,Credit card,8,59.19,502.71,5,0,1,7.0,20.0,Delhi,No
CUST100699,36.0,Female,2022-03-01,Month-to-month,No internet,Credit card,46,61.23,2739.45,7,1,0,9.0,12.0,Hyderabad,No
CUST104804,32.0,Female,2024-05-30,Two year,No internet,Credit card,19,58.7,1264.63,4,2,2,7.0,7.0,Hyderabad,No
CUST100606,47.0,Male,2025-10-18,Month-to-month,Fiber optic,Electronic check,2,61.55,110.73,3,0,0,7.0,13.0,Delhi,No
CUST104276,47.0,Female,2024-05-28,Two year,No internet,Electronic check,19,44.14,793.88,2,0,1,7.0,19.0,Delhi,No
CUST100301,20.0,Female,2025-03-14,Month-to-month,No internet,Bank transfer,10,52.21,471.53,5,3,1,6.0,58.0,Pune,No
CUST103420,38.0,Male,2025-08-25,Month-to-month,Fiber optic,Electronic check,4,92.47,374.15,6,2,2,7.0,,Delhi,No
CUST104844,37.0,Male,2023-06-22,Month-to-month,DSL,Credit card,30,68.85,2297.04,4,3,1,7.0,18.0,Chennai,Yes
CUST101060,36.0,Female,2022-08-16,Month-to-month,DSL,Electronic check,41,91.95,3887.73,7,4,0,6.0,13.0,,No
CUST102565,27.0,Male,2021-11-07,Month-to-month,Fiber optic,Electronic check,50,61.8,3027.52,3,1,1,6.0,8.0,Chennai,No
CUST101084,39.0,Female,2022-01-26,One year,Fiber optic,Bank transfer,47,62.28,2951.5,4,0,2,8.0,27.0,Hyderabad,No
CUST101069,37.0,Female,2022-04-28,Month-to-month,Fiber optic,Credit card,44,82.69,4369.99,5,1,2,6.0,15.0,Chennai,No
CUST102524,61.0,Male,2022-09-29,Month-to-month,DSL,Credit card,39,22.81,923.2,2,6,2,4.0,27.0,Hyderabad,No
CUST102205,34.0,Female,2023-05-16,Two year,No internet,Electronic check,32,78.58,2629.65,7,3,0,7.0,13.0,Delhi,No
CUST101243,32.0,Female,2021-02-19,Month-to-month,DSL,Mailed check,58,40.56,2522.87,4,1,2,5.0,18.0,Chennai,No
CUST100016,42.0,Male,2022-05-26,One year,Fiber optic,Credit card,43,91.93,3842.29,6,1,0,7.0,14.0,Bengaluru,No
CUST103120,42.0,Female,2025-09-01,Month-to-month,No internet,Electronic check,4,42.71,175.37,2,3,2,6.0,12.0,Bengaluru,No
CUST104642,49.0,Male,2023-04-10,One year,DSL,Electronic check,33,82.21,2343.27,6,2,0,5.0,19.0,,No
CUST100815,42.0,Male,2021-07-17,Month-to-month,Fiber optic,Electronic check,54,80.11,4681.77,5,0,4,6.0,18.0,Pune,No
CUST103067,43.0,Female,2022-01-19,Month-to-month,DSL,Credit card,47,61.03,2394.61,3,3,1,5.0,19.0,Pune,No
CUST104808,31.0,Male,2021-01-05,Month-to-month,DSL,Bank transfer,60,42.35,2509.01,2,3,0,5.0,35.0,Chennai,No
CUST100959,43.0,,2024-08-08,Month-to-month,Fiber optic,Electronic check,17,58.9,958.55,4,4,3,4.0,52.0,Pune,Yes
CUST100225,41.0,Female,2022-05-11,Month-to-month,No internet,Bank transfer,44,61.69,2913.49,6,1,0,9.0,10.0,Bengaluru,No
CUST103354,34.0,Male,2024-05-14,One year,DSL,Credit card,20,72.22,1284.73,5,2,1,7.0,6.0,Chennai,No
CUST102485,37.0,MALE,2022-07-06,Month-to-month,Fiber optic,Bank transfer,42,83.24,3606.96,6,0,1,8.0,13.0,Mumbai,No
CUST100562,39.0,Female,2024-02-25,Month-to-month,DSL,Bank transfer,22,42.07,944.65,4,2,1,6.0,12.0,Delhi,No
CUST103436,30.0,Female,2024-10-23,One year,Fiber optic,Electronic check,14,97.29,1326.64,8,1,2,7.0,23.0,Chennai,No
CUST101693,32.0,Male,2025-08-27,Two year,Fiber optic,Bank transfer,4,92.15,381.71,6,3,2,7.0,13.0,Pune,No
CUST101045,28.0,Female,2025-10-25,One year,Fiber optic,Bank transfer,2,45.47,77.65,2,2,1,5.0,12.0,Pune,No
CUST103446,33.0,Male,2023-01-07,One year,Fiber optic,Bank transfer,36,58.74,1990.73,3,0,1,10.0,26.0,Mumbai,No
CUST104565,39.0,Female,2022-12-15,Month-to-month,Fiber optic,Bank transfer,37,63.17,2433.07,3,0,2,8.0,19.0,Bengaluru,No
CUST100954,29.0,Female,2021-05-14,One year,DSL,Bank transfer,56,73.53,4729.99,6,1,1,7.0,17.0,Hyderabad,No
CUST102464,30.0,Male,2023-01-25,One year,DSL,Bank transfer,35,58.21,1916.98,6,0,0,6.0,7.0,Chennai,No
CUST102735,33.0,Male,2022-02-24,Month-to-month,Fiber optic,Electronic check,46,59.35,2452.88,4,1,0,8.0,24.0,Mumbai,No
CUST104928,56.0,Female,2021-06-10,Month-to-month,DSL,Credit card,55,51.24,2826.14,2,1,2,6.0,9.0,Hyderabad,No
CUST104735,38.0,Female,2025-05-05,One year,DSL,Bank transfer,8,60.09,480.43,5,0,3,10.0,17.0,Chennai,No
CUST104847,46.0,Male,2023-02-16,One year,Fiber optic,Credit card,34,64.83,2548.3,4,1,3,7.0,14.0,Chennai,Yes
CUST101218,24.0,Female,2023-05-16,Month-to-month,DSL,Electronic check,32,41.87,1317.32,2,0,2,6.0,16.0,Pune,Yes
CUST101527,36.0,Female,2025-05-30,One year,Fiber optic,Electronic check,7,52.52,350.29,3,3,0,5.0,17.0,Hyderabad,No
CUST103987,43.0,Female,2024-02-11,Month-to-month,Fiber optic,Credit card,23,84.18,1807.22,4,0,3,7.0,20.0,Hyderabad,Yes
CUST101300,39.0,Female,2023-03-15,Month-to-month,Fiber optic,Bank transfer,34,109.48,3865.52,7,4,1,5.0,17.0,Pune,Yes
CUST104916,18.0,Female,2021-05-05,Month-to-month,Fiber optic,Credit card,56,42.97,2178.75,3,2,2,8.0,10.0,Delhi,No
CUST100160,26.0,Male,2025-06-02,One year,No internet,Electronic check,7,69.17,539.51,7,0,2,6.0,24.0,Bengaluru,No
CUST104067,37.0,Female,2024-06-24,Month-to-month,No internet,Electronic check,18,52.46,869.34,3,3,1,7.0,8.0,Chennai,No
CUST100956,32.0,Male,2022-03-29,Two year,Fiber optic,Electronic check,45,84.43,4071.9,6,1,1,8.0,10.0,Hyderabad,No
CUST103791,57.0,Female,2025-12-04,One year,DSL,Mailed check,1,60.68,59.33,4,0,1,7.0,5.0,Hyderabad,No
CUST103234,32.0,Female,2025-05-06,Two year,DSL,Electronic check,8,34.44,286.47,3,2,0,6.0,11.0,Chennai,Yes
CUST102869,45.0,Female,2023-02-16,One year,Fiber optic,Bank transfer,34,83.72,2710.59,6,2,0,6.0,9.0,Bengaluru,No
CUST103777,44.0,Male,2023-04-04,Month-to-month,No internet,Bank transfer,33,35.72,1202.69,2,2,1,5.0,25.0,Chennai,No
CUST104433,43.0,Male,2023-07-17,Month-to-month,No internet,Credit card,30,40.14,1265.6,3,3,0,7.0,83.0,Hyderabad,Yes
CUST102961,38.0,Male,2021-08-18,One year,Fiber optic,Credit card,52,52.44,2748.85,3,2,1,7.0,45.0,Mumbai,No
CUST102200,32.0,Male,2022-11-02,One year,Fiber optic,Electronic check,38,60.65,2500.93,2,1,1,8.0,20.0,Bengaluru,No
CUST100098,43.0,Male,2022-12-26,Month-to-month,Fiber optic,Credit card,36,95.54,3242.47,5,0,2,6.0,5.0,Hyderabad,Yes
CUST102557,48.0,Female,2025-10-27,One year,Fiber optic,Electronic check,2,59.44,115.65,4,4,3,5.0,14.0,Bengaluru,No
CUST103183,45.0,Female,2021-06-21,One year,Fiber optic,Credit card,54,59.5,2924.04,2,5,0,,20.0,Bengaluru,No
CUST100253,26.0,Female,2022-12-02,Month-to-month,Fiber optic,Electronic check,37,40.78,1404.97,2,0,3,8.0,8.0,Hyderabad,No
CUST103923,46.0,Male,2022-08-06,Two year,Fiber optic,Credit card,41,67.27,2739.05,4,5,3,5.0,17.0,Chennai,No
CUST104199,42.0,MALE,2024-07-22,Month-to-month,Fiber optic,Electronic check,17,77.13,1391.92,4,4,0,7.0,24.0,Mumbai,No
CUST101445,41.0,Female,2024-12-20,Two year,DSL,Credit card,12,37.27,433.25,3,0,0,6.0,7.0,Bengaluru,No
CUST101648,36.0,Male,2022-06-01,Month-to-month,Fiber optic,Credit card,43,54.38,2268.5,3,4,1,7.0,16.0,Mumbai,No
CUST104682,31.0,Female,2025-04-02,Month-to-month,Fiber optic,Credit card,9,64.19,562.77,3,0,0,7.0,11.0,Bengaluru,No
CUST104723,34.0,Male,2021-06-01,Month-to-month,Fiber optic,Mailed check,55,77.72,4140.05,5,1,3,8.0,7.0,Bengaluru,No
CUST103991,26.0,Male,2022-11-19,Month-to-month,DSL,Electronic check,37,56.92,1992.65,5,1,1,8.0,21.0,Bengaluru,No
CUST101696,32.0,Male,2022-12-28,One year,Fiber optic,Electronic check,36,59.56,2089.16,2,1,1,6.0,16.0,Pune,No
CUST103191,28.0,Male,2022-07-12,Month-to-month,Fiber optic,Credit card,42,77.05,3256.12,5,1,0,8.0,13.0,Hyderabad,No
CUST104499,32.0,Male,2025-06-07,Month-to-month,DSL,Electronic check,7,54.97,414.59,3,0,2,6.0,17.0,Delhi,No
CUST101154,46.0,Female,2022-12-16,Month-to-month,Fiber optic,Electronic check,37,78.54,2751.8,5,1,0,10.0,12.0,Pune,No
CUST102255,24.0,Male,2022-03-27,Two year,No internet, electronic check ,45,68.43,3232.9,6,3,2,6.0,25.0,Delhi,No
CUST101682,32.0,Male,2025-06-17,Month-to-month,No internet,Electronic check,7,18.61,115.51,1,2,0,9.0,20.0,Delhi,No
CUST103170,51.0,Female,2021-07-14,Two year,DSL,Bank transfer,54,31.37,1716.0,4,1,2,10.0,42.0,Mumbai,No
CUST102056,32.0,Female,2023-07-12,One year,DSL,,30,43.19,1320.67,3,3,1,6.0,22.0,Chennai,No
CUST104090,65.0,Male,2021-07-24,Month-to-month,DSL,Bank transfer,53,29.66,1741.63,2,4,3,5.0,41.0,Chennai,No
CUST103108,22.0,Female,2023-06-30,Two year,Fiber optic,Bank transfer,30,77.32,2474.36,6,1,2,6.0,22.0,Bengaluru,No
CUST104548,40.0,Female,2021-12-11,Month-to-month,Fiber optic,Credit card,49,101.37,4673.37,7,3,0,8.0,34.0,Chennai,No
CUST103723,49.0,Female,2023-03-24,One year,DSL,Credit card,33,71.75,2477.11,5,4,1,5.0,19.0,Delhi,No
CUST102049,25.0,Male,2024-05-14,Month-to-month,Fiber optic,Bank transfer,20,64.83,1218.81,2,5,2,5.0,9.0,Delhi,No
CUST103643,30.0,Male,2022-03-08,Two year,DSL,Credit card,46,56.74,2594.23,6,1,1,7.0,37.0,Delhi,No
CUST104952,37.0,Female,2025-03-24,One year,Fiber optic,Credit card,9,97.63,774.07,6,1,2,8.0,6.0,Chennai,Yes
CUST100623,31.0,Female,2022-05-25,Month-to-month,Fiber optic,Electronic check,43,52.23,2237.03,2,2,1,6.0,9.0,Delhi,No
CUST100262,41.0,Male,2024-09-01,Two year,Fiber optic,Electronic check,16,69.14,959.18,4,0,0,7.0,11.0,Chennai,No
CUST103369,39.0,Male,2024-04-27,Month-to-month,Fiber optic,,20,69.43,1319.86,4,4,2,7.0,37.0,Pune,Yes
CUST104061,51.0,Male,2025-06-04,Month-to-month,DSL,Bank transfer,7,48.2,364.76,3,1,2,7.0,29.0,Hyderabad,No
CUST101802,34.0,Male,2024-05-09,Two year,No internet,Bank transfer,20,56.84,1183.17,4,2,4,6.0,18.0,Hyderabad,No
CUST104736,29.0,Female,2025-02-28,Month-to-month,Fiber optic,Bank transfer,10,66.04,615.98,3,1,1,6.0,16.0,Pune,No
CUST103351,43.0,Male,2023-05-31,One year,DSL,Electronic check,31,46.56,1440.52,3,3,2,7.0,11.0,Chennai,No
CUST102385,31.0,Female,2021-11-13,Month-to-month,DSL,Electronic check,50,89.75,4656.19,7,1,0,,13.0,Hyderabad,Yes
CUST101959,31.0,Female,2025-03-27,One year,Fiber optic,Credit card,9,77.43,751.4,5,2,0,8.0,37.0,Pune,No
CUST102976,29.0,Female,2022-10-23,Month-to-month,DSL,Mailed check,38,49.24,2176.52,3,1,1,9.0,9.0,Chennai,No
CUST100488,28.0,Female,2024-10-10,Month-to-month,DSL,Electronic check,15,36.55,555.31,3,3,1,6.0,17.0,Pune,No
CUST101843,20.0,Male,2024-08-22,One year,Fiber optic,Electronic check,16,94.52,1703.76,6,1,0,,26.0,Bengaluru,No
CUST101734,32.0,Male,2022-07-02,One year,Fiber optic,Electronic check,42,64.44,2467.04,2,1,1,9.0,18.0,Delhi,No
CUST102911,61.0,Female,2022-08-25,Month-to-month,Fiber optic,Electronic check,40,105.8,3525.95,7,0,2,7.0,10.0,Delhi,No
CUST103219,50.0,Male,2025-03-25,Month-to-month,Fiber optic,Credit card,9,37.31,299.85,1,3,1,7.0,20.0,Hyderabad,No
CUST100146,31.0,Female,2024-11-18,Month-to-month,DSL,Mailed check,13,74.33,991.52,6,2,0,8.0,22.0,Chennai,No
CUST101986,40.0,Female,2022-06-01,Month-to-month,No internet,Electronic check,43,54.83,2334.87,4,3,1,5.0,17.0,Bengaluru,No
CUST101369,50.0,Male,2023-11-19,One year,DSL,Bank transfer,25,49.88,1181.82,3,1,0,8.0,5.0,Delhi,No
CUST102811,34.0,Male,2021-05-17,Two year,DSL,Electronic check,56,44.06,2319.21,4,1,0,9.0,7.0,Chennai,No
CUST100659,34.0,Female,2023-05-07,Month-to-month,Fiber optic,Credit card,32,38.06,1195.13,2,1,3,8.0,4.0,Mumbai,No
CUST101794,18.0,Female,2022-01-28,One year,DSL,Credit card,47,27.62,1196.27,2,4,1,,36.0,Mumbai,No
CUST102511,58.0,Female,2025-06-05,One year,DSL,Electronic check,7,44.31,295.74,4,2,0,7.0,21.0,Pune,No
CUST103397,35.0,Female,2023-03-28,One year,Fiber optic,Credit card,33,109.39,3221.0,7,3,2,5.0,9.0,Hyderabad,No
CUST104282,48.0,Male,2024-02-05,Two year,No internet,Electronic check,23,50.89,1068.97,3,1,2,7.0,5.0,Bengaluru,No
CUST101147,,Male,2024-10-29,Month-to-month,DSL,Credit card,14,62.93,797.86,5,1,1,7.0,11.0,Mumbai,No
CUST103272,36.0,Female,2022-06-27,One year,No internet,Bank transfer,42,81.94,3686.8,6,1,1,9.0,10.0,Bengaluru,No
CUST100608,18.0,Male,2023-02-28,One year,DSL,Electronic check,34,71.39,2414.39,4,0,1,7.0,7.0,Hyderabad,No
CUST103582,39.0,Male,2022-09-09,One year,DSL,Electronic check,40,48.33,1994.08,4,5,0,7.0,18.0,Bengaluru,No
CUST101930,18.0,Male,2021-11-08,Month-to-month,Fiber optic,Electronic check,50,43.76,2322.59,3,1,2,8.0,8.0,Pune,No
CUST100197,33.0,Male,2024-06-11,Month-to-month,Fiber optic,Bank transfer,19,53.44,1165.21,3,1,1,6.0,15.0,Chennai,No
CUST102931,48.0,Female,2024-10-29,One year,DSL,Credit card,14,37.62,532.68,2,2,0,8.0,22.0,Bengaluru,Yes
CUST102327,56.0,Male,2025-04-02,One year,Fiber optic,Mailed check,9,37.44,320.03,2,3,2,4.0,17.0,Mumbai,Yes
CUST104389,57.0,Female,2022-10-23,Month-to-month,Fiber optic,Credit card,38,60.17,2032.77,3,2,1,8.0,12.0,Mumbai,No
CUST100766,39.0,Male,2025-03-06,Two year,Fiber optic,Electronic check,10,73.71,773.24,4,2,3,8.0,25.0,Chennai,No
CUST104496,32.0,Male,2023-06-24,Month-to-month,No internet, electronic check ,30,48.64,1461.61,4,1,1,6.0,14.0,Mumbai,No
CUST104218,59.0,Male,2021-09-22,Two year,No internet,Credit card,51,74.81,3988.61,5,2,2,6.0,24.0,Chennai,No
CUST103255,42.0,Female,2022-07-12,Two year,No internet,Mailed check,42,66.77,2766.57,5,3,5,8.0,42.0,Mumbai,No
CUST100202,39.0,Male,2024-01-13,One year,DSL,Mailed check,24,28.53,613.3,2,2,3,4.0,25.0,Delhi,No
CUST103510,44.0,Female,2025-05-22,Two year,Fiber optic,Mailed check,7,79.5,578.31,5,4,2,6.0,9.0,Mumbai,No
CUST101733,21.0,Male,2025-12-03,Two year,No internet,Mailed check,1,85.61,91.88,8,0,0,8.0,20.0,Mumbai,No
CUST102777,32.0,Female,2022-07-05,Two year,Fiber optic,Credit card,42,51.84,2555.94,2,0,1,7.0,22.0,Chennai,No
CUST101707,41.0,Female,2023-12-31,Two year,Fiber optic,Credit card,24,65.54,1677.09,2,2,3,5.0,10.0,Delhi,No
CUST103474,22.0,Female,2022-11-18,Month-to-month,Fiber optic,Credit card,37,49.89,1812.21,3,1,0,10.0,8.0,Delhi,No
CUST100854,41.0,Male,2021-09-29,One year,Fiber optic,Electronic check,51,89.83,4622.41,7,2,1,7.0,10.0,Bengaluru,No
CUST104737,49.0,Female,2022-01-23,One year,DSL,Electronic check,47,33.9,1489.61,2,4,1,6.0,31.0,Chennai,Yes
CUST104097,48.0,Female,2024-01-08,One year,Fiber optic,Mailed check,24,63.74,1503.03,4,0,1,9.0,13.0,Mumbai,No
CUST102160,32.0,Male,2022-01-27,One year,DSL,Electronic check,47,63.08,2825.29,6,2,0,8.0,14.0,Mumbai,No
CUST100698,27.0,Male,2024-11-27,Month-to-month,Fiber optic,Electronic check,13,64.93,739.58,4,2,0,7.0,,Bengaluru,No
CUST104972,50.0,Female,2023-01-14,One year,DSL,Mailed check,36,70.16,2209.86,6,3,1,5.0,54.0,Pune,Yes
CUST102999,34.0,,2024-11-17,Two year,Fiber optic,Electronic check,13,97.31,1350.1,6,3,0,5.0,22.0,Hyderabad,No
CUST103696,30.0,Female,2021-12-23,One year,DSL,Electronic check,48,58.24,2961.2,4,1,0,6.0,15.0,Mumbai,No
CUST101636,18.0,Female,2021-10-24,Month-to-month,DSL,Bank transfer,50,51.2,2497.59,5,1,1,6.0,22.0,Mumbai,No
CUST103457,27.0,Female,2021-04-15,Month-to-month,DSL,Credit card,57,22.14,1155.76,1,0,0,8.0,5.0,Chennai,No
CUST103581,63.0,Male,2025-03-13,Month-to-month,DSL,Credit card,10,36.85,338.79,3,3,2,8.0,34.0,Mumbai,Yes
CUST101291,33.0,Male,2022-03-25,Two year,No internet,Bank transfer,45,45.43,2174.44,4,3,1,6.0,7.0,,No
CUST104659,27.0,Male,2022-05-17,Month-to-month,DSL,Electronic check,44,63.89,3101.3,5,2,4,6.0,9.0,Bengaluru,No
CUST101853,46.0,Female,2023-03-19,Month-to-month,Fiber optic,,33,56.69,1936.73,4,1,0,7.0,24.0,Hyderabad,No
CUST103763,45.0,Male,2021-05-16,Month-to-month,Fiber optic,Credit card,56,62.14,2917.47,4,1,1,7.0,2.0,Delhi,No
CUST103304,75.0,Female,2025-05-01,Two year,No internet,Electronic check,8,40.93,372.03,3,2,0,6.0,23.0,Delhi,No
CUST104937,18.0,Female,2024-10-19,Month-to-month,Fiber optic,Bank transfer,14,74.97,885.33,5,1,1,5.0,11.0,Hyderabad,No
CUST103743,46.0,Male,2025-03-23,Month-to-month,DSL,Credit card,9,25.39,247.58,1,1,3,,17.0,Delhi,No
CUST103445,34.0,Female,2023-08-21,Month-to-month,Fiber optic,Electronic check,28,55.5,1610.75,2,1,1,8.0,8.0,Pune,No
CUST101998,32.0,Female,2024-02-21,Month-to-month,DSL,Credit card,22,60.54,1408.7,5,1,0,8.0,,Pune,No
CUST100663,34.0,Male,2024-11-23,Two year,DSL,Electronic check,13,69.97,942.68,6,2,3,7.0,12.0,Pune,No
CUST104779,38.0,Male,2021-01-09,Two year,Fiber optic,Credit card,60,31.68,1950.95,1,2,3,6.0,35.0,Delhi,No
CUST103748,29.0,Female,2022-11-10,Month-to-month,No internet,Electronic check,38,58.13,2058.79,5,0,3,6.0,15.0,Delhi,No
CUST104413,29.0,Female,2021-09-16,Month-to-month,Fiber optic,Credit card,52,69.96,3827.09,6,0,1,10.0,34.0,Delhi,No
CUST104744,36.0,Male,2025-06-17,Month-to-month,Fiber optic,Credit card,7,79.0,528.78,4,3,2,5.0,17.0,Pune,Yes
CUST100709,46.0,Female,2021-05-01,Month-to-month,Fiber optic,Electronic check,56,56.33,3107.83,4,1,1,8.0,6.0,Mumbai,No
CUST101282,18.0,Female,2022-11-26,Month-to-month,No internet,Mailed check,37,63.09,2286.01,5,2,0,7.0,4.0,Delhi,No
CUST102675,42.0,Male,2025-06-05,Month-to-month,Fiber optic,Electronic check,7,59.65,431.49,2,1,2,7.0,3.0,Hyderabad,Yes
CUST104029,40.0,Male,2023-07-25,Month-to-month,DSL,Electronic check,29,23.39,682.5,2,0,1,7.0,35.0,Bengaluru,No
CUST101306,26.0, female ,2024-08-03,Month-to-month,DSL,Mailed check,17,62.94,1254.01,6,2,2,10.0,17.0,Pune,No
CUST102237,37.0,Male,2021-09-04,Month-to-month,No internet,Credit card,52,51.08,2440.01,4,1,0,7.0,16.0,Mumbai,No
CUST103302,49.0,Female,2023-03-09,One year,Fiber optic,Mailed check,34,65.6,2256.06,3,0,2,7.0,25.0,Chennai,No
CUST102038,26.0,Male,2024-10-20,Month-to-month,Fiber optic,Electronic check,14,53.28,746.48,4,2,3,7.0,9.0,Bengaluru,No
CUST101529,45.0,Female,2022-02-18,Month-to-month,Fiber optic,Electronic check,46,74.29,3665.61,4,1,2,6.0,16.0,Chennai,No
CUST101663,60.0,Female,2022-10-17,Month-to-month,Fiber optic,Electronic check,39,81.85,3182.64,5,2,1,8.0,16.0,Mumbai,No
CUST104959,27.0,Female,2024-08-21,Month-to-month,Fiber optic,Mailed check,16,53.57,902.17,2,0,3,5.0,7.0,Bengaluru,Yes
CUST104978,52.0,Male,2023-08-31,Month-to-month,DSL,Mailed check,28,24.63,790.72,4,1,1,8.0,10.0,Hyderabad,No
CUST103627,27.0,Female,2025-05-16,Month-to-month,Fiber optic,Electronic check,8,84.08,728.42,5,0,0,7.0,6.0,Hyderabad,No
CUST104891,20.0,Male,2023-01-28,One year,Fiber optic,Mailed check,35,47.58,1692.51,1,5,2,4.0,19.0,Delhi,No
CUST102693,34.0,Female,2022-10-07,Month-to-month,No internet,Credit card,39,34.49,1348.1,4,4,1,8.0,14.0,Chennai,No
CUST103060,52.0,Female,2024-09-11,Month-to-month,DSL,Electronic check,16,38.87,664.61,3,1,1,8.0,7.0,Chennai,No
CUST101597,41.0,Female,2021-01-02,One year,No internet,Electronic check,60,61.1,3789.96,5,3,2,6.0,12.0,Mumbai,No
CUST102729,23.0,Female,2023-07-24,Month-to-month,DSL,Electronic check,29,72.94,1994.34,4,0,1,7.0,23.0,Pune,No
CUST102625,36.0,Female,2025-03-06,One year,Fiber optic,Bank transfer,10,84.43,725.61,4,2,3,4.0,5.0,Hyderabad,No
CUST103157,35.0,Female,2025-01-03,One year,Fiber optic,Mailed check,12,63.95,840.82,4,2,0,7.0,10.0,Pune,No
CUST103314,51.0,Female,2024-07-18,Month-to-month,DSL,Electronic check,17,65.94,1027.09,6,1,0,7.0,2.0,Delhi,No
CUST101722,30.0,Male,2022-09-06,Month-to-month,No internet,Mailed check,40,72.19,3079.97,5,3,2,6.0,44.0,Delhi,No
CUST101059,43.0,Male,2024-07-28,Month-to-month,No internet,Mailed check,17,76.81,1457.48,8,3,1,6.0,14.0,Bengaluru,No
CUST104636,18.0,Female,2025-05-18,Month-to-month,Fiber optic,Credit card,7,110.22,863.58,8,1,1,9.0,11.0,Pune,No
CUST103242,41.0,Male,2025-01-26,Two year,Fiber optic,Credit card,11,65.29,736.58,4,2,2,7.0,12.0,Mumbai,No
CUST101678,29.0,Male,2022-09-04,One year,No internet,Bank transfer,40,48.55,1873.47,4,0,1,9.0,6.0,Chennai,No
CUST101757,65.0,Female,2025-06-25,Two year,DSL,Electronic check,6,54.2,345.61,5,1,1,8.0,3.0,Chennai,No
CUST104191,48.0,Male,2023-02-11,Two year,DSL,Electronic check,35,65.68,2234.92,5,3,1,,12.0,Delhi,No
CUST100563,29.0,Male,2023-06-30,One year,DSL,Bank transfer,30,27.91,789.67,3,3,1,6.0,15.0,Hyderabad,No
CUST102790,56.0,Male,2023-06-13,One year,Fiber optic,Mailed check,31,95.27,3110.63,8,1,3,5.0,4.0,Bengaluru,No
CUST100863,39.0,Female,2025-07-29,Month-to-month,DSL,Credit card,5,39.0,210.71,3,1,1,7.0,4.0,Delhi,Yes
CUST101484,47.0,Male,2022-08-17,Month-to-month,Fiber optic,Credit card,41,86.38,3304.99,5,1,1,6.0,33.0,Bengaluru,No
CUST100206,28.0,Female,2024-09-04,Month-to-month,Fiber optic,Electronic check,16,79.72,1308.49,5,4,0,4.0,11.0,Hyderabad,No
CUST104488,,Male,2022-02-16,One year,DSL,Credit card,46,46.01,1591.7,4,2,0,10.0,26.0,Mumbai,No
CUST100870,41.0,Female,2022-01-03,One year,No internet,Electronic check,48,42.67,2025.95,2,4,3,4.0,25.0,Chennai,Yes
CUST104493,26.0,Male,2022-01-20,Month-to-month,DSL,Bank transfer,47,55.17,2417.74,5,5,3,4.0,28.0,Chennai,No
CUST100502,29.0,Female,2023-09-16,Two year,Fiber optic,Bank transfer,28,107.21,3097.3,8,1,0,9.0,5.0,Mumbai,No
CUST101028,38.0,Female,2023-03-05,Month-to-month,Fiber optic,Electronic check,34,82.2,2836.23,6,2,0,6.0,16.0,Pune,No
CUST103840,21.0,Male,2024-05-23,Two year,DSL,Credit card,19,39.41,812.36,4,2,3,7.0,31.0,Pune,No
CUST102690,23.0,Female,2025-05-03,Two year,Fiber optic,Credit card,8,84.14,677.82,6,0,1,8.0,5.0,Chennai,No
CUST101570,38.0,Male,2024-08-22,One year,DSL,Electronic check,16,42.73,530.22,2,3,0,7.0,29.0,Chennai,No
CUST102773,36.0,Male,2021-01-07,Month-to-month,No internet,Credit card,60,52.4,2992.98,5,3,1,7.0,9.0,Chennai,No
CUST102731,22.0,Female,2025-09-15,Two year,Fiber optic,Bank transfer,4,73.32,345.93,5,2,5,6.0,22.0,Hyderabad,No
CUST100804,53.0,Male,2024-08-08,Month-to-month,Fiber optic,Electronic check,17,60.59,1172.17,3,1,1,7.0,38.0,Mumbai,No
CUST103645,20.0,Female,2022-03-19,One year,DSL,Bank transfer,45,59.1,2570.07,4,1,4,7.0,16.0,Chennai,No
CUST102454,33.0,Female,2023-10-21,One year,No internet,Credit card,26,42.3,965.22,4,1,1,8.0,9.0,Delhi,No
CUST104598,52.0,Male,2025-07-12,Month-to-month,Fiber optic,Credit card,6,71.55,438.43,4,1,0,8.0,26.0,Chennai,Yes
CUST103104,37.0,Male,2023-01-07,Month-to-month,DSL,Electronic check,36,26.97,1062.24,4,2,2,7.0,14.0,Delhi,No
CUST104875,33.0,Male,2023-12-27,Two year,Fiber optic,Electronic check,24,64.78,1404.44,5,1,1,7.0,8.0,Hyderabad,No
CUST100200,42.0,Female,2022-04-09,Month-to-month,Fiber optic,Bank transfer,45,64.95,2906.47,5,4,4,5.0,29.0,Mumbai,No
CUST103099,45.0,Male,2023-03-06,Two year,Fiber optic,Electronic check,34,51.83,1726.8,3,0,1,6.0,9.0,Pune,No
CUST102278,31.0,Female,2024-07-14,One year,Fiber optic,Bank transfer,18,83.76,1529.37,6,5,0,5.0,12.0,Delhi,No
CUST103561,39.0,Female,2023-02-01,Month-to-month,DSL,Bank transfer,35,41.28,1504.09,3,4,1,7.0,44.0,Bengaluru,No
CUST104474,30.0,Male,2025-07-14,One year,DSL,Mailed check,6,66.28,383.12,6,1,1,5.0,4.0,Bengaluru,No
CUST104514,39.0,Male,2022-06-27,Two year,Fiber optic,Mailed check,42,68.9,2811.99,4,0,1,8.0,19.0,Bengaluru,No
CUST100391,39.0,Male,2022-09-16,Two year,Fiber optic,Bank transfer,40,78.07,3184.96,4,4,1,6.0,66.0,Bengaluru,No
CUST101495,25.0,Male,2024-06-05,Two year,DSL,Electronic check,19,46.68,956.5,5,1,1,8.0,11.0,Pune,Yes
CUST102695,49.0,Female,2025-01-08,One year,No internet,Electronic check,12,30.18,367.84,3,1,1,8.0,4.0,Mumbai,No
CUST102027,18.0,Female,2024-11-06,Two year,Fiber optic,Credit card,14,75.75,1160.32,4,2,0,8.0,20.0,Bengaluru,No
CUST102568,18.0,Male,2025-08-06,Month-to-month,DSL,Electronic check,5,41.46,225.12,2,1,1,6.0,13.0,Chennai,Yes
CUST100064,47.0,Female,2021-10-03,Month-to-month,Fiber optic,Mailed check,51,86.09,4736.23,7,2,0,8.0,40.0,Pune,No
CUST103884,29.0,Female,2022-11-07,One year,Fiber optic,Mailed check,38,49.82,1996.48,3,1,3,6.0,7.0,Mumbai,No
CUST102062,41.0,Male,2022-09-09,One year,Fiber optic,Bank transfer,40,68.01,2621.76,4,1,1,6.0,14.0,Delhi,No
CUST100492,35.0,Female,2022-10-17,Month-to-month,Fiber optic,Electronic check,39,77.5,3455.8,4,2,3,7.0,16.0,Pune,Yes
CUST100379,33.0,Male,2021-02-17,Month-to-month,Fiber optic,Mailed check,58,40.6,2289.18,1,3,0,10.0,31.0,Delhi,No
CUST104859,35.0,Male,2023-08-20,Month-to-month,No internet,Mailed check,28,59.28,1848.95,3,1,0,8.0,20.0,Mumbai,No
CUST103993,30.0,Male,2024-07-18,Month-to-month,Fiber optic,Credit card,17,66.28,1147.27,6,2,2,8.0,25.0,Mumbai,Yes
CUST104887,57.0,Male,2022-09-23,One year,DSL,Credit card,39,46.39,1627.53,4,5,2,7.0,28.0,Mumbai,No
CUST101076,54.0,Male,2021-10-17,Month-to-month,DSL,Bank transfer,50,49.12,2402.2,3,3,0,6.0,29.0,Delhi,No
CUST100878,37.0,MALE,2023-03-19,One year,DSL,Bank transfer,33,43.98,1427.71,4,2,3,6.0,16.0,Mumbai,No
CUST100337,42.0,Male,2021-08-15,Two year,DSL,Credit card,53,47.79,2499.86,4,3,0,6.0,27.0,Pune,No
CUST101016,39.0,Male,2024-01-17,Month-to-month,DSL,Bank transfer,23,30.67,661.28,3,0,0,8.0,8.0,Delhi,No
CUST101275,38.0,Female,2025-08-01,Month-to-month,DSL,Mailed check,5,75.77,315.43,7,0,0,8.0,35.0,Mumbai,No
CUST103798,48.0,Female,2025-11-07,Month-to-month,No internet,Electronic check,2,47.18,102.84,3,0,0,6.0,11.0,Chennai,No
CUST104551,30.0,Female,2022-02-07,Month-to-month,No internet,Mailed check,47,27.36,1179.89,3,4,2,2.0,12.0,Chennai,No
CUST103342,58.0,Female,2025-09-25,Two year,Fiber optic,Electronic check,3,51.63,152.99,4,2,2,7.0,22.0,Bengaluru,Yes
CUST104911,44.0,Female,2023-01-31,Month-to-month,DSL,Bank transfer,35,84.17,2787.09,7,2,1,8.0,15.0,Delhi,Yes
CUST100995,42.0,Male,2025-09-24,Month-to-month,Fiber optic,Electronic check,3,70.87,215.36,3,2,1,7.0,15.0,Mumbai,Yes
CUST101981,31.0,Female,2023-07-25,One year,No internet,Credit card,29,44.55,1338.31,3,0,1,6.0,21.0,Mumbai,No
CUST104297,30.0,Female,2021-09-15,Month-to-month,Fiber optic,Bank transfer,52,52.36,2797.41,2,3,1,7.0,28.0,Bengaluru,No
CUST100161,29.0,Female,2024-10-16,One year,Fiber optic,Mailed check,15,81.88,1320.27,6,3,0,6.0,14.0,Hyderabad,Yes
CUST104798,33.0,Female,2025-10-18,Month-to-month,Fiber optic,Electronic check,2,59.76,114.77,3,2,1,5.0,21.0,Bengaluru,No
CUST101500,31.0,Male,2025-06-07,Month-to-month,Fiber optic,Electronic check,7,81.14,535.17,4,1,1,8.0,48.0,Hyderabad,Yes
CUST103843,60.0,Male,2025-07-20,Month-to-month,Fiber optic,Bank transfer,5,49.67,275.84,2,2,0,9.0,15.0,Hyderabad,No
CUST102613,33.0,Female,2021-10-13,Month-to-month,Fiber optic,Electronic check,51,83.35,4715.08,5,3,0,7.0,8.0,Pune,No
CUST103461,21.0,Female,2022-03-29,One year,Fiber optic,Credit card,45,54.98,2480.74,2,1,1,7.0,7.0,Chennai,No
CUST101021,42.0,Male,2022-06-21,Month-to-month,DSL,Mailed check,42,38.37,1804.59,3,1,2,6.0,13.0,Bengaluru,No
CUST103073,47.0,Female,2024-03-25,Two year,DSL,Electronic check,21,35.76,619.63,2,3,0,6.0,7.0,Hyderabad,No
CUST103943,46.0,Male,2022-06-11,Two year,DSL,Bank transfer,43,51.15,2229.17,4,3,0,5.0,25.0,Bengaluru,No
CUST101585,19.0,Male,2024-03-19,One year,Fiber optic,Credit card,21,87.26,1957.25,6,0,1,7.0,16.0,Mumbai,No
CUST101955,26.0,Male,2021-10-10,One year,DSL,Credit card,51,71.42,3949.54,6,2,0,7.0,16.0,Bengaluru,No
CUST103152,43.0,Female,2025-06-06,Month-to-month,No internet,Electronic check,7,40.04,253.44,4,2,1,9.0,5.0,Chennai,No
CUST100034,45.0,Male,2024-05-29,Month-to-month,DSL,Bank transfer,19,45.2,877.94,3,0,1,8.0,29.0,Mumbai,No
CUST104014,40.0,Female,2025-04-14,Month-to-month,Fiber optic,Electronic check,9,63.74,515.17,3,3,0,7.0,27.0,Bengaluru,No
CUST100775,40.0,Male,2021-02-01,Month-to-month,Fiber optic,Credit card,59,69.18,4069.49,2,0,0,9.0,18.0,Bengaluru,No
CUST102556,18.0,Female,2022-11-01,Month-to-month,DSL,Electronic check,38,63.93,2442.44,6,1,0,9.0,16.0,Mumbai,No
CUST101478,33.0,,2023-08-19,Month-to-month,Fiber optic,Mailed check,28,57.65,1545.7,4,1,1,8.0,27.0,Bengaluru,No
CUST101363,48.0,Female,2023-12-07,Two year,DSL,Bank transfer,25,44.89,1127.63,5,1,1,6.0,36.0,Chennai,No
CUST102612,31.0,Male,2025-08-02,Month-to-month,DSL,Credit card,5,72.58,319.93,7,3,1,5.0,5.0,Hyderabad,Yes
CUST102824,38.0,Male,2024-12-04,Month-to-month,Fiber optic,Credit card,13,60.73,818.54,3,1,4,7.0,8.0,Bengaluru,No
CUST102041,46.0,Female,2022-06-11,One year,DSL,Credit card,43,46.58,2170.28,3,0,2,6.0,22.0,Pune,No
CUST100241,37.0,Male,2021-01-07,Month-to-month,Fiber optic,Bank transfer,60,77.81,4119.6,6,6,2,3.0,15.0,Chennai,No
CUST102061,59.0,Female,2021-09-21,Two year,DSL,Credit card,51,58.16,2885.09,5,3,3,5.0,31.0,Pune,No
CUST102363,44.0,Male,2025-09-23,Two year,DSL,Mailed check,3,69.78,193.42,8,5,3,5.0,34.0,Pune,No
CUST100600,44.0,Male,2024-04-04,One year,DSL,Mailed check,21,60.89,1251.4,4,1,0,7.0,30.0,Chennai,No
CUST102435,27.0,Male,2023-07-03,One year,No internet,Electronic check,30,66.04,2237.8,5,0,1,8.0,13.0,Hyderabad,Yes
CUST102888,33.0,Female,2024-05-31,Month-to-month,Fiber optic,Credit card,19,92.46,1901.09,5,1,0,8.0,29.0,Mumbai,No
CUST100646,45.0,Female,2025-09-01,Month-to-month,Fiber optic,Credit card,4,51.48,211.19,1,2,3,5.0,52.0,Chennai,Yes
CUST103890,23.0,Female,2023-10-09,Month-to-month,DSL,Credit card,27,64.43,1830.44,5,0,1,7.0,28.0,Chennai,No
CUST103556,35.0,Female,2025-01-07,One year,DSL,Credit card,12,41.97,472.27,4,0,1,9.0,31.0,Bengaluru,No
CUST103202,,Female,2023-09-19,One year,DSL,Mailed check,27,45.48,1332.02,4,1,1,7.0,16.0,Mumbai,No
CUST101528,18.0,Male,2025-05-15,One year,Fiber optic,Bank transfer,8,85.02,760.43,6,4,2,5.0,14.0,Mumbai,No
CUST101267,46.0,Female,2024-03-06,One year,DSL,Bank transfer,22,52.54,1282.65,4,0,1,7.0,27.0,Hyderabad,No
CUST101899,25.0,Female,2025-10-02,Month-to-month,Fiber optic,Electronic check,3,79.95,241.4,6,4,1,4.0,32.0,Chennai,Yes
CUST104658,31.0,Female,2023-02-16,Month-to-month,No internet,Credit card,34,57.09,1857.26,4,0,1,9.0,23.0,Hyderabad,No
CUST103005,32.0,Male,2024-04-28,Month-to-month,Fiber optic,Credit card,20,75.32,1579.42,7,2,1,7.0,9.0,Mumbai,Yes
CUST102734,38.0,Female,2023-05-05,Month-to-month,Fiber optic,Mailed check,32,69.19,2057.99,4,2,0,8.0,19.0,Mumbai,No
CUST100189,58.0,Male,2023-10-09,One year,No internet,Mailed check,27,78.39,2182.84,5,1,5,7.0,26.0,Mumbai,No
CUST101806,44.0,Female,2023-09-24,Month-to-month,DSL,Credit card,27,53.75,1508.34,4,2,1,6.0,26.0,Hyderabad,No
CUST100975,26.0,Male,2025-09-05,Month-to-month,Fiber optic,Credit card,4,47.61,202.55,3,1,2,8.0,9.0,Delhi,No
CUST102747,32.0,Female,2024-06-04,Month-to-month,No internet,Credit card,19,62.19,1213.39,5,2,1,7.0,39.0,Chennai,No
CUST102047,44.0,Female,2021-09-13,Month-to-month,DSL,Credit card,52,36.23,1791.77,2,1,2,7.0,17.0,Mumbai,No
CUST102558,55.0,Female,2025-09-21,Month-to-month,DSL,Credit card,3,41.78,124.8,5,0,1,8.0,29.0,Chennai,No
CUST101082,43.0,Male,2023-09-23,Month-to-month,Fiber optic,Electronic check,27,75.89,1865.14,6,1,1,6.0,20.0,Mumbai,No
CUST100474,45.0,Female,2021-08-15,Month-to-month,Fiber optic,Bank transfer,53,76.31,3805.77,3,0,2,7.0,30.0,Mumbai,No
CUST102904,33.0,Male,2021-12-17,One year,DSL,Electronic check,48,46.57,2239.35,2,3,1,6.0,17.0,Mumbai,No
CUST104843,24.0,Male,2021-05-30,One year,Fiber optic,Mailed check,55,74.25,3959.42,4,3,2,9.0,29.0,Bengaluru,No
CUST104117,50.0,Female,2022-11-17,Two year,Fiber optic,Mailed check,37,82.45,3028.96,4,0,1,6.0,2.0,Bengaluru,No
CUST103385,43.0,Female,2025-12-02,One year,Fiber optic,Mailed check,1,72.57,77.08,3,3,3,5.0,9.0,Pune,No
CUST104555,57.0,Female,2021-06-18,One year,DSL,Electronic check,54,42.15,2469.95,4,2,1,8.0,13.0,Delhi,No
CUST101184,38.0,Male,2025-01-11,Month-to-month,DSL,Electronic check,12,65.47,765.92,7,1,2,6.0,16.0,Hyderabad,No
CUST102433,39.0,Female,2023-05-11,Two year,DSL,Electronic check,32,34.06,937.81,3,3,2,7.0,8.0,Mumbai,No
CUST102391,46.0,Male,2022-09-20,One year,Fiber optic,Mailed check,39,59.17,2311.7,3,4,3,6.0,22.0,Pune,No
CUST100769,58.0,Female,2024-09-22,One year,Fiber optic,Credit card,15,60.78,807.88,3,0,1,8.0,9.0,Chennai,No
CUST101685,46.0,Female,2024-05-25,Month-to-month,Fiber optic,Electronic check,19,87.08,1637.88,6,2,2,6.0,12.0,Bengaluru,No
CUST100130,33.0,Male,2024-05-31,Month-to-month,Fiber optic,Bank transfer,19,63.78,1062.87,2,3,3,4.0,21.0,Hyderabad,No
CUST102919,49.0,Male,2023-06-10,Month-to-month,Fiber optic,Electronic check,31,73.62,2423.65,4,3,2,5.0,22.0,Pune,No
CUST103171,,Male,2023-07-26,Two year,No internet,Credit card,29,67.52,1988.98,4,2,0,7.0,6.0,Pune,No
CUST103444,51.0,Male,2024-02-08,Two year,DSL,Electronic check,23,37.16,838.12,4,1,2,6.0,27.0,Pune,No
CUST104426,40.0,Female,2021-07-03,Two year,Fiber optic,,54,47.9,2641.46,3,2,3,9.0,15.0,Chennai,No
CUST100466,34.0,Male,2022-02-21,Month-to-month,No internet,Bank transfer,46,49.67,2073.37,3,0,1,6.0,7.0,Bengaluru,No
CUST103092,49.0,Female,2024-02-17,One year,DSL,Bank transfer,22,25.42,511.13,2,3,0,7.0,35.0,Chennai,No
CUST103772,43.0,Male,2022-12-20,Two year,Fiber optic,Credit card,36,70.45,2394.24,3,3,1,4.0,47.0,Delhi,No
CUST100860,26.0,Female,2021-12-21,Month-to-month,Fiber optic,Mailed check,48,38.04,2016.17,2,0,1,9.0,15.0,Pune,No
